run_id,experiment_id,status,artifact_uri,start_time,end_time,metrics.best_val_precision,metrics.val_auprc,metrics.val_acc,metrics.best_val_accuracy,metrics.best_val_f1,metrics.train_acc,metrics.val_f1,metrics.best_epoch,metrics.train_loss,metrics.val_precision,metrics.best_val_auroc,metrics.best_val_auprc,metrics.best_val_recall,metrics.val_loss,metrics.best_val_loss,metrics.val_auroc,metrics.val_recall,metrics.mean_best_val_f1,metrics.pruned,params.monitor_metric,params.lr,params.max_epochs,params.patience,params.hidden_dims,params.dropout,params.embedder_name,params.batch_size,params.n_splits,tags.mlflow.parentRunId,tags.mlflow.source.type,tags.mlflow.runName,tags.mlflow.source.name,tags.mlflow.user,tags.mlflow.source.git.commit,metrics.final_epoch,metrics.mean_final_epoch
8d1a4a40a9d742cdacb55b87e6ae481f,759131238482572322,FINISHED,file:///home/pborole/timeseries-classification/timeseries-classification/mlruns/759131238482572322/8d1a4a40a9d742cdacb55b87e6ae481f/artifacts,2025-12-06 18:39:46.482000+00:00,2025-12-06 18:46:01.871000+00:00,0.872,0.9444879006441228,0.88268156424581,0.8938547486033519,0.919831223628692,0.8340306834030683,0.9090909090909092,21.0,0.4245001093446793,0.8823529411764706,0.9248400852878464,0.9388342108134504,0.9732142857142856,0.3280246479634466,0.3398649866937259,0.92977078891258,0.9375,,,,,,,,,,,,301bbbedac094834bb7663098e86d641,LOCAL,trial_49_fold_4,/home/pborole/timeseries-classification/timeseries-classification/src/modeling/hpo.py,pborole,10649ed5822e9b700ed1cc691e3a0c070b52d1bb,41.0,
7d22a24aa37647cb8fdef9525d7789a3,759131238482572322,FINISHED,file:///home/pborole/timeseries-classification/timeseries-classification/mlruns/759131238482572322/7d22a24aa37647cb8fdef9525d7789a3/artifacts,2025-12-06 18:32:12.095000+00:00,2025-12-06 18:39:46.431000+00:00,0.8983050847457628,0.959771336239997,0.8715083798882681,0.8994413407821229,0.9217391304347826,0.8396094839609484,0.9012875536480688,29.0,0.3639056872540105,0.8677685950413223,0.9357675906183368,0.9593742198627542,0.9464285714285714,0.3230574476693928,0.309454849333237,0.9357675906183368,0.9375,,,,,,,,,,,,301bbbedac094834bb7663098e86d641,LOCAL,trial_49_fold_3,/home/pborole/timeseries-classification/timeseries-classification/src/modeling/hpo.py,pborole,10649ed5822e9b700ed1cc691e3a0c070b52d1bb,49.0,
843a1df62a1a4a2bb14bd28f712a438d,759131238482572322,FINISHED,file:///home/pborole/timeseries-classification/timeseries-classification/mlruns/759131238482572322/843a1df62a1a4a2bb14bd28f712a438d/artifacts,2025-12-06 18:20:43.825000+00:00,2025-12-06 18:32:11.987000+00:00,0.816793893129771,0.8955510706899874,0.8044692737430168,0.8379888268156425,0.8806584362139918,0.8661087866108786,0.8559670781893004,55.0,0.306694454686246,0.7938931297709924,0.8694029850746269,0.9064310042879096,0.9553571428571428,0.4588777431229639,0.4309837230423975,0.8582089552238806,0.9285714285714286,,,,,,,,,,,,301bbbedac094834bb7663098e86d641,LOCAL,trial_49_fold_2,/home/pborole/timeseries-classification/timeseries-classification/src/modeling/hpo.py,pborole,10649ed5822e9b700ed1cc691e3a0c070b52d1bb,75.0,
2ea7ced1e4d64901a4a6bd89e1397b75,759131238482572322,FINISHED,file:///home/pborole/timeseries-classification/timeseries-classification/mlruns/759131238482572322/2ea7ced1e4d64901a4a6bd89e1397b75/artifacts,2025-12-06 18:15:46.811000+00:00,2025-12-06 18:20:43.746000+00:00,0.8455284552845529,0.933442494368432,0.8324022346368715,0.8491620111731844,0.8851063829787233,0.8633193863319386,0.8717948717948718,12.0,0.387256565536249,0.8360655737704918,0.8884594882729211,0.9204495300137824,0.9285714285714286,0.3804119806632649,0.3913542621212298,0.9009861407249466,0.9107142857142856,,,,,,,,,,,,301bbbedac094834bb7663098e86d641,LOCAL,trial_49_fold_1,/home/pborole/timeseries-classification/timeseries-classification/src/modeling/hpo.py,pborole,10649ed5822e9b700ed1cc691e3a0c070b52d1bb,32.0,
a39905d8cba449f085a747974e21284b,759131238482572322,FINISHED,file:///home/pborole/timeseries-classification/timeseries-classification/mlruns/759131238482572322/a39905d8cba449f085a747974e21284b/artifacts,2025-12-06 18:06:38.645000+00:00,2025-12-06 18:15:46.784000+00:00,0.848,0.9169832368230922,0.8444444444444444,0.8611111111111112,0.8945147679324894,0.8631284916201117,0.8833333333333333,39.0,0.3638315421409447,0.828125,0.8865546218487395,0.912749447043917,0.9464285714285714,0.4214810841613345,0.4070232315195931,0.8885241596638654,0.9464285714285714,,,,,,,,,,,,301bbbedac094834bb7663098e86d641,LOCAL,trial_49_fold_0,/home/pborole/timeseries-classification/timeseries-classification/src/modeling/hpo.py,pborole,10649ed5822e9b700ed1cc691e3a0c070b52d1bb,59.0,
301bbbedac094834bb7663098e86d641,759131238482572322,FINISHED,file:///home/pborole/timeseries-classification/timeseries-classification/mlruns/759131238482572322/301bbbedac094834bb7663098e86d641/artifacts,2025-12-06 18:06:38.056000+00:00,2025-12-06 18:46:02.142000+00:00,,,,,,,,,,,,,,,,,,0.9003699882377358,,f1,0.0012491077107296,250.0,20.0,"[20, 10]",0.3987554187285623,MOMENT-1-base,16.0,5.0,,LOCAL,trial_49,/home/pborole/timeseries-classification/timeseries-classification/src/modeling/hpo.py,pborole,10649ed5822e9b700ed1cc691e3a0c070b52d1bb,,43.0
a354681a8c414e0f8ba1fea66f1dbf22,759131238482572322,FINISHED,file:///home/pborole/timeseries-classification/timeseries-classification/mlruns/759131238482572322/a354681a8c414e0f8ba1fea66f1dbf22/artifacts,2025-12-06 17:59:52.052000+00:00,2025-12-06 18:06:37.648000+00:00,0.8790322580645161,0.9465307795478296,0.88268156424581,0.8994413407821229,0.923728813559322,0.8451882845188284,0.9098712446351932,25.0,0.4007302661487414,0.8760330578512396,0.9327025586353944,0.9474090243673876,0.9732142857142856,0.310019481115501,0.3232228714327572,0.9329690831556504,0.9464285714285714,,,,,,,,,,,,b985f9bebfdf4ea28fdb679a6b27ddf1,LOCAL,trial_48_fold_4,/home/pborole/timeseries-classification/timeseries-classification/src/modeling/hpo.py,pborole,10649ed5822e9b700ed1cc691e3a0c070b52d1bb,45.0,
bb7c16143f4b47758e3359414aefad2a,759131238482572322,FINISHED,file:///home/pborole/timeseries-classification/timeseries-classification/mlruns/759131238482572322/bb7c16143f4b47758e3359414aefad2a/artifacts,2025-12-06 17:55:18.438000+00:00,2025-12-06 17:59:51.975000+00:00,0.9043478260869564,0.9525912517970468,0.8770949720670391,0.8938547486033519,0.9162995594713657,0.8423988842398884,0.905982905982906,11.0,0.3932466221820028,0.8688524590163934,0.9347014925373136,0.9573592427253432,0.9285714285714286,0.3283431899614174,0.3350435167384547,0.929504264392324,0.9464285714285714,,,,,,,,,,,,b985f9bebfdf4ea28fdb679a6b27ddf1,LOCAL,trial_48_fold_3,/home/pborole/timeseries-classification/timeseries-classification/src/modeling/hpo.py,pborole,10649ed5822e9b700ed1cc691e3a0c070b52d1bb,31.0,
e1de17a9281344ae94527d886bfc6784,759131238482572322,FINISHED,file:///home/pborole/timeseries-classification/timeseries-classification/mlruns/759131238482572322/e1de17a9281344ae94527d886bfc6784/artifacts,2025-12-06 17:42:46.816000+00:00,2025-12-06 17:55:18.048000+00:00,0.84251968503937,0.9108493651455298,0.8324022346368715,0.8603351955307262,0.895397489539749,0.8619246861924686,0.875,64.0,0.3211182463119219,0.8203125,0.8702025586353945,0.896755407239145,0.9553571428571428,0.4480476254524465,0.4382070534389112,0.8738006396588487,0.9375,,,,,,,,,,,,b985f9bebfdf4ea28fdb679a6b27ddf1,LOCAL,trial_48_fold_2,/home/pborole/timeseries-classification/timeseries-classification/src/modeling/hpo.py,pborole,10649ed5822e9b700ed1cc691e3a0c070b52d1bb,84.0,
46ed87a2737f49d29f032436344c1e24,759131238482572322,FINISHED,file:///home/pborole/timeseries-classification/timeseries-classification/mlruns/759131238482572322/46ed87a2737f49d29f032436344c1e24/artifacts,2025-12-06 17:37:59.729000+00:00,2025-12-06 17:42:46.732000+00:00,0.84,0.9312298244687878,0.8379888268156425,0.8491620111731844,0.8860759493670886,0.8493723849372385,0.8776371308016878,12.0,0.3953367444677499,0.832,0.8900586353944563,0.919203912841952,0.9375,0.3755380411387822,0.3881547076409089,0.9003198294243071,0.9285714285714286,,,,,,,,,,,,b985f9bebfdf4ea28fdb679a6b27ddf1,LOCAL,trial_48_fold_1,/home/pborole/timeseries-classification/timeseries-classification/src/modeling/hpo.py,pborole,10649ed5822e9b700ed1cc691e3a0c070b52d1bb,32.0,
5e9914ece5e34277bfcb45ac36fede1c,759131238482572322,FINISHED,file:///home/pborole/timeseries-classification/timeseries-classification/mlruns/759131238482572322/5e9914ece5e34277bfcb45ac36fede1c/artifacts,2025-12-06 17:32:46.166000+00:00,2025-12-06 17:37:59.667000+00:00,0.8372093023255814,0.9151948850919636,0.85,0.8611111111111112,0.8962655601659751,0.8365921787709497,0.8870292887029289,15.0,0.381123639726439,0.8346456692913385,0.8801207983193278,0.903583462330348,0.9642857142857144,0.3992353859874937,0.4099876715077294,0.8899684873949579,0.9464285714285714,,,,,,,,,,,,b985f9bebfdf4ea28fdb679a6b27ddf1,LOCAL,trial_48_fold_0,/home/pborole/timeseries-classification/timeseries-classification/src/modeling/hpo.py,pborole,10649ed5822e9b700ed1cc691e3a0c070b52d1bb,35.0,
b985f9bebfdf4ea28fdb679a6b27ddf1,759131238482572322,FINISHED,file:///home/pborole/timeseries-classification/timeseries-classification/mlruns/759131238482572322/b985f9bebfdf4ea28fdb679a6b27ddf1/artifacts,2025-12-06 17:32:45.795000+00:00,2025-12-06 18:06:37.790000+00:00,,,,,,,,,,,,,,,,,,0.9035534744207,,f1,0.0011743110970687,250.0,20.0,"[20, 10]",0.3503112223348747,MOMENT-1-base,20.0,5.0,,LOCAL,trial_48,/home/pborole/timeseries-classification/timeseries-classification/src/modeling/hpo.py,pborole,10649ed5822e9b700ed1cc691e3a0c070b52d1bb,,22.0
47160e3875b24d3b82ba94029b59732f,759131238482572322,FINISHED,file:///home/pborole/timeseries-classification/timeseries-classification/mlruns/759131238482572322/47160e3875b24d3b82ba94029b59732f/artifacts,2025-12-06 17:28:30.775000+00:00,2025-12-06 17:32:45.493000+00:00,0.8780487804878049,0.9381542404457246,0.8715083798882681,0.8938547486033519,0.9191489361702128,0.8270571827057183,0.9004329004329005,8.0,0.4383390747852405,0.8739495798319328,0.9223081023454158,0.9299932655565828,0.9642857142857144,0.3144644938367705,0.4012242054473088,0.9280383795309168,0.9285714285714286,,,,,,,,,,,,6016e8ade1c041b28192706e8bc0c83c,LOCAL,trial_47_fold_4,/home/pborole/timeseries-classification/timeseries-classification/src/modeling/hpo.py,pborole,10649ed5822e9b700ed1cc691e3a0c070b52d1bb,28.0,
76e8353f1424464992efd3b28e04a856,759131238482572322,FINISHED,file:///home/pborole/timeseries-classification/timeseries-classification/mlruns/759131238482572322/76e8353f1424464992efd3b28e04a856/artifacts,2025-12-06 17:24:29.628000+00:00,2025-12-06 17:28:30.683000+00:00,0.8974358974358975,0.9567902573113788,0.8603351955307262,0.8938547486033519,0.9170305676855895,0.7880055788005579,0.8945147679324894,6.0,0.4813719312017432,0.848,0.933768656716418,0.9577800906961152,0.9375,0.3885661245391356,0.4152770611826934,0.9331023454157782,0.9464285714285714,,,,,,,,,,,,6016e8ade1c041b28192706e8bc0c83c,LOCAL,trial_47_fold_3,/home/pborole/timeseries-classification/timeseries-classification/src/modeling/hpo.py,pborole,10649ed5822e9b700ed1cc691e3a0c070b52d1bb,26.0,
da85e871772f48c3ac1c90a6751793a2,759131238482572322,FINISHED,file:///home/pborole/timeseries-classification/timeseries-classification/mlruns/759131238482572322/da85e871772f48c3ac1c90a6751793a2/artifacts,2025-12-06 17:20:34.113000+00:00,2025-12-06 17:24:29.577000+00:00,0.7769784172661871,0.9001308997203923,0.7430167597765364,0.8044692737430168,0.8605577689243028,0.8228730822873083,0.8257575757575758,6.0,0.4036529703245003,0.7171052631578947,0.8406183368869935,0.8748876745984169,0.9642857142857144,0.492537570399279,0.4606351824113111,0.857542643923241,0.9732142857142856,,,,,,,,,,,,6016e8ade1c041b28192706e8bc0c83c,LOCAL,trial_47_fold_2,/home/pborole/timeseries-classification/timeseries-classification/src/modeling/hpo.py,pborole,10649ed5822e9b700ed1cc691e3a0c070b52d1bb,26.0,
c2ec43ebe4a549979dcb1db51e0b76e7,759131238482572322,FINISHED,file:///home/pborole/timeseries-classification/timeseries-classification/mlruns/759131238482572322/c2ec43ebe4a549979dcb1db51e0b76e7/artifacts,2025-12-06 17:14:55.839000+00:00,2025-12-06 17:20:33.999000+00:00,0.84,0.9343161117356004,0.8324022346368715,0.8491620111731844,0.8860759493670886,0.7447698744769874,0.8717948717948718,17.0,0.5001344445110864,0.8360655737704918,0.8949893390191898,0.9257259441704192,0.9375,0.3899627940614796,0.3894435663463017,0.9097148187633264,0.9107142857142856,,,,,,,,,,,,6016e8ade1c041b28192706e8bc0c83c,LOCAL,trial_47_fold_1,/home/pborole/timeseries-classification/timeseries-classification/src/modeling/hpo.py,pborole,10649ed5822e9b700ed1cc691e3a0c070b52d1bb,37.0,
1f4f090411b44619a2bb96d43e49a4e7,759131238482572322,FINISHED,file:///home/pborole/timeseries-classification/timeseries-classification/mlruns/759131238482572322/1f4f090411b44619a2bb96d43e49a4e7/artifacts,2025-12-06 17:05:43.306000+00:00,2025-12-06 17:14:55.795000+00:00,0.84251968503937,0.9177630261731295,0.8388888888888889,0.8611111111111112,0.895397489539749,0.8212290502793296,0.8722466960352423,41.0,0.4325408405681562,0.8608695652173913,0.8839942226890756,0.9089155907525192,0.9553571428571428,0.4084600836038589,0.4179875403642654,0.890625,0.8839285714285714,,,,,,,,,,,,6016e8ade1c041b28192706e8bc0c83c,LOCAL,trial_47_fold_0,/home/pborole/timeseries-classification/timeseries-classification/src/modeling/hpo.py,pborole,10649ed5822e9b700ed1cc691e3a0c070b52d1bb,61.0,
6016e8ade1c041b28192706e8bc0c83c,759131238482572322,FAILED,file:///home/pborole/timeseries-classification/timeseries-classification/mlruns/759131238482572322/6016e8ade1c041b28192706e8bc0c83c/artifacts,2025-12-06 17:05:42.816000+00:00,2025-12-06 17:32:45.562000+00:00,,,,,,,,,,,,,,,,,,,1.0,f1,0.0080635061575707,250.0,20.0,"[20, 10]",0.4947306277660575,MOMENT-1-base,18.0,5.0,,LOCAL,trial_47,/home/pborole/timeseries-classification/timeseries-classification/src/modeling/hpo.py,pborole,10649ed5822e9b700ed1cc691e3a0c070b52d1bb,,35.0
366ce931d2924135a1cd82801ae404be,759131238482572322,FINISHED,file:///home/pborole/timeseries-classification/timeseries-classification/mlruns/759131238482572322/366ce931d2924135a1cd82801ae404be/artifacts,2025-12-06 17:00:23.993000+00:00,2025-12-06 17:05:42.328000+00:00,0.872,0.9546368890703438,0.888268156424581,0.8938547486033519,0.919831223628692,0.8228730822873083,0.9145299145299144,15.0,0.3755864692823324,0.8770491803278688,0.9277718550106612,0.9426201732276172,0.9732142857142856,0.2814183955252503,0.290344749416053,0.9412313432835822,0.9553571428571428,,,,,,,,,,,,86047a9c2cdd46c28237bef914eea4fd,LOCAL,trial_46_fold_4,/home/pborole/timeseries-classification/timeseries-classification/src/modeling/hpo.py,pborole,10649ed5822e9b700ed1cc691e3a0c070b52d1bb,35.0,
3de6e1892d4a4503b5793f7f21bfcece,759131238482572322,FINISHED,file:///home/pborole/timeseries-classification/timeseries-classification/mlruns/759131238482572322/3de6e1892d4a4503b5793f7f21bfcece/artifacts,2025-12-06 16:55:02.349000+00:00,2025-12-06 17:00:23.792000+00:00,0.9130434782608696,0.9554205436375516,0.8603351955307262,0.905027932960894,0.9251101321585904,0.8423988842398884,0.8945147679324894,15.0,0.3575436887922313,0.848,0.935501066098081,0.9573410318849176,0.9375,0.3750110445075861,0.3467796696297949,0.929837420042644,0.9464285714285714,,,,,,,,,,,,86047a9c2cdd46c28237bef914eea4fd,LOCAL,trial_46_fold_3,/home/pborole/timeseries-classification/timeseries-classification/src/modeling/hpo.py,pborole,10649ed5822e9b700ed1cc691e3a0c070b52d1bb,35.0,
76fb1a29be99499b8e9cbbbeb7f60c29,759131238482572322,FINISHED,file:///home/pborole/timeseries-classification/timeseries-classification/mlruns/759131238482572322/76fb1a29be99499b8e9cbbbeb7f60c29/artifacts,2025-12-06 16:47:44.082000+00:00,2025-12-06 16:55:02.282000+00:00,0.816793893129771,0.8931929258302946,0.8044692737430168,0.8379888268156425,0.8806584362139918,0.8605299860529986,0.8571428571428571,28.0,0.3228415011154225,0.7894736842105263,0.8675373134328358,0.8977165985219066,0.9553571428571428,0.4783440404597607,0.4325594204431139,0.8527452025586354,0.9375,,,,,,,,,,,,86047a9c2cdd46c28237bef914eea4fd,LOCAL,trial_46_fold_2,/home/pborole/timeseries-classification/timeseries-classification/src/modeling/hpo.py,pborole,10649ed5822e9b700ed1cc691e3a0c070b52d1bb,48.0,
7c72c5417d124a9eb3cc1d8615832f1b,759131238482572322,FINISHED,file:///home/pborole/timeseries-classification/timeseries-classification/mlruns/759131238482572322/7c72c5417d124a9eb3cc1d8615832f1b/artifacts,2025-12-06 16:42:28.906000+00:00,2025-12-06 16:47:43.980000+00:00,0.8320610687022901,0.9299635558041328,0.8379888268156425,0.8603351955307262,0.897119341563786,0.8549511854951185,0.8776371308016878,15.0,0.3528677506302191,0.832,0.9008528784648188,0.934308004009688,0.9732142857142856,0.4046255299748655,0.4135600039579349,0.8955223880597015,0.9285714285714286,,,,,,,,,,,,86047a9c2cdd46c28237bef914eea4fd,LOCAL,trial_46_fold_1,/home/pborole/timeseries-classification/timeseries-classification/src/modeling/hpo.py,pborole,10649ed5822e9b700ed1cc691e3a0c070b52d1bb,35.0,
3b9035bdd3024ad490c20b20562f4ffa,759131238482572322,FINISHED,file:///home/pborole/timeseries-classification/timeseries-classification/mlruns/759131238482572322/3b9035bdd3024ad490c20b20562f4ffa/artifacts,2025-12-06 16:34:26.543000+00:00,2025-12-06 16:42:28.794000+00:00,0.8372093023255814,0.9260114433856796,0.8555555555555555,0.8611111111111112,0.8962655601659751,0.8659217877094972,0.8869565217391304,33.0,0.3372456441898752,0.864406779661017,0.8966649159663865,0.9258326087943208,0.9642857142857144,0.4225232486923536,0.417906477716234,0.8973870798319328,0.9107142857142856,,,,,,,,,,,,86047a9c2cdd46c28237bef914eea4fd,LOCAL,trial_46_fold_0,/home/pborole/timeseries-classification/timeseries-classification/src/modeling/hpo.py,pborole,10649ed5822e9b700ed1cc691e3a0c070b52d1bb,53.0,
86047a9c2cdd46c28237bef914eea4fd,759131238482572322,FINISHED,file:///home/pborole/timeseries-classification/timeseries-classification/mlruns/759131238482572322/86047a9c2cdd46c28237bef914eea4fd/artifacts,2025-12-06 16:34:25.890000+00:00,2025-12-06 17:05:42.449000+00:00,,,,,,,,,,,,,,,,,,0.9037969387462071,,f1,0.0074124750576858,250.0,20.0,"[20, 10]",0.1937746482612693,MOMENT-1-base,19.0,5.0,,LOCAL,trial_46,/home/pborole/timeseries-classification/timeseries-classification/src/modeling/hpo.py,pborole,10649ed5822e9b700ed1cc691e3a0c070b52d1bb,,51.0
bb47b7e708834ae6a03359bf4053ba55,759131238482572322,FINISHED,file:///home/pborole/timeseries-classification/timeseries-classification/mlruns/759131238482572322/bb47b7e708834ae6a03359bf4053ba55/artifacts,2025-12-06 16:25:36.892000+00:00,2025-12-06 16:34:25.424000+00:00,0.8790322580645161,0.94323105592165,0.888268156424581,0.8994413407821229,0.923728813559322,0.8200836820083682,0.9152542372881356,41.0,0.3881956286510164,0.8709677419354839,0.9320362473347548,0.941837901416602,0.9732142857142856,0.3086996391498843,0.2990121501784085,0.9303038379530916,0.9642857142857144,,,,,,,,,,,,0604f78dd13d4148936b4eedecdd2549,LOCAL,trial_45_fold_4,/home/pborole/timeseries-classification/timeseries-classification/src/modeling/hpo.py,pborole,10649ed5822e9b700ed1cc691e3a0c070b52d1bb,61.0,
87464b3a971a498986f063a0c02ee58a,759131238482572322,FINISHED,file:///home/pborole/timeseries-classification/timeseries-classification/mlruns/759131238482572322/87464b3a971a498986f063a0c02ee58a/artifacts,2025-12-06 16:19:01.598000+00:00,2025-12-06 16:25:36.857000+00:00,0.8916666666666667,0.959908743564417,0.8770949720670391,0.8994413407821229,0.9224137931034484,0.8479776847977685,0.9067796610169492,26.0,0.3471107206085237,0.8629032258064516,0.9305703624733476,0.9537875546107396,0.9553571428571428,0.337343087326215,0.3369305585016751,0.9363006396588486,0.9553571428571428,,,,,,,,,,,,0604f78dd13d4148936b4eedecdd2549,LOCAL,trial_45_fold_3,/home/pborole/timeseries-classification/timeseries-classification/src/modeling/hpo.py,pborole,10649ed5822e9b700ed1cc691e3a0c070b52d1bb,46.0,
c9b29cad31a3416ba08dfd8c288f4c5a,759131238482572322,FINISHED,file:///home/pborole/timeseries-classification/timeseries-classification/mlruns/759131238482572322/c9b29cad31a3416ba08dfd8c288f4c5a/artifacts,2025-12-06 16:11:50.272000+00:00,2025-12-06 16:19:01.500000+00:00,0.803030303030303,0.9043356765452816,0.8212290502793296,0.8212290502793296,0.8688524590163934,0.8549511854951185,0.8688524590163934,30.0,0.3528689257021229,0.803030303030303,0.8635394456289979,0.9032002305190464,0.9464285714285714,0.453448592617525,0.4363136604511538,0.8687366737739872,0.9464285714285714,,,,,,,,,,,,0604f78dd13d4148936b4eedecdd2549,LOCAL,trial_45_fold_2,/home/pborole/timeseries-classification/timeseries-classification/src/modeling/hpo.py,pborole,10649ed5822e9b700ed1cc691e3a0c070b52d1bb,50.0,
a21ce1cf1be743dfab00e2316c52bb2a,759131238482572322,FINISHED,file:///home/pborole/timeseries-classification/timeseries-classification/mlruns/759131238482572322/a21ce1cf1be743dfab00e2316c52bb2a/artifacts,2025-12-06 16:04:34.220000+00:00,2025-12-06 16:11:50.114000+00:00,0.828125,0.9339357721896334,0.8268156424581006,0.8435754189944135,0.8833333333333333,0.8675034867503487,0.869198312236287,30.0,0.3552881786015243,0.824,0.9017857142857142,0.9348820863338236,0.9464285714285714,0.3972082214648497,0.3837073128982629,0.8972547974413646,0.9196428571428572,,,,,,,,,,,,0604f78dd13d4148936b4eedecdd2549,LOCAL,trial_45_fold_1,/home/pborole/timeseries-classification/timeseries-classification/src/modeling/hpo.py,pborole,10649ed5822e9b700ed1cc691e3a0c070b52d1bb,50.0,
581bbb8d96a740a69d46092babeaddb1,759131238482572322,FINISHED,file:///home/pborole/timeseries-classification/timeseries-classification/mlruns/759131238482572322/581bbb8d96a740a69d46092babeaddb1/artifacts,2025-12-06 15:59:24.435000+00:00,2025-12-06 16:04:34.184000+00:00,0.84251968503937,0.9168551408742176,0.85,0.8611111111111112,0.895397489539749,0.8463687150837989,0.8870292887029289,16.0,0.3622931563737672,0.8346456692913385,0.8834033613445378,0.9101582685859828,0.9553571428571428,0.4125294337670008,0.4229453057050705,0.8894432773109244,0.9464285714285714,,,,,,,,,,,,0604f78dd13d4148936b4eedecdd2549,LOCAL,trial_45_fold_0,/home/pborole/timeseries-classification/timeseries-classification/src/modeling/hpo.py,pborole,10649ed5822e9b700ed1cc691e3a0c070b52d1bb,36.0,
0604f78dd13d4148936b4eedecdd2549,759131238482572322,FAILED,file:///home/pborole/timeseries-classification/timeseries-classification/mlruns/759131238482572322/0604f78dd13d4148936b4eedecdd2549/artifacts,2025-12-06 15:59:23.959000+00:00,2025-12-06 16:34:25.589000+00:00,,,,,,,,,,,,,,,,,,,1.0,f1,0.0028134178982007,250.0,20.0,"[20, 10]",0.2280605136980809,MOMENT-1-base,30.0,5.0,,LOCAL,trial_45,/home/pborole/timeseries-classification/timeseries-classification/src/modeling/hpo.py,pborole,10649ed5822e9b700ed1cc691e3a0c070b52d1bb,,47.0
df6ab0251ef146b4a1c8428315ccbeb9,759131238482572322,FINISHED,file:///home/pborole/timeseries-classification/timeseries-classification/mlruns/759131238482572322/df6ab0251ef146b4a1c8428315ccbeb9/artifacts,2025-12-06 15:54:41.703000+00:00,2025-12-06 15:59:23.670000+00:00,0.8907563025210085,0.957072502979812,0.8547486033519553,0.8938547486033519,0.9177489177489178,0.8423988842398884,0.8916666666666667,13.0,0.4055014711751432,0.8359375,0.9324360341151386,0.9565072856540272,0.9464285714285714,0.3472947186930885,0.3200501231840869,0.9348347547974414,0.9553571428571428,,,,,,,,,,,,a571bc6ea5254437b650b5dc013665ca,LOCAL,trial_44_fold_3,/home/pborole/timeseries-classification/timeseries-classification/src/modeling/hpo.py,pborole,10649ed5822e9b700ed1cc691e3a0c070b52d1bb,33.0,
03cb31499e6d4acebb2a3cf70f8f3b64,759131238482572322,FINISHED,file:///home/pborole/timeseries-classification/timeseries-classification/mlruns/759131238482572322/03cb31499e6d4acebb2a3cf70f8f3b64/artifacts,2025-12-06 15:49:16.749000+00:00,2025-12-06 15:54:41.580000+00:00,0.7898550724637681,0.8970575103343208,0.776536312849162,0.8212290502793296,0.872,0.8396094839609484,0.84,18.0,0.3755718114236409,0.7608695652173914,0.8610074626865672,0.9029194159593938,0.9732142857142856,0.4809421958537075,0.4468765565136957,0.8546108742004265,0.9375,,,,,,,,,,,,a571bc6ea5254437b650b5dc013665ca,LOCAL,trial_44_fold_2,/home/pborole/timeseries-classification/timeseries-classification/src/modeling/hpo.py,pborole,10649ed5822e9b700ed1cc691e3a0c070b52d1bb,38.0,
515862f00fdf45f0af31f05c9b251011,759131238482572322,FINISHED,file:///home/pborole/timeseries-classification/timeseries-classification/mlruns/759131238482572322/515862f00fdf45f0af31f05c9b251011/artifacts,2025-12-06 15:45:18.004000+00:00,2025-12-06 15:49:16.727000+00:00,0.84,0.9251647357254515,0.8379888268156425,0.8491620111731844,0.8860759493670886,0.8423988842398884,0.8755364806866953,8.0,0.410297173752113,0.8429752066115702,0.8892590618336887,0.9206615571993948,0.9375,0.3967915472038631,0.4214660400451894,0.8889925373134329,0.9107142857142856,,,,,,,,,,,,a571bc6ea5254437b650b5dc013665ca,LOCAL,trial_44_fold_1,/home/pborole/timeseries-classification/timeseries-classification/src/modeling/hpo.py,pborole,10649ed5822e9b700ed1cc691e3a0c070b52d1bb,28.0,
35c757d4e6124bd8b7fa932985fa11d8,759131238482572322,FINISHED,file:///home/pborole/timeseries-classification/timeseries-classification/mlruns/759131238482572322/35c757d4e6124bd8b7fa932985fa11d8/artifacts,2025-12-06 15:39:37.049000+00:00,2025-12-06 15:45:17.645000+00:00,0.8307692307692308,0.9120614708059545,0.85,0.8555555555555555,0.8925619834710744,0.8449720670391061,0.8860759493670886,20.0,0.3902144863493949,0.84,0.8864233193277312,0.9087203598957192,0.9642857142857144,0.3996503127945794,0.4224702990717358,0.8851102941176471,0.9375,,,,,,,,,,,,a571bc6ea5254437b650b5dc013665ca,LOCAL,trial_44_fold_0,/home/pborole/timeseries-classification/timeseries-classification/src/modeling/hpo.py,pborole,10649ed5822e9b700ed1cc691e3a0c070b52d1bb,40.0,
a571bc6ea5254437b650b5dc013665ca,759131238482572322,FAILED,file:///home/pborole/timeseries-classification/timeseries-classification/mlruns/759131238482572322/a571bc6ea5254437b650b5dc013665ca/artifacts,2025-12-06 15:39:36.628000+00:00,2025-12-06 15:59:23.752000+00:00,,,,,,,,,,,,,,,,,,,1.0,f1,0.0043506446957736,250.0,20.0,"[20, 10]",0.2790124489919872,MOMENT-1-base,34.0,5.0,,LOCAL,trial_44,/home/pborole/timeseries-classification/timeseries-classification/src/modeling/hpo.py,pborole,10649ed5822e9b700ed1cc691e3a0c070b52d1bb,,36.0
da4db128120b4b7798d0b32d805c5fc8,759131238482572322,FINISHED,file:///home/pborole/timeseries-classification/timeseries-classification/mlruns/759131238482572322/da4db128120b4b7798d0b32d805c5fc8/artifacts,2025-12-06 15:31:44.934000+00:00,2025-12-06 15:39:36.402000+00:00,0.9051724137931034,0.9482426162426638,0.888268156424581,0.8994413407821229,0.9210526315789472,0.8340306834030683,0.9130434782608696,33.0,0.3687596719301562,0.8898305084745762,0.9332356076759062,0.9458701284420356,0.9375,0.3020417103804023,0.3007347704582541,0.9331689765458422,0.9375,,,,,,,,,,,,e4cd32e19ff94d7992bfeee4f81956d5,LOCAL,trial_43_fold_4,/home/pborole/timeseries-classification/timeseries-classification/src/modeling/hpo.py,pborole,10649ed5822e9b700ed1cc691e3a0c070b52d1bb,53.0,
d5756a678ba243779a6cd68f10ef8970,759131238482572322,FINISHED,file:///home/pborole/timeseries-classification/timeseries-classification/mlruns/759131238482572322/d5756a678ba243779a6cd68f10ef8970/artifacts,2025-12-06 15:24:42.507000+00:00,2025-12-06 15:31:44.751000+00:00,0.9203539823008848,0.9569465663349368,0.8770949720670391,0.905027932960894,0.9244444444444444,0.8702928870292888,0.9051724137931034,27.0,0.306224384255489,0.875,0.945495735607676,0.967499226880754,0.9285714285714286,0.3877175201443362,0.3438129835038878,0.9285714285714286,0.9375,,,,,,,,,,,,e4cd32e19ff94d7992bfeee4f81956d5,LOCAL,trial_43_fold_3,/home/pborole/timeseries-classification/timeseries-classification/src/modeling/hpo.py,pborole,10649ed5822e9b700ed1cc691e3a0c070b52d1bb,47.0,
4d2475f95d8649cfa77e27b32121f08e,759131238482572322,FINISHED,file:///home/pborole/timeseries-classification/timeseries-classification/mlruns/759131238482572322/4d2475f95d8649cfa77e27b32121f08e/artifacts,2025-12-06 15:18:10.647000+00:00,2025-12-06 15:24:42.409000+00:00,0.7867647058823529,0.8977625790116185,0.7932960893854749,0.8100558659217877,0.8629032258064516,0.8675034867503487,0.8502024291497976,24.0,0.3332520861339702,0.7777777777777778,0.8606076759061834,0.8865006243902448,0.9553571428571428,0.5291074508561768,0.4757036248731879,0.8590085287846482,0.9375,,,,,,,,,,,,e4cd32e19ff94d7992bfeee4f81956d5,LOCAL,trial_43_fold_2,/home/pborole/timeseries-classification/timeseries-classification/src/modeling/hpo.py,pborole,10649ed5822e9b700ed1cc691e3a0c070b52d1bb,44.0,
3ce19b56735449e8a366e48aa72df1d7,759131238482572322,FINISHED,file:///home/pborole/timeseries-classification/timeseries-classification/mlruns/759131238482572322/3ce19b56735449e8a366e48aa72df1d7/artifacts,2025-12-06 15:11:41.534000+00:00,2025-12-06 15:18:10.524000+00:00,0.8536585365853658,0.9076752055457056,0.8379888268156425,0.8603351955307262,0.8936170212765957,0.8716875871687587,0.8755364806866953,23.0,0.3447194074487087,0.8429752066115702,0.904317697228145,0.9194394367146662,0.9375,0.3796065648258065,0.3545146667757514,0.896721748400853,0.9107142857142856,,,,,,,,,,,,e4cd32e19ff94d7992bfeee4f81956d5,LOCAL,trial_43_fold_1,/home/pborole/timeseries-classification/timeseries-classification/src/modeling/hpo.py,pborole,10649ed5822e9b700ed1cc691e3a0c070b52d1bb,43.0,
7d79b33e76ee4edb8aece259e37dac35,759131238482572322,FINISHED,file:///home/pborole/timeseries-classification/timeseries-classification/mlruns/759131238482572322/7d79b33e76ee4edb8aece259e37dac35/artifacts,2025-12-06 15:04:56.460000+00:00,2025-12-06 15:11:41.490000+00:00,0.84375,0.921192178433594,0.8388888888888889,0.8666666666666667,0.9,0.8575418994413407,0.8755364806866953,26.0,0.3427226218764342,0.8429752066115702,0.8884585084033614,0.9122927555354478,0.9642857142857144,0.3978100856145223,0.4332079369160864,0.8944984243697479,0.9107142857142856,,,,,,,,,,,,e4cd32e19ff94d7992bfeee4f81956d5,LOCAL,trial_43_fold_0,/home/pborole/timeseries-classification/timeseries-classification/src/modeling/hpo.py,pborole,10649ed5822e9b700ed1cc691e3a0c070b52d1bb,46.0,
e4cd32e19ff94d7992bfeee4f81956d5,759131238482572322,FINISHED,file:///home/pborole/timeseries-classification/timeseries-classification/mlruns/759131238482572322/e4cd32e19ff94d7992bfeee4f81956d5/artifacts,2025-12-06 15:04:55.827000+00:00,2025-12-06 15:39:36.462000+00:00,,,,,,,,,,,,,,,,,,0.900403464621288,,f1,0.007193657724403,250.0,20.0,"[20, 10]",0.1491900648324885,MOMENT-1-base,22.0,5.0,,LOCAL,trial_43,/home/pborole/timeseries-classification/timeseries-classification/src/modeling/hpo.py,pborole,10649ed5822e9b700ed1cc691e3a0c070b52d1bb,,43.0
bccd95859d80409a8353b615f1aca726,759131238482572322,FINISHED,file:///home/pborole/timeseries-classification/timeseries-classification/mlruns/759131238482572322/bccd95859d80409a8353b615f1aca726/artifacts,2025-12-06 14:59:13.730000+00:00,2025-12-06 15:04:55.380000+00:00,0.8916666666666667,0.9469956466225332,0.8938547486033519,0.8994413407821229,0.9224137931034484,0.8633193863319386,0.9177489177489178,19.0,0.3646747632006721,0.8907563025210085,0.9287046908315566,0.9449307752234992,0.9553571428571428,0.2878485808991853,0.2979887123713946,0.9382995735607677,0.9464285714285714,,,,,,,,,,,,cbe52fb6910f4db291666d09275a9f23,LOCAL,trial_42_fold_4,/home/pborole/timeseries-classification/timeseries-classification/src/modeling/hpo.py,pborole,10649ed5822e9b700ed1cc691e3a0c070b52d1bb,39.0,
9045db48ec444404854683904578bf1a,759131238482572322,FINISHED,file:///home/pborole/timeseries-classification/timeseries-classification/mlruns/759131238482572322/9045db48ec444404854683904578bf1a/artifacts,2025-12-06 14:51:36.388000+00:00,2025-12-06 14:59:13.698000+00:00,0.8907563025210085,0.9592474686979964,0.8379888268156425,0.8938547486033519,0.9177489177489178,0.8423988842398884,0.8806584362139918,33.0,0.373720681754615,0.816793893129771,0.9349013859275054,0.9566316824028256,0.9464285714285714,0.3556864625831556,0.3263434289470731,0.9349013859275052,0.9553571428571428,,,,,,,,,,,,cbe52fb6910f4db291666d09275a9f23,LOCAL,trial_42_fold_3,/home/pborole/timeseries-classification/timeseries-classification/src/modeling/hpo.py,pborole,10649ed5822e9b700ed1cc691e3a0c070b52d1bb,53.0,
edc55a0e258947bfbb2f364a7f94db1c,759131238482572322,FINISHED,file:///home/pborole/timeseries-classification/timeseries-classification/mlruns/759131238482572322/edc55a0e258947bfbb2f364a7f94db1c/artifacts,2025-12-06 14:44:10.962000+00:00,2025-12-06 14:51:35.964000+00:00,0.8045112781954887,0.9002728058942873,0.8100558659217877,0.8268156424581006,0.8734693877551021,0.8591352859135286,0.8559322033898306,31.0,0.3583387780513724,0.8145161290322581,0.8686034115138593,0.909455904933484,0.9553571428571428,0.4396847814488011,0.4342716123971193,0.8662046908315565,0.9017857142857144,,,,,,,,,,,,cbe52fb6910f4db291666d09275a9f23,LOCAL,trial_42_fold_2,/home/pborole/timeseries-classification/timeseries-classification/src/modeling/hpo.py,pborole,10649ed5822e9b700ed1cc691e3a0c070b52d1bb,51.0,
abb26a40700745f394f9d979fd845961,759131238482572322,FINISHED,file:///home/pborole/timeseries-classification/timeseries-classification/mlruns/759131238482572322/abb26a40700745f394f9d979fd845961/artifacts,2025-12-06 14:40:51.933000+00:00,2025-12-06 14:44:10.917000+00:00,0.8346456692913385,0.931594803131572,0.8324022346368715,0.8491620111731844,0.8870292887029289,0.8549511854951185,0.8648648648648649,3.0,0.3594165133881269,0.8727272727272727,0.8712686567164178,0.898706238950763,0.9464285714285714,0.4008447732672345,0.4254701883433251,0.8976545842217485,0.8571428571428571,,,,,,,,,,,,cbe52fb6910f4db291666d09275a9f23,LOCAL,trial_42_fold_1,/home/pborole/timeseries-classification/timeseries-classification/src/modeling/hpo.py,pborole,10649ed5822e9b700ed1cc691e3a0c070b52d1bb,23.0,
04e18c1a5da9488d889cb5adf0895924,759131238482572322,FINISHED,file:///home/pborole/timeseries-classification/timeseries-classification/mlruns/759131238482572322/04e18c1a5da9488d889cb5adf0895924/artifacts,2025-12-06 14:37:04.612000+00:00,2025-12-06 14:40:51.897000+00:00,0.8307692307692308,0.9181802324171288,0.8444444444444444,0.8555555555555555,0.8925619834710744,0.8561452513966481,0.8833333333333333,6.0,0.3228096856251775,0.828125,0.8820903361344538,0.9062794764876984,0.9642857142857144,0.4260104455053806,0.416948065161705,0.8923319327731093,0.9464285714285714,,,,,,,,,,,,cbe52fb6910f4db291666d09275a9f23,LOCAL,trial_42_fold_0,/home/pborole/timeseries-classification/timeseries-classification/src/modeling/hpo.py,pborole,10649ed5822e9b700ed1cc691e3a0c070b52d1bb,26.0,
cbe52fb6910f4db291666d09275a9f23,759131238482572322,FAILED,file:///home/pborole/timeseries-classification/timeseries-classification/mlruns/759131238482572322/cbe52fb6910f4db291666d09275a9f23/artifacts,2025-12-06 14:37:04.206000+00:00,2025-12-06 15:04:55.566000+00:00,,,,,,,,,,,,,,,,,,,1.0,f1,0.0064288852137284,250.0,20.0,"[20, 10]",0.1927949006587385,MOMENT-1-base,27.0,5.0,,LOCAL,trial_42,/home/pborole/timeseries-classification/timeseries-classification/src/modeling/hpo.py,pborole,10649ed5822e9b700ed1cc691e3a0c070b52d1bb,,70.0
1fafc8cd165a438a824cae9bdf88e8be,759131238482572322,FINISHED,file:///home/pborole/timeseries-classification/timeseries-classification/mlruns/759131238482572322/1fafc8cd165a438a824cae9bdf88e8be/artifacts,2025-12-06 14:29:52.732000+00:00,2025-12-06 14:37:03.873000+00:00,0.9523809523809524,0.9608086165459764,0.8603351955307262,0.905027932960894,0.9216589861751152,0.8758716875871687,0.8945147679324894,30.0,0.2983875504098677,0.848,0.9392324093816632,0.963432591895589,0.8928571428571429,0.3569423903466603,0.4139908618767168,0.9351012793176972,0.9464285714285714,,,,,,,,,,,,b1ff9b9ff4bf46109e57bf00a8303421,LOCAL,trial_41_fold_3,/home/pborole/timeseries-classification/timeseries-classification/src/modeling/hpo.py,pborole,10649ed5822e9b700ed1cc691e3a0c070b52d1bb,50.0,
365d2967dd034a8ab9513e37dca7992a,759131238482572322,FINISHED,file:///home/pborole/timeseries-classification/timeseries-classification/mlruns/759131238482572322/365d2967dd034a8ab9513e37dca7992a/artifacts,2025-12-06 14:26:07.893000+00:00,2025-12-06 14:29:52.631000+00:00,0.7867647058823529,0.8994093763856383,0.7932960893854749,0.8100558659217877,0.8629032258064516,0.8800557880055788,0.8537549407114624,6.0,0.3310471767536267,0.7659574468085106,0.8528784648187633,0.9044309736505344,0.9553571428571428,0.4957203610316335,0.4551257600997413,0.8659381663113006,0.9642857142857144,,,,,,,,,,,,b1ff9b9ff4bf46109e57bf00a8303421,LOCAL,trial_41_fold_2,/home/pborole/timeseries-classification/timeseries-classification/src/modeling/hpo.py,pborole,10649ed5822e9b700ed1cc691e3a0c070b52d1bb,26.0,
3776f231d6724db0ba925b2300eaa74d,759131238482572322,FINISHED,file:///home/pborole/timeseries-classification/timeseries-classification/mlruns/759131238482572322/3776f231d6724db0ba925b2300eaa74d/artifacts,2025-12-06 14:16:30.855000+00:00,2025-12-06 14:26:07.820000+00:00,0.8728813559322034,0.9401616206475704,0.8547486033519553,0.8659217877094972,0.8956521739130435,0.8647140864714087,0.8879310344827587,47.0,0.3292636125656351,0.8583333333333333,0.9136460554371002,0.9398355022257876,0.9196428571428572,0.3545203325468735,0.3429027610983928,0.9107142857142856,0.9196428571428572,,,,,,,,,,,,b1ff9b9ff4bf46109e57bf00a8303421,LOCAL,trial_41_fold_1,/home/pborole/timeseries-classification/timeseries-classification/src/modeling/hpo.py,pborole,10649ed5822e9b700ed1cc691e3a0c070b52d1bb,67.0,
ca96c27693534b7f9b527e983b60f7f3,759131238482572322,FINISHED,file:///home/pborole/timeseries-classification/timeseries-classification/mlruns/759131238482572322/ca96c27693534b7f9b527e983b60f7f3/artifacts,2025-12-06 14:12:14.161000+00:00,2025-12-06 14:16:30.825000+00:00,0.8294573643410853,0.9142162169250208,0.8444444444444444,0.85,0.8879668049792531,0.8561452513966481,0.8852459016393442,10.0,0.3390320642284175,0.8181818181818182,0.8862920168067226,0.9118693978308974,0.9553571428571428,0.4441352809468905,0.4097044095396995,0.8874737394957982,0.9642857142857144,,,,,,,,,,,,b1ff9b9ff4bf46109e57bf00a8303421,LOCAL,trial_41_fold_0,/home/pborole/timeseries-classification/timeseries-classification/src/modeling/hpo.py,pborole,10649ed5822e9b700ed1cc691e3a0c070b52d1bb,30.0,
b1ff9b9ff4bf46109e57bf00a8303421,759131238482572322,FAILED,file:///home/pborole/timeseries-classification/timeseries-classification/mlruns/759131238482572322/b1ff9b9ff4bf46109e57bf00a8303421/artifacts,2025-12-06 14:12:13.533000+00:00,2025-12-06 14:37:04.011000+00:00,,,,,,,,,,,,,,,,,,,1.0,f1,0.0046820262614422,250.0,20.0,"[20, 10]",0.1824478349108222,MOMENT-1-base,30.0,5.0,,LOCAL,trial_41,/home/pborole/timeseries-classification/timeseries-classification/src/modeling/hpo.py,pborole,10649ed5822e9b700ed1cc691e3a0c070b52d1bb,,46.0
8a4b0bebe85440e491bc97d634eb989f,759131238482572322,FINISHED,file:///home/pborole/timeseries-classification/timeseries-classification/mlruns/759131238482572322/8a4b0bebe85440e491bc97d634eb989f/artifacts,2025-12-06 14:04:03.736000+00:00,2025-12-06 14:12:13.103000+00:00,0.8852459016393442,0.9530387048392428,0.888268156424581,0.8994413407821229,0.9230769230769232,0.8605299860529986,0.913793103448276,38.0,0.3378500789403915,0.8833333333333333,0.9390991471215352,0.9525905281997418,0.9642857142857144,0.2895126719048569,0.2816749811172485,0.9389658848614072,0.9464285714285714,,,,,,,,,,,,2363cd44c3754cf2a4b0506fb0200203,LOCAL,trial_40_fold_4,/home/pborole/timeseries-classification/timeseries-classification/src/modeling/hpo.py,pborole,10649ed5822e9b700ed1cc691e3a0c070b52d1bb,58.0,
2c852a9a9b284b658df927a60bc4a382,759131238482572322,FINISHED,file:///home/pborole/timeseries-classification/timeseries-classification/mlruns/759131238482572322/2c852a9a9b284b658df927a60bc4a382/artifacts,2025-12-06 13:58:52.916000+00:00,2025-12-06 14:04:03.635000+00:00,0.912280701754386,0.962836004311592,0.88268156424581,0.8994413407821229,0.9203539823008848,0.8396094839609484,0.9106382978723404,17.0,0.3578099860307063,0.8699186991869918,0.9418976545842218,0.9642121941029388,0.9285714285714286,0.3066527685306591,0.3061819346257428,0.9405650319829424,0.9553571428571428,,,,,,,,,,,,2363cd44c3754cf2a4b0506fb0200203,LOCAL,trial_40_fold_3,/home/pborole/timeseries-classification/timeseries-classification/src/modeling/hpo.py,pborole,10649ed5822e9b700ed1cc691e3a0c070b52d1bb,37.0,
020a5ec71f17489db50a88e943868815,759131238482572322,FINISHED,file:///home/pborole/timeseries-classification/timeseries-classification/mlruns/759131238482572322/020a5ec71f17489db50a88e943868815/artifacts,2025-12-06 13:55:00.952000+00:00,2025-12-06 13:58:52.854000+00:00,0.7851851851851852,0.9017340973343568,0.7988826815642458,0.8044692737430168,0.8582995951417004,0.8605299860529986,0.856,8.0,0.350317936811487,0.7753623188405797,0.8138326226012793,0.8380480713321544,0.9464285714285714,0.4782673351924512,0.4973822342616886,0.8528784648187633,0.9553571428571428,,,,,,,,,,,,2363cd44c3754cf2a4b0506fb0200203,LOCAL,trial_40_fold_2,/home/pborole/timeseries-classification/timeseries-classification/src/modeling/hpo.py,pborole,10649ed5822e9b700ed1cc691e3a0c070b52d1bb,28.0,
bbe6081b169b4a05882a841d3087755b,759131238482572322,FINISHED,file:///home/pborole/timeseries-classification/timeseries-classification/mlruns/759131238482572322/bbe6081b169b4a05882a841d3087755b/artifacts,2025-12-06 13:50:32.103000+00:00,2025-12-06 13:55:00.856000+00:00,0.8467741935483871,0.9315393976694306,0.8324022346368715,0.8547486033519553,0.8898305084745762,0.8744769874476988,0.8728813559322034,12.0,0.3388033855909084,0.8306451612903226,0.8833955223880596,0.9138048648469752,0.9375,0.3817260170449091,0.3934496056767149,0.9000533049040511,0.9196428571428572,,,,,,,,,,,,2363cd44c3754cf2a4b0506fb0200203,LOCAL,trial_40_fold_1,/home/pborole/timeseries-classification/timeseries-classification/src/modeling/hpo.py,pborole,10649ed5822e9b700ed1cc691e3a0c070b52d1bb,32.0,
7216823d6b8f45c1992914707c3eccf0,759131238482572322,FINISHED,file:///home/pborole/timeseries-classification/timeseries-classification/mlruns/759131238482572322/7216823d6b8f45c1992914707c3eccf0/artifacts,2025-12-06 13:44:16.246000+00:00,2025-12-06 13:50:32.062000+00:00,0.84251968503937,0.9128617740093344,0.8333333333333334,0.8611111111111112,0.895397489539749,0.8575418994413407,0.8770491803278688,25.0,0.3382305476668826,0.8106060606060606,0.8810399159663866,0.9073982881287386,0.9553571428571428,0.4155566434065501,0.410348080098629,0.8895745798319328,0.9553571428571428,,,,,,,,,,,,2363cd44c3754cf2a4b0506fb0200203,LOCAL,trial_40_fold_0,/home/pborole/timeseries-classification/timeseries-classification/src/modeling/hpo.py,pborole,10649ed5822e9b700ed1cc691e3a0c070b52d1bb,45.0,
2363cd44c3754cf2a4b0506fb0200203,759131238482572322,FAILED,file:///home/pborole/timeseries-classification/timeseries-classification/mlruns/759131238482572322/2363cd44c3754cf2a4b0506fb0200203/artifacts,2025-12-06 13:44:15.629000+00:00,2025-12-06 14:12:13.264000+00:00,,,,,,,,,,,,,,,,,,,1.0,f1,0.0016285058387128,250.0,20.0,"[20, 10]",0.048888192560949,MOMENT-1-base,39.0,5.0,,LOCAL,trial_40,/home/pborole/timeseries-classification/timeseries-classification/src/modeling/hpo.py,pborole,10649ed5822e9b700ed1cc691e3a0c070b52d1bb,,40.0
8e08e899f9e346c6bf99c35fe5370ffc,759131238482572322,FINISHED,file:///home/pborole/timeseries-classification/timeseries-classification/mlruns/759131238482572322/8e08e899f9e346c6bf99c35fe5370ffc/artifacts,2025-12-06 13:35:29.601000+00:00,2025-12-06 13:44:15.199000+00:00,0.8699186991869918,0.9376060151491004,0.88268156424581,0.88268156424581,0.9106382978723404,0.8368200836820083,0.9098712446351932,40.0,0.4087315850178068,0.8760330578512396,0.91817697228145,0.9272459504933094,0.9553571428571428,0.3075881661982509,0.3214391824586431,0.9248400852878464,0.9464285714285714,,,,,,,,,,,,a9300cc368d849f6a1597c015ad9b55a,LOCAL,trial_39_fold_4,/home/pborole/timeseries-classification/timeseries-classification/src/modeling/hpo.py,pborole,10649ed5822e9b700ed1cc691e3a0c070b52d1bb,60.0,
01ceb051848e4a32935319b55440b555,759131238482572322,FINISHED,file:///home/pborole/timeseries-classification/timeseries-classification/mlruns/759131238482572322/01ceb051848e4a32935319b55440b555/artifacts,2025-12-06 13:29:30.531000+00:00,2025-12-06 13:35:29.541000+00:00,0.8688524590163934,0.9572547188312928,0.8770949720670391,0.8770949720670391,0.905982905982906,0.8117154811715481,0.9051724137931034,21.0,0.4338110499135952,0.875,0.9187100213219616,0.9394207115853112,0.9464285714285714,0.3333559181936626,0.3824548719648542,0.9345682302771856,0.9375,,,,,,,,,,,,a9300cc368d849f6a1597c015ad9b55a,LOCAL,trial_39_fold_3,/home/pborole/timeseries-classification/timeseries-classification/src/modeling/hpo.py,pborole,10649ed5822e9b700ed1cc691e3a0c070b52d1bb,41.0,
aa961f08807541cb916069ed7d4c2e23,759131238482572322,FINISHED,file:///home/pborole/timeseries-classification/timeseries-classification/mlruns/759131238482572322/aa961f08807541cb916069ed7d4c2e23/artifacts,2025-12-06 13:20:57.527000+00:00,2025-12-06 13:29:30.427000+00:00,0.7851851851851852,0.8705671135249409,0.7988826815642458,0.8044692737430168,0.8582995951417004,0.8535564853556485,0.8524590163934426,39.0,0.3759028467257485,0.7878787878787878,0.8204957356076759,0.8399713229614437,0.9464285714285714,0.4659559037432324,0.4803327656658002,0.8351545842217484,0.9285714285714286,,,,,,,,,,,,a9300cc368d849f6a1597c015ad9b55a,LOCAL,trial_39_fold_2,/home/pborole/timeseries-classification/timeseries-classification/src/modeling/hpo.py,pborole,10649ed5822e9b700ed1cc691e3a0c070b52d1bb,59.0,
7849440d95484c2bb15a9cb0d641ade1,759131238482572322,FINISHED,file:///home/pborole/timeseries-classification/timeseries-classification/mlruns/759131238482572322/7849440d95484c2bb15a9cb0d641ade1/artifacts,2025-12-06 13:16:16.970000+00:00,2025-12-06 13:20:57.429000+00:00,0.816793893129771,0.9057773940375898,0.8379888268156425,0.8379888268156425,0.8806584362139918,0.8326359832635983,0.8755364806866953,12.0,0.4144324605019355,0.8429752066115702,0.8482142857142857,0.8642077835191471,0.9553571428571428,0.4066124064795798,0.5203031970801966,0.875,0.9107142857142856,,,,,,,,,,,,a9300cc368d849f6a1597c015ad9b55a,LOCAL,trial_39_fold_1,/home/pborole/timeseries-classification/timeseries-classification/src/modeling/hpo.py,pborole,10649ed5822e9b700ed1cc691e3a0c070b52d1bb,32.0,
59b0cd4f64434a80822d0fd07d0cba8b,759131238482572322,FINISHED,file:///home/pborole/timeseries-classification/timeseries-classification/mlruns/759131238482572322/59b0cd4f64434a80822d0fd07d0cba8b/artifacts,2025-12-06 13:07:33.764000+00:00,2025-12-06 13:16:16.895000+00:00,0.8372093023255814,0.9076512066995528,0.8444444444444444,0.8611111111111112,0.8962655601659751,0.8324022346368715,0.8813559322033898,40.0,0.3948223199175056,0.8387096774193549,0.8768382352941176,0.9101825879165965,0.9642857142857144,0.40366540186935,0.4212953804267777,0.8785451680672268,0.9285714285714286,,,,,,,,,,,,a9300cc368d849f6a1597c015ad9b55a,LOCAL,trial_39_fold_0,/home/pborole/timeseries-classification/timeseries-classification/src/modeling/hpo.py,pborole,10649ed5822e9b700ed1cc691e3a0c070b52d1bb,60.0,
a9300cc368d849f6a1597c015ad9b55a,759131238482572322,FAILED,file:///home/pborole/timeseries-classification/timeseries-classification/mlruns/759131238482572322/a9300cc368d849f6a1597c015ad9b55a/artifacts,2025-12-06 13:07:33.272000+00:00,2025-12-06 13:44:15.356000+00:00,,,,,,,,,,,,,,,,,,,1.0,f1,0.0001651052169609,250.0,20.0,"[20, 10]",0.1124486389700866,MOMENT-1-base,25.0,5.0,,LOCAL,trial_39,/home/pborole/timeseries-classification/timeseries-classification/src/modeling/hpo.py,pborole,10649ed5822e9b700ed1cc691e3a0c070b52d1bb,,44.0
74f1312523004c9ca0177719a41c670d,759131238482572322,FINISHED,file:///home/pborole/timeseries-classification/timeseries-classification/mlruns/759131238482572322/74f1312523004c9ca0177719a41c670d/artifacts,2025-12-06 13:04:30.958000+00:00,2025-12-06 13:07:33.021000+00:00,0.0,0.6800372865227308,0.3743016759776536,0.3743016759776536,0.0,0.3751743375174337,0.0,1.0,0.7662059405358765,0.0,0.3739339019189766,0.5360409735900871,0.0,0.765677191025718,0.8086176015145286,0.5430437100213219,0.0,,,,,,,,,,,,2c5a9b09ca1f481a99f0bfbe658053fe,LOCAL,trial_38_fold_2,/home/pborole/timeseries-classification/timeseries-classification/src/modeling/hpo.py,pborole,10649ed5822e9b700ed1cc691e3a0c070b52d1bb,21.0,
90cf6badb2d647eb9f361e23e88ebed3,759131238482572322,FINISHED,file:///home/pborole/timeseries-classification/timeseries-classification/mlruns/759131238482572322/90cf6badb2d647eb9f361e23e88ebed3/artifacts,2025-12-06 13:01:28.567000+00:00,2025-12-06 13:04:30.933000+00:00,0.0,0.8055062813368308,0.3743016759776536,0.3743016759776536,0.0,0.3933054393305439,0.0,1.0,0.7087042531209012,0.0,0.5731609808102346,0.6651024029535257,0.0,0.7057010301664555,0.7295727216997626,0.763859275053305,0.0,,,,,,,,,,,,2c5a9b09ca1f481a99f0bfbe658053fe,LOCAL,trial_38_fold_1,/home/pborole/timeseries-classification/timeseries-classification/src/modeling/hpo.py,pborole,10649ed5822e9b700ed1cc691e3a0c070b52d1bb,21.0,
d3c5b2f6f496427d9688a8c5b7cc40c7,759131238482572322,FINISHED,file:///home/pborole/timeseries-classification/timeseries-classification/mlruns/759131238482572322/d3c5b2f6f496427d9688a8c5b7cc40c7/artifacts,2025-12-06 12:56:37.622000+00:00,2025-12-06 13:01:28.434000+00:00,0.7903225806451613,0.8930248790112622,0.65,0.7777777777777778,0.8305084745762712,0.5837988826815642,0.7789473684210526,13.0,0.6853152099767876,0.6416184971098265,0.8159138655462185,0.8515429764323168,0.875,0.6837544080283907,0.6916894220643574,0.8581932773109243,0.9910714285714286,,,,,,,,,,,,2c5a9b09ca1f481a99f0bfbe658053fe,LOCAL,trial_38_fold_0,/home/pborole/timeseries-classification/timeseries-classification/src/modeling/hpo.py,pborole,10649ed5822e9b700ed1cc691e3a0c070b52d1bb,33.0,
2c5a9b09ca1f481a99f0bfbe658053fe,759131238482572322,FAILED,file:///home/pborole/timeseries-classification/timeseries-classification/mlruns/759131238482572322/2c5a9b09ca1f481a99f0bfbe658053fe/artifacts,2025-12-06 12:56:37.100000+00:00,2025-12-06 13:07:33.096000+00:00,,,,,,,,,,,,,,,,,,,1.0,f1,1.669029073176244e-05,250.0,20.0,"[20, 10]",0.2653794198267881,MOMENT-1-base,61.0,5.0,,LOCAL,trial_38,/home/pborole/timeseries-classification/timeseries-classification/src/modeling/hpo.py,pborole,10649ed5822e9b700ed1cc691e3a0c070b52d1bb,,38.0
a81fd653a12e4704be7bb537f96189f8,759131238482572322,FINISHED,file:///home/pborole/timeseries-classification/timeseries-classification/mlruns/759131238482572322/a81fd653a12e4704be7bb537f96189f8/artifacts,2025-12-06 12:51:01.718000+00:00,2025-12-06 12:56:36.775000+00:00,0.875,0.9631235471358824,0.8715083798882681,0.8770949720670391,0.9051724137931034,0.8437935843793585,0.9012875536480688,19.0,0.3888060758760617,0.8677685950413223,0.9300373134328358,0.9510759024903904,0.9375,0.3248092205830792,0.3439039381522706,0.9400319829424308,0.9375,,,,,,,,,,,,3430948142bc4f5d82d0b53abf2b0d9b,LOCAL,trial_37_fold_3,/home/pborole/timeseries-classification/timeseries-classification/src/modeling/hpo.py,pborole,10649ed5822e9b700ed1cc691e3a0c070b52d1bb,39.0,
5fc43ba4f7624c53991627ed9b98b5b7,759131238482572322,FINISHED,file:///home/pborole/timeseries-classification/timeseries-classification/mlruns/759131238482572322/5fc43ba4f7624c53991627ed9b98b5b7/artifacts,2025-12-06 12:46:03.451000+00:00,2025-12-06 12:51:01.556000+00:00,0.7894736842105263,0.8809622388160133,0.8044692737430168,0.8044692737430168,0.8571428571428571,0.8535564853556485,0.8571428571428571,14.0,0.3824965104855586,0.7894736842105263,0.8071695095948828,0.8299359663859256,0.9375,0.4695565372538966,0.4936713441457162,0.8348880597014926,0.9375,,,,,,,,,,,,3430948142bc4f5d82d0b53abf2b0d9b,LOCAL,trial_37_fold_2,/home/pborole/timeseries-classification/timeseries-classification/src/modeling/hpo.py,pborole,10649ed5822e9b700ed1cc691e3a0c070b52d1bb,34.0,
29357a94be494487aefafeee5f0361a2,759131238482572322,FINISHED,file:///home/pborole/timeseries-classification/timeseries-classification/mlruns/759131238482572322/29357a94be494487aefafeee5f0361a2/artifacts,2025-12-06 12:42:03.728000+00:00,2025-12-06 12:46:03.432000+00:00,0.8134328358208955,0.9178726292175484,0.8379888268156425,0.8435754189944135,0.8861788617886179,0.8382147838214784,0.8755364806866953,8.0,0.3877271632852248,0.8429752066115702,0.8468816631130065,0.864977113561171,0.9732142857142856,0.3929176010899037,0.5209690627106075,0.8861940298507462,0.9107142857142856,,,,,,,,,,,,3430948142bc4f5d82d0b53abf2b0d9b,LOCAL,trial_37_fold_1,/home/pborole/timeseries-classification/timeseries-classification/src/modeling/hpo.py,pborole,10649ed5822e9b700ed1cc691e3a0c070b52d1bb,28.0,
3d2437d087ee42c899a70524e35665eb,759131238482572322,FINISHED,file:///home/pborole/timeseries-classification/timeseries-classification/mlruns/759131238482572322/3d2437d087ee42c899a70524e35665eb/artifacts,2025-12-06 12:36:10.698000+00:00,2025-12-06 12:42:03.624000+00:00,0.8359375,0.9064679741132182,0.8388888888888889,0.8555555555555555,0.8916666666666667,0.861731843575419,0.8776371308016878,21.0,0.3838031974584697,0.832,0.8801207983193277,0.910808172081043,0.9553571428571428,0.4017241146829393,0.4155415683984756,0.8805147058823529,0.9285714285714286,,,,,,,,,,,,3430948142bc4f5d82d0b53abf2b0d9b,LOCAL,trial_37_fold_0,/home/pborole/timeseries-classification/timeseries-classification/src/modeling/hpo.py,pborole,10649ed5822e9b700ed1cc691e3a0c070b52d1bb,41.0,
3430948142bc4f5d82d0b53abf2b0d9b,759131238482572322,FAILED,file:///home/pborole/timeseries-classification/timeseries-classification/mlruns/759131238482572322/3430948142bc4f5d82d0b53abf2b0d9b/artifacts,2025-12-06 12:36:10.151000+00:00,2025-12-06 12:56:36.849000+00:00,,,,,,,,,,,,,,,,,,,1.0,f1,0.0003662100646023,250.0,20.0,"[20, 10]",0.0878713423653238,MOMENT-1-base,31.0,5.0,,LOCAL,trial_37,/home/pborole/timeseries-classification/timeseries-classification/src/modeling/hpo.py,pborole,10649ed5822e9b700ed1cc691e3a0c070b52d1bb,,42.0
bdfb3d1f3e4d451bab978f616d88b4d8,759131238482572322,FINISHED,file:///home/pborole/timeseries-classification/timeseries-classification/mlruns/759131238482572322/bdfb3d1f3e4d451bab978f616d88b4d8/artifacts,2025-12-06 12:28:22.069000+00:00,2025-12-06 12:36:09.855000+00:00,0.8898305084745762,0.9574939019188088,0.88268156424581,0.888268156424581,0.9130434782608696,0.8521617852161785,0.9082969432314412,32.0,0.3696435147498941,0.8888888888888888,0.9351012793176972,0.9579349605005568,0.9375,0.321021467759456,0.3283726159254266,0.9341684434968016,0.9285714285714286,,,,,,,,,,,,38e508537bfb427d9441903caf968d9b,LOCAL,trial_36_fold_3,/home/pborole/timeseries-classification/timeseries-classification/src/modeling/hpo.py,pborole,10649ed5822e9b700ed1cc691e3a0c070b52d1bb,52.0,
0ceabf646a7841cf8d9b102f9bcee740,759131238482572322,FINISHED,file:///home/pborole/timeseries-classification/timeseries-classification/mlruns/759131238482572322/0ceabf646a7841cf8d9b102f9bcee740/artifacts,2025-12-06 12:16:07.447000+00:00,2025-12-06 12:28:21.944000+00:00,0.8091603053435115,0.9030998814653852,0.8156424581005587,0.8268156424581006,0.8724279835390947,0.8702928870292888,0.8674698795180723,62.0,0.3201153241565537,0.7883211678832117,0.8636727078891258,0.8992059339295135,0.9464285714285714,0.4520760364206143,0.4527668132961795,0.8660714285714286,0.9642857142857144,,,,,,,,,,,,38e508537bfb427d9441903caf968d9b,LOCAL,trial_36_fold_2,/home/pborole/timeseries-classification/timeseries-classification/src/modeling/hpo.py,pborole,10649ed5822e9b700ed1cc691e3a0c070b52d1bb,82.0,
ed5198de15494ddba97d176d4c1aebd0,759131238482572322,FINISHED,file:///home/pborole/timeseries-classification/timeseries-classification/mlruns/759131238482572322/ed5198de15494ddba97d176d4c1aebd0/artifacts,2025-12-06 12:08:35.996000+00:00,2025-12-06 12:16:07.338000+00:00,0.84,0.9370475606367248,0.8491620111731844,0.8491620111731844,0.8860759493670886,0.8605299860529986,0.8841201716738197,31.0,0.3634368712017559,0.8512396694214877,0.9019189765458422,0.9345918154531634,0.9375,0.372381260774655,0.3828882207708984,0.9049840085287846,0.9196428571428572,,,,,,,,,,,,38e508537bfb427d9441903caf968d9b,LOCAL,trial_36_fold_1,/home/pborole/timeseries-classification/timeseries-classification/src/modeling/hpo.py,pborole,10649ed5822e9b700ed1cc691e3a0c070b52d1bb,51.0,
dde4e1b496df494899732951de20409b,759131238482572322,FINISHED,file:///home/pborole/timeseries-classification/timeseries-classification/mlruns/759131238482572322/dde4e1b496df494899732951de20409b/artifacts,2025-12-06 12:04:17.816000+00:00,2025-12-06 12:08:35.932000+00:00,0.8359375,0.910425815644346,0.8388888888888889,0.8555555555555555,0.8916666666666667,0.8491620111731844,0.8744588744588745,9.0,0.4036232962704904,0.8487394957983193,0.8726365546218487,0.908616740217959,0.9553571428571428,0.3959797158837318,0.4437006413936615,0.883797268907563,0.9017857142857144,,,,,,,,,,,,38e508537bfb427d9441903caf968d9b,LOCAL,trial_36_fold_0,/home/pborole/timeseries-classification/timeseries-classification/src/modeling/hpo.py,pborole,10649ed5822e9b700ed1cc691e3a0c070b52d1bb,29.0,
38e508537bfb427d9441903caf968d9b,759131238482572322,FAILED,file:///home/pborole/timeseries-classification/timeseries-classification/mlruns/759131238482572322/38e508537bfb427d9441903caf968d9b/artifacts,2025-12-06 12:04:17.264000+00:00,2025-12-06 12:36:09.964000+00:00,,,,,,,,,,,,,,,,,,,1.0,f1,0.0007304170938264,250.0,20.0,"[20, 10]",0.3000155075083249,MOMENT-1-base,22.0,5.0,,LOCAL,trial_36,/home/pborole/timeseries-classification/timeseries-classification/src/modeling/hpo.py,pborole,10649ed5822e9b700ed1cc691e3a0c070b52d1bb,,45.0
a9e99a12708f4be282bb8c59a2087fa9,759131238482572322,FINISHED,file:///home/pborole/timeseries-classification/timeseries-classification/mlruns/759131238482572322/a9e99a12708f4be282bb8c59a2087fa9/artifacts,2025-12-06 11:55:11.156000+00:00,2025-12-06 12:04:16.956000+00:00,0.8861788617886179,0.9419886664824072,0.8770949720670391,0.905027932960894,0.9276595744680852,0.8465829846582985,0.9035087719298246,43.0,0.3556100743585051,0.8879310344827587,0.9281716417910448,0.944797519262879,0.9732142857142856,0.3027307544340634,0.2944807202123397,0.9272388059701492,0.9196428571428572,,,,,,,,,,,,bb0dcd7169bd435aa8edd9fd8f8b8072,LOCAL,trial_35_fold_4,/home/pborole/timeseries-classification/timeseries-classification/src/modeling/hpo.py,pborole,10649ed5822e9b700ed1cc691e3a0c070b52d1bb,63.0,
c641b9a3f0044960ad62d267234f60b7,759131238482572322,FINISHED,file:///home/pborole/timeseries-classification/timeseries-classification/mlruns/759131238482572322/c641b9a3f0044960ad62d267234f60b7/artifacts,2025-12-06 11:49:08.083000+00:00,2025-12-06 11:55:11.119000+00:00,0.8770491803278688,0.9596185644018916,0.8770949720670391,0.888268156424581,0.9145299145299144,0.8382147838214784,0.9043478260869564,22.0,0.3675953743763714,0.8813559322033898,0.9315031982942432,0.9550603034650872,0.9553571428571428,0.3256864482797058,0.3273754667636402,0.9347014925373134,0.9285714285714286,,,,,,,,,,,,bb0dcd7169bd435aa8edd9fd8f8b8072,LOCAL,trial_35_fold_3,/home/pborole/timeseries-classification/timeseries-classification/src/modeling/hpo.py,pborole,10649ed5822e9b700ed1cc691e3a0c070b52d1bb,42.0,
dc2bc7a53a134b28857d4ec49ab07c94,759131238482572322,FINISHED,file:///home/pborole/timeseries-classification/timeseries-classification/mlruns/759131238482572322/dc2bc7a53a134b28857d4ec49ab07c94/artifacts,2025-12-06 11:42:13.084000+00:00,2025-12-06 11:49:07.995000+00:00,0.7969924812030075,0.9009039536662502,0.7932960893854749,0.8156424581005587,0.8653061224489796,0.8619246861924686,0.8464730290456431,28.0,0.3207833958968956,0.7906976744186046,0.8630063965884861,0.8951711106084952,0.9464285714285714,0.555832270886645,0.483808581223035,0.8550106609808102,0.9107142857142856,,,,,,,,,,,,bb0dcd7169bd435aa8edd9fd8f8b8072,LOCAL,trial_35_fold_2,/home/pborole/timeseries-classification/timeseries-classification/src/modeling/hpo.py,pborole,10649ed5822e9b700ed1cc691e3a0c070b52d1bb,48.0,
ee0e0491a17645f78bcdc6a7d5e10c00,759131238482572322,FINISHED,file:///home/pborole/timeseries-classification/timeseries-classification/mlruns/759131238482572322/ee0e0491a17645f78bcdc6a7d5e10c00/artifacts,2025-12-06 11:33:49.706000+00:00,2025-12-06 11:42:12.972000+00:00,0.859504132231405,0.9310323784928214,0.8435754189944135,0.8603351955307262,0.8927038626609443,0.8702928870292888,0.8782608695652174,38.0,0.3367247294057862,0.8559322033898306,0.9086487206823028,0.935150500146389,0.9285714285714286,0.367903203771101,0.3632053972622536,0.9007196162046908,0.9017857142857144,,,,,,,,,,,,bb0dcd7169bd435aa8edd9fd8f8b8072,LOCAL,trial_35_fold_1,/home/pborole/timeseries-classification/timeseries-classification/src/modeling/hpo.py,pborole,10649ed5822e9b700ed1cc691e3a0c070b52d1bb,58.0,
329bf1936e1142e4a7a09b2ab8f299ec,759131238482572322,FINISHED,file:///home/pborole/timeseries-classification/timeseries-classification/mlruns/759131238482572322/329bf1936e1142e4a7a09b2ab8f299ec/artifacts,2025-12-06 11:24:44.091000+00:00,2025-12-06 11:33:49.650000+00:00,0.84251968503937,0.9219722201462196,0.8555555555555555,0.8611111111111112,0.895397489539749,0.861731843575419,0.8888888888888888,43.0,0.3258604274115749,0.8524590163934426,0.8912815126050421,0.9153518650639358,0.9553571428571428,0.421070576707522,0.4348526656627655,0.8956144957983193,0.9285714285714286,,,,,,,,,,,,bb0dcd7169bd435aa8edd9fd8f8b8072,LOCAL,trial_35_fold_0,/home/pborole/timeseries-classification/timeseries-classification/src/modeling/hpo.py,pborole,10649ed5822e9b700ed1cc691e3a0c070b52d1bb,63.0,
bb0dcd7169bd435aa8edd9fd8f8b8072,759131238482572322,FINISHED,file:///home/pborole/timeseries-classification/timeseries-classification/mlruns/759131238482572322/bb0dcd7169bd435aa8edd9fd8f8b8072/artifacts,2025-12-06 11:24:43.673000+00:00,2025-12-06 12:04:17.098000+00:00,,,,,,,,,,,,,,,,,,0.8991193927295346,,f1,0.0037536785603819,250.0,20.0,"[20, 10]",0.2152379892348329,MOMENT-1-base,28.0,5.0,,LOCAL,trial_35,/home/pborole/timeseries-classification/timeseries-classification/src/modeling/hpo.py,pborole,10649ed5822e9b700ed1cc691e3a0c070b52d1bb,,34.0
dd9a315a8f4544eab30be1981c4c5798,759131238482572322,FINISHED,file:///home/pborole/timeseries-classification/timeseries-classification/mlruns/759131238482572322/dd9a315a8f4544eab30be1981c4c5798/artifacts,2025-12-06 11:14:18.054000+00:00,2025-12-06 11:24:43.397000+00:00,0.9067796610169492,0.945803566803201,0.8547486033519553,0.9106145251396648,0.9304347826086956,0.8633193863319386,0.8818181818181818,56.0,0.3098603807067605,0.8981481481481481,0.9410980810234542,0.9543999541527244,0.9553571428571428,0.3192151513512574,0.2712349307270689,0.929904051172708,0.8660714285714286,,,,,,,,,,,,f32d6d92ec164d438d1069868fbac9c0,LOCAL,trial_34_fold_4,/home/pborole/timeseries-classification/timeseries-classification/src/modeling/hpo.py,pborole,10649ed5822e9b700ed1cc691e3a0c070b52d1bb,76.0,
838394de49e949b89a2b0fc1a7987e1e,759131238482572322,FINISHED,file:///home/pborole/timeseries-classification/timeseries-classification/mlruns/759131238482572322/838394de49e949b89a2b0fc1a7987e1e/artifacts,2025-12-06 11:08:31.049000+00:00,2025-12-06 11:14:18.010000+00:00,0.8770491803278688,0.960144069769406,0.8603351955307262,0.888268156424581,0.9145299145299144,0.8549511854951185,0.895397489539749,22.0,0.3571350133069888,0.84251968503937,0.9357675906183368,0.95872296111238,0.9553571428571428,0.314137062297187,0.3212804173291062,0.9393656716417912,0.9553571428571428,,,,,,,,,,,,f32d6d92ec164d438d1069868fbac9c0,LOCAL,trial_34_fold_3,/home/pborole/timeseries-classification/timeseries-classification/src/modeling/hpo.py,pborole,10649ed5822e9b700ed1cc691e3a0c070b52d1bb,42.0,
1f106ffbd953415bae274118d6f7cc2c,759131238482572322,FINISHED,file:///home/pborole/timeseries-classification/timeseries-classification/mlruns/759131238482572322/1f106ffbd953415bae274118d6f7cc2c/artifacts,2025-12-06 11:05:22.340000+00:00,2025-12-06 11:08:31.014000+00:00,0.782608695652174,0.8987258612712716,0.7988826815642458,0.8100558659217877,0.864,0.8647140864714087,0.8524590163934426,3.0,0.3289649354779737,0.7878787878787878,0.8199626865671641,0.849363696023052,0.9642857142857144,0.4751390157132175,0.5212951126045355,0.8562100213219617,0.9285714285714286,,,,,,,,,,,,f32d6d92ec164d438d1069868fbac9c0,LOCAL,trial_34_fold_2,/home/pborole/timeseries-classification/timeseries-classification/src/modeling/hpo.py,pborole,10649ed5822e9b700ed1cc691e3a0c070b52d1bb,23.0,
00b55f8f5cc04c7d9be2579ebfcbe5ee,759131238482572322,FINISHED,file:///home/pborole/timeseries-classification/timeseries-classification/mlruns/759131238482572322/00b55f8f5cc04c7d9be2579ebfcbe5ee/artifacts,2025-12-06 10:56:14.981000+00:00,2025-12-06 11:05:22.242000+00:00,0.8536585365853658,0.9387382420215672,0.8547486033519553,0.8603351955307262,0.8936170212765957,0.8633193863319386,0.8879310344827587,46.0,0.3311375183997626,0.8583333333333333,0.9017857142857144,0.9329998363613524,0.9375,0.385939490528746,0.3751867366902655,0.9077825159914712,0.9196428571428572,,,,,,,,,,,,f32d6d92ec164d438d1069868fbac9c0,LOCAL,trial_34_fold_1,/home/pborole/timeseries-classification/timeseries-classification/src/modeling/hpo.py,pborole,10649ed5822e9b700ed1cc691e3a0c070b52d1bb,66.0,
2a6812109608402db49e70c7b14a405b,759131238482572322,FINISHED,file:///home/pborole/timeseries-classification/timeseries-classification/mlruns/759131238482572322/2a6812109608402db49e70c7b14a405b/artifacts,2025-12-06 10:51:29.155000+00:00,2025-12-06 10:56:14.960000+00:00,0.84251968503937,0.910699359154818,0.8388888888888889,0.8611111111111112,0.895397489539749,0.8393854748603352,0.8744588744588745,14.0,0.3794458948866615,0.8487394957983193,0.879923844537815,0.9011927796274662,0.9553571428571428,0.4011217819319831,0.4200583911604351,0.8898371848739496,0.9017857142857144,,,,,,,,,,,,f32d6d92ec164d438d1069868fbac9c0,LOCAL,trial_34_fold_0,/home/pborole/timeseries-classification/timeseries-classification/src/modeling/hpo.py,pborole,10649ed5822e9b700ed1cc691e3a0c070b52d1bb,34.0,
f32d6d92ec164d438d1069868fbac9c0,759131238482572322,FINISHED,file:///home/pborole/timeseries-classification/timeseries-classification/mlruns/759131238482572322/f32d6d92ec164d438d1069868fbac9c0/artifacts,2025-12-06 10:51:28.424000+00:00,2025-12-06 11:24:43.502000+00:00,,,,,,,,,,,,,,,,,,0.8995958415909909,,f1,0.0055821267486461,250.0,20.0,"[20, 10]",0.1604902493626928,MOMENT-1-base,50.0,5.0,,LOCAL,trial_34,/home/pborole/timeseries-classification/timeseries-classification/src/modeling/hpo.py,pborole,10649ed5822e9b700ed1cc691e3a0c070b52d1bb,,42.0
70585013d2f347c5b2a53a3119616896,759131238482572322,FINISHED,file:///home/pborole/timeseries-classification/timeseries-classification/mlruns/759131238482572322/70585013d2f347c5b2a53a3119616896/artifacts,2025-12-06 10:46:34.679000+00:00,2025-12-06 10:51:27.993000+00:00,0.8907563025210085,0.9588926232748342,0.8938547486033519,0.8938547486033519,0.9177489177489178,0.8688981868898187,0.9170305676855895,13.0,0.3088602593254345,0.8974358974358975,0.933502132196162,0.9569598467138823,0.9464285714285714,0.3235029856252936,0.322055994298871,0.93363539445629,0.9375,,,,,,,,,,,,cf39a776b70f4b078df2da060fdf27d2,LOCAL,trial_33_fold_3,/home/pborole/timeseries-classification/timeseries-classification/src/modeling/hpo.py,pborole,10649ed5822e9b700ed1cc691e3a0c070b52d1bb,33.0,
9c75b62b90f94c3b82ccdd92f486c47d,759131238482572322,FINISHED,file:///home/pborole/timeseries-classification/timeseries-classification/mlruns/759131238482572322/9c75b62b90f94c3b82ccdd92f486c47d/artifacts,2025-12-06 10:41:30.934000+00:00,2025-12-06 10:46:34.634000+00:00,0.8045112781954887,0.9082435294791268,0.8212290502793296,0.8268156424581006,0.8734693877551021,0.8772663877266388,0.8666666666666667,15.0,0.2789204118142068,0.8125,0.869136460554371,0.9096338972209312,0.9553571428571428,0.5289839334661068,0.4273154221100514,0.8655383795309168,0.9285714285714286,,,,,,,,,,,,cf39a776b70f4b078df2da060fdf27d2,LOCAL,trial_33_fold_2,/home/pborole/timeseries-classification/timeseries-classification/src/modeling/hpo.py,pborole,10649ed5822e9b700ed1cc691e3a0c070b52d1bb,35.0,
f476c0c32aa74edc930cfbe570ebd9d7,759131238482572322,FINISHED,file:///home/pborole/timeseries-classification/timeseries-classification/mlruns/759131238482572322/f476c0c32aa74edc930cfbe570ebd9d7/artifacts,2025-12-06 10:38:24.342000+00:00,2025-12-06 10:41:30.859000+00:00,0.823076923076923,0.9340495747128224,0.8044692737430168,0.8435754189944135,0.8842975206611571,0.8591352859135286,0.8401826484018264,1.0,0.344549465067217,0.8598130841121495,0.8582755863539446,0.8869019838674296,0.9553571428571428,0.3826520528706758,0.5160229850414745,0.9052505330490406,0.8214285714285714,,,,,,,,,,,,cf39a776b70f4b078df2da060fdf27d2,LOCAL,trial_33_fold_1,/home/pborole/timeseries-classification/timeseries-classification/src/modeling/hpo.py,pborole,10649ed5822e9b700ed1cc691e3a0c070b52d1bb,21.0,
9f9c299fd610451bb719e5b541d6c521,759131238482572322,FINISHED,file:///home/pborole/timeseries-classification/timeseries-classification/mlruns/759131238482572322/9f9c299fd610451bb719e5b541d6c521/artifacts,2025-12-06 10:34:19.761000+00:00,2025-12-06 10:38:24.306000+00:00,0.8359375,0.9204027924503356,0.8388888888888889,0.8555555555555555,0.8916666666666667,0.86731843575419,0.8786610878661087,8.0,0.3278124850222518,0.8267716535433071,0.8807116596638656,0.9063034474173646,0.9553571428571428,0.4279844284057617,0.43449414173762,0.8948266806722689,0.9375,,,,,,,,,,,,cf39a776b70f4b078df2da060fdf27d2,LOCAL,trial_33_fold_0,/home/pborole/timeseries-classification/timeseries-classification/src/modeling/hpo.py,pborole,10649ed5822e9b700ed1cc691e3a0c070b52d1bb,28.0,
cf39a776b70f4b078df2da060fdf27d2,759131238482572322,FAILED,file:///home/pborole/timeseries-classification/timeseries-classification/mlruns/759131238482572322/cf39a776b70f4b078df2da060fdf27d2/artifacts,2025-12-06 10:34:19.437000+00:00,2025-12-06 10:51:28.150000+00:00,,,,,,,,,,,,,,,,,,,1.0,f1,0.0099641875335347,250.0,20.0,"[20, 10]",0.0469695625343233,MOMENT-1-base,24.0,5.0,,LOCAL,trial_33,/home/pborole/timeseries-classification/timeseries-classification/src/modeling/hpo.py,pborole,10649ed5822e9b700ed1cc691e3a0c070b52d1bb,,32.0
c9664a4462534e788e32a8ba4b8315d3,759131238482572322,FINISHED,file:///home/pborole/timeseries-classification/timeseries-classification/mlruns/759131238482572322/c9664a4462534e788e32a8ba4b8315d3/artifacts,2025-12-06 10:29:26.883000+00:00,2025-12-06 10:34:19.093000+00:00,0.8790322580645161,0.9416284483559636,0.88268156424581,0.8994413407821229,0.923728813559322,0.8535564853556485,0.9074889867841408,13.0,0.3756888776061591,0.8956521739130435,0.9279051172707888,0.9408492252792392,0.9732142857142856,0.2998400275600689,0.3204297906193653,0.9332356076759064,0.9196428571428572,,,,,,,,,,,,44a185778fe14674a850d5f14d16e396,LOCAL,trial_32_fold_4,/home/pborole/timeseries-classification/timeseries-classification/src/modeling/hpo.py,pborole,10649ed5822e9b700ed1cc691e3a0c070b52d1bb,33.0,
a351373ea6474f94a85cb05031781edd,759131238482572322,FINISHED,file:///home/pborole/timeseries-classification/timeseries-classification/mlruns/759131238482572322/a351373ea6474f94a85cb05031781edd/artifacts,2025-12-06 10:22:32.816000+00:00,2025-12-06 10:29:26.774000+00:00,0.9051724137931034,0.961397977074411,0.8715083798882681,0.8994413407821229,0.9210526315789472,0.8758716875871687,0.9029535864978904,26.0,0.3200307429003083,0.856,0.9363006396588488,0.9588750813969024,0.9375,0.3448273757649533,0.303757023211964,0.9365671641791044,0.9553571428571428,,,,,,,,,,,,44a185778fe14674a850d5f14d16e396,LOCAL,trial_32_fold_3,/home/pborole/timeseries-classification/timeseries-classification/src/modeling/hpo.py,pborole,10649ed5822e9b700ed1cc691e3a0c070b52d1bb,46.0,
d8d9e87d9c554cf2951c840af2bd689a,759131238482572322,FINISHED,file:///home/pborole/timeseries-classification/timeseries-classification/mlruns/759131238482572322/d8d9e87d9c554cf2951c840af2bd689a/artifacts,2025-12-06 10:17:18.989000+00:00,2025-12-06 10:22:32.767000+00:00,0.7969924812030075,0.8854309167319405,0.776536312849162,0.8156424581005587,0.8653061224489796,0.8591352859135286,0.84375,15.0,0.3094327493442152,0.75,0.8604744136460555,0.903723814809021,0.9464285714285714,0.5367891498784113,0.4622107244736655,0.8539445628997867,0.9642857142857144,,,,,,,,,,,,44a185778fe14674a850d5f14d16e396,LOCAL,trial_32_fold_2,/home/pborole/timeseries-classification/timeseries-classification/src/modeling/hpo.py,pborole,10649ed5822e9b700ed1cc691e3a0c070b52d1bb,35.0,
7394a4ae6781428982bfc23da876027f,759131238482572322,FINISHED,file:///home/pborole/timeseries-classification/timeseries-classification/mlruns/759131238482572322/7394a4ae6781428982bfc23da876027f/artifacts,2025-12-06 10:07:42.509000+00:00,2025-12-06 10:17:18.881000+00:00,0.865546218487395,0.9358888864852578,0.8379888268156425,0.8603351955307262,0.8917748917748918,0.8800557880055788,0.8806584362139918,44.0,0.3239474233390563,0.816793893129771,0.9151119402985074,0.9463166935234502,0.9196428571428572,0.4098976917107012,0.3859151250490263,0.8996535181236675,0.9553571428571428,,,,,,,,,,,,44a185778fe14674a850d5f14d16e396,LOCAL,trial_32_fold_1,/home/pborole/timeseries-classification/timeseries-classification/src/modeling/hpo.py,pborole,10649ed5822e9b700ed1cc691e3a0c070b52d1bb,64.0,
29ce399723b94f7d80ab899b7c8be4a6,759131238482572322,FINISHED,file:///home/pborole/timeseries-classification/timeseries-classification/mlruns/759131238482572322/29ce399723b94f7d80ab899b7c8be4a6/artifacts,2025-12-06 09:57:16.639000+00:00,2025-12-06 10:07:42.303000+00:00,0.8677685950413223,0.9214301144897804,0.85,0.8722222222222222,0.9012875536480688,0.8896648044692738,0.8860759493670886,50.0,0.2650650718858122,0.84,0.8964023109243697,0.9189527357262762,0.9375,0.4235657271411683,0.4269462525844574,0.8935136554621849,0.9375,,,,,,,,,,,,44a185778fe14674a850d5f14d16e396,LOCAL,trial_32_fold_0,/home/pborole/timeseries-classification/timeseries-classification/src/modeling/hpo.py,pborole,10649ed5822e9b700ed1cc691e3a0c070b52d1bb,70.0,
44a185778fe14674a850d5f14d16e396,759131238482572322,FINISHED,file:///home/pborole/timeseries-classification/timeseries-classification/mlruns/759131238482572322/44a185778fe14674a850d5f14d16e396/artifacts,2025-12-06 09:57:16.164000+00:00,2025-12-06 10:34:19.173000+00:00,,,,,,,,,,,,,,,,,,0.900630002602042,,f1,0.0029172132161604,250.0,20.0,"[20, 10]",0.114981940396635,MOMENT-1-base,20.0,5.0,,LOCAL,trial_32,/home/pborole/timeseries-classification/timeseries-classification/src/modeling/hpo.py,pborole,10649ed5822e9b700ed1cc691e3a0c070b52d1bb,,47.0
373f6520cb1a42759f82f13447de8bd3,759131238482572322,FINISHED,file:///home/pborole/timeseries-classification/timeseries-classification/mlruns/759131238482572322/373f6520cb1a42759f82f13447de8bd3/artifacts,2025-12-06 09:52:38.799000+00:00,2025-12-06 09:57:15.902000+00:00,0.926605504587156,0.9563592140482622,0.8770949720670391,0.8938547486033519,0.9140271493212668,0.8451882845188284,0.9067796610169492,13.0,0.352485461339791,0.8629032258064516,0.9385660980810234,0.961254935524168,0.9017857142857144,0.3592455671819228,0.3338458541385288,0.9307036247334756,0.9553571428571428,,,,,,,,,,,,959fbcd602cc461f8dd89d2625116532,LOCAL,trial_31_fold_3,/home/pborole/timeseries-classification/timeseries-classification/src/modeling/hpo.py,pborole,10649ed5822e9b700ed1cc691e3a0c070b52d1bb,33.0,
9b8d6c5fbc4041cfb1e8bd699d972a07,759131238482572322,FINISHED,file:///home/pborole/timeseries-classification/timeseries-classification/mlruns/759131238482572322/9b8d6c5fbc4041cfb1e8bd699d972a07/artifacts,2025-12-06 09:44:30.287000+00:00,2025-12-06 09:52:38.711000+00:00,0.8091603053435115,0.9057333626858372,0.8044692737430168,0.8268156424581006,0.8724279835390947,0.8772663877266388,0.8523206751054853,38.0,0.3275586311787242,0.808,0.8644722814498934,0.9020624645023424,0.9464285714285714,0.4375246626704764,0.4658173026319323,0.8652052238805971,0.9017857142857144,,,,,,,,,,,,959fbcd602cc461f8dd89d2625116532,LOCAL,trial_31_fold_2,/home/pborole/timeseries-classification/timeseries-classification/src/modeling/hpo.py,pborole,10649ed5822e9b700ed1cc691e3a0c070b52d1bb,58.0,
153b09d47d1e4449a915b8d10c347733,759131238482572322,FINISHED,file:///home/pborole/timeseries-classification/timeseries-classification/mlruns/759131238482572322/153b09d47d1e4449a915b8d10c347733/artifacts,2025-12-06 09:41:18.350000+00:00,2025-12-06 09:44:30.264000+00:00,0.8346456692913385,0.9349030875100912,0.8324022346368715,0.8491620111731844,0.8870292887029289,0.8507670850767085,0.8695652173913043,3.0,0.3623946090871819,0.847457627118644,0.8816631130063965,0.9155303877639176,0.9464285714285714,0.3693191955209444,0.3934978456470553,0.9039179104477612,0.8928571428571429,,,,,,,,,,,,959fbcd602cc461f8dd89d2625116532,LOCAL,trial_31_fold_1,/home/pborole/timeseries-classification/timeseries-classification/src/modeling/hpo.py,pborole,10649ed5822e9b700ed1cc691e3a0c070b52d1bb,23.0,
8f515f37ddfa475cab61f92d85244f23,759131238482572322,FINISHED,file:///home/pborole/timeseries-classification/timeseries-classification/mlruns/759131238482572322/8f515f37ddfa475cab61f92d85244f23/artifacts,2025-12-06 09:37:37.913000+00:00,2025-12-06 09:41:18.309000+00:00,0.8412698412698413,0.9150081818383852,0.8388888888888889,0.8555555555555555,0.8907563025210085,0.8687150837988827,0.8796680497925311,6.0,0.3538011358270432,0.8217054263565892,0.8753939075630253,0.8934799706700018,0.9464285714285714,0.4377340823411941,0.4223504722118377,0.8891806722689075,0.9464285714285714,,,,,,,,,,,,959fbcd602cc461f8dd89d2625116532,LOCAL,trial_31_fold_0,/home/pborole/timeseries-classification/timeseries-classification/src/modeling/hpo.py,pborole,10649ed5822e9b700ed1cc691e3a0c070b52d1bb,26.0,
959fbcd602cc461f8dd89d2625116532,759131238482572322,FAILED,file:///home/pborole/timeseries-classification/timeseries-classification/mlruns/759131238482572322/959fbcd602cc461f8dd89d2625116532/artifacts,2025-12-06 09:37:37.302000+00:00,2025-12-06 09:57:15.957000+00:00,,,,,,,,,,,,,,,,,,,1.0,f1,0.0067087773492478,250.0,20.0,"[20, 10]",0.1707536992704589,MOMENT-1-base,36.0,5.0,,LOCAL,trial_31,/home/pborole/timeseries-classification/timeseries-classification/src/modeling/hpo.py,pborole,10649ed5822e9b700ed1cc691e3a0c070b52d1bb,,39.0
14a237a84c3a48179a56b81c18479ec0,759131238482572322,FINISHED,file:///home/pborole/timeseries-classification/timeseries-classification/mlruns/759131238482572322/14a237a84c3a48179a56b81c18479ec0/artifacts,2025-12-06 09:27:08.691000+00:00,2025-12-06 09:37:36.947000+00:00,0.905982905982906,0.9489678753088652,0.8938547486033519,0.905027932960894,0.925764192139738,0.8535564853556485,0.9170305676855895,53.0,0.3471336019754077,0.8974358974358975,0.9401652452025586,0.9515509967584486,0.9464285714285714,0.2846187802666392,0.2799879021151771,0.937899786780384,0.9375,,,,,,,,,,,,53cbdb77a88b4c0e8d0ae210fa53b074,LOCAL,trial_30_fold_4,/home/pborole/timeseries-classification/timeseries-classification/src/modeling/hpo.py,pborole,10649ed5822e9b700ed1cc691e3a0c070b52d1bb,73.0,
f86ec7f42b6548a6b76592bb900ce827,759131238482572322,FINISHED,file:///home/pborole/timeseries-classification/timeseries-classification/mlruns/759131238482572322/f86ec7f42b6548a6b76592bb900ce827/artifacts,2025-12-06 09:19:14.045000+00:00,2025-12-06 09:27:08.650000+00:00,0.8907563025210085,0.962764325384636,0.8379888268156425,0.8938547486033519,0.9177489177489178,0.8563458856345886,0.8816326530612245,35.0,0.3544125359926263,0.8120300751879699,0.9367670575692963,0.9612103793233312,0.9464285714285714,0.3585387800700504,0.3198321437536005,0.9401652452025586,0.9642857142857144,,,,,,,,,,,,53cbdb77a88b4c0e8d0ae210fa53b074,LOCAL,trial_30_fold_3,/home/pborole/timeseries-classification/timeseries-classification/src/modeling/hpo.py,pborole,10649ed5822e9b700ed1cc691e3a0c070b52d1bb,55.0,
417aae22f6924e9ea58826701cbca246,759131238482572322,FINISHED,file:///home/pborole/timeseries-classification/timeseries-classification/mlruns/759131238482572322/417aae22f6924e9ea58826701cbca246/artifacts,2025-12-06 09:10:54.464000+00:00,2025-12-06 09:19:13.888000+00:00,0.816793893129771,0.8926830860054171,0.8100558659217877,0.8379888268156425,0.8806584362139918,0.8842398884239888,0.8617886178861789,38.0,0.2975796843921789,0.7910447761194029,0.8727345415778252,0.907380032133267,0.9553571428571428,0.4780668801935025,0.428039438897671,0.8604744136460555,0.9464285714285714,,,,,,,,,,,,53cbdb77a88b4c0e8d0ae210fa53b074,LOCAL,trial_30_fold_2,/home/pborole/timeseries-classification/timeseries-classification/src/modeling/hpo.py,pborole,10649ed5822e9b700ed1cc691e3a0c070b52d1bb,58.0,
798cf7ee865f4471bac9e22fe7815f12,759131238482572322,FINISHED,file:///home/pborole/timeseries-classification/timeseries-classification/mlruns/759131238482572322/798cf7ee865f4471bac9e22fe7815f12/artifacts,2025-12-06 09:07:24.923000+00:00,2025-12-06 09:10:54.428000+00:00,0.8467741935483871,0.9393119859374104,0.8435754189944135,0.8547486033519553,0.8898305084745762,0.8619246861924686,0.8803418803418803,4.0,0.3598424096486558,0.8442622950819673,0.8848614072494669,0.9179872369804452,0.9375,0.3649471379691662,0.4052196972529981,0.9096481876332624,0.9196428571428572,,,,,,,,,,,,53cbdb77a88b4c0e8d0ae210fa53b074,LOCAL,trial_30_fold_1,/home/pborole/timeseries-classification/timeseries-classification/src/modeling/hpo.py,pborole,10649ed5822e9b700ed1cc691e3a0c070b52d1bb,24.0,
d4610eec96204ef09ee6c45f14b1725c,759131238482572322,FINISHED,file:///home/pborole/timeseries-classification/timeseries-classification/mlruns/759131238482572322/d4610eec96204ef09ee6c45f14b1725c/artifacts,2025-12-06 09:02:06.014000+00:00,2025-12-06 09:07:24.883000+00:00,0.8359375,0.9157660515511802,0.8444444444444444,0.8555555555555555,0.8916666666666667,0.8701117318435754,0.8823529411764706,17.0,0.3161336273870654,0.8333333333333334,0.8891806722689075,0.9132100485343968,0.9553571428571428,0.4550137615038289,0.4225525880025493,0.8889180672268907,0.9375,,,,,,,,,,,,53cbdb77a88b4c0e8d0ae210fa53b074,LOCAL,trial_30_fold_0,/home/pborole/timeseries-classification/timeseries-classification/src/modeling/hpo.py,pborole,10649ed5822e9b700ed1cc691e3a0c070b52d1bb,37.0,
53cbdb77a88b4c0e8d0ae210fa53b074,759131238482572322,FINISHED,file:///home/pborole/timeseries-classification/timeseries-classification/mlruns/759131238482572322/53cbdb77a88b4c0e8d0ae210fa53b074/artifacts,2025-12-06 09:02:05.497000+00:00,2025-12-06 09:37:37.086000+00:00,,,,,,,,,,,,,,,,,,0.901133744248778,,f1,0.0052070811742908,250.0,20.0,"[20, 10]",0.1824307851413302,MOMENT-1-base,29.0,5.0,,LOCAL,trial_30,/home/pborole/timeseries-classification/timeseries-classification/src/modeling/hpo.py,pborole,10649ed5822e9b700ed1cc691e3a0c070b52d1bb,,40.0
cc53fc3fe45f4687955fe745afab45e2,759131238482572322,FINISHED,file:///home/pborole/timeseries-classification/timeseries-classification/mlruns/759131238482572322/cc53fc3fe45f4687955fe745afab45e2/artifacts,2025-12-06 08:53:16.629000+00:00,2025-12-06 09:02:05.166000+00:00,0.8925619834710744,0.9522523637861322,0.8938547486033519,0.905027932960894,0.927038626609442,0.8605299860529986,0.9170305676855895,40.0,0.3340488853065538,0.8974358974358975,0.9380330490405118,0.9510306260071896,0.9642857142857144,0.279250567518799,0.278516816193831,0.9386993603411512,0.9375,,,,,,,,,,,,c50607ec5fd145c1b86e349631cc08f4,LOCAL,trial_29_fold_4,/home/pborole/timeseries-classification/timeseries-classification/src/modeling/hpo.py,pborole,10649ed5822e9b700ed1cc691e3a0c070b52d1bb,60.0,
46cbe680ce4a4c2198a1f2ece8bf2e03,759131238482572322,FINISHED,file:///home/pborole/timeseries-classification/timeseries-classification/mlruns/759131238482572322/46cbe680ce4a4c2198a1f2ece8bf2e03/artifacts,2025-12-06 08:47:20.758000+00:00,2025-12-06 08:53:16.582000+00:00,0.9051724137931034,0.9616992455661896,0.8938547486033519,0.8994413407821229,0.9210526315789472,0.8521617852161785,0.9170305676855895,21.0,0.3407483975009439,0.8974358974358975,0.9299040511727078,0.9537965647478072,0.9375,0.3135316523426738,0.3373020079881785,0.9380330490405118,0.9375,,,,,,,,,,,,c50607ec5fd145c1b86e349631cc08f4,LOCAL,trial_29_fold_3,/home/pborole/timeseries-classification/timeseries-classification/src/modeling/hpo.py,pborole,10649ed5822e9b700ed1cc691e3a0c070b52d1bb,41.0,
83affbf54b7f41b3a936a0de8af0a0e5,759131238482572322,FINISHED,file:///home/pborole/timeseries-classification/timeseries-classification/mlruns/759131238482572322/83affbf54b7f41b3a936a0de8af0a0e5/artifacts,2025-12-06 08:38:55.535000+00:00,2025-12-06 08:47:20.631000+00:00,0.7985074626865671,0.8896920654771379,0.7932960893854749,0.8212290502793296,0.8699186991869918,0.8563458856345886,0.8412017167381974,38.0,0.3771267518338798,0.8099173553719008,0.8547441364605544,0.8937227769211649,0.9553571428571428,0.4533062853626698,0.4638968784382889,0.8556769722814497,0.875,,,,,,,,,,,,c50607ec5fd145c1b86e349631cc08f4,LOCAL,trial_29_fold_2,/home/pborole/timeseries-classification/timeseries-classification/src/modeling/hpo.py,pborole,10649ed5822e9b700ed1cc691e3a0c070b52d1bb,58.0,
8c962473add849a59951d4b628fb731a,759131238482572322,FINISHED,file:///home/pborole/timeseries-classification/timeseries-classification/mlruns/759131238482572322/8c962473add849a59951d4b628fb731a/artifacts,2025-12-06 08:34:49.294000+00:00,2025-12-06 08:38:55.414000+00:00,0.84,0.9317250939169548,0.8324022346368715,0.8491620111731844,0.8860759493670886,0.8647140864714087,0.8728813559322034,8.0,0.3627473127143652,0.8306451612903226,0.8811300639658849,0.9106671781823716,0.9375,0.3862423234145734,0.4082268461501798,0.898320895522388,0.9196428571428572,,,,,,,,,,,,c50607ec5fd145c1b86e349631cc08f4,LOCAL,trial_29_fold_1,/home/pborole/timeseries-classification/timeseries-classification/src/modeling/hpo.py,pborole,10649ed5822e9b700ed1cc691e3a0c070b52d1bb,28.0,
9d2817fb672645da9f2fd4a19783254d,759131238482572322,FINISHED,file:///home/pborole/timeseries-classification/timeseries-classification/mlruns/759131238482572322/9d2817fb672645da9f2fd4a19783254d/artifacts,2025-12-06 08:30:17.800000+00:00,2025-12-06 08:34:49.228000+00:00,0.84251968503937,0.9149629441761226,0.8333333333333334,0.8611111111111112,0.895397489539749,0.8533519553072626,0.8717948717948718,11.0,0.3758267677030084,0.8360655737704918,0.8778886554621849,0.904116871416016,0.9553571428571428,0.4002470990022023,0.414591372013092,0.8869485294117647,0.9107142857142856,,,,,,,,,,,,c50607ec5fd145c1b86e349631cc08f4,LOCAL,trial_29_fold_0,/home/pborole/timeseries-classification/timeseries-classification/src/modeling/hpo.py,pborole,10649ed5822e9b700ed1cc691e3a0c070b52d1bb,31.0,
c50607ec5fd145c1b86e349631cc08f4,759131238482572322,FINISHED,file:///home/pborole/timeseries-classification/timeseries-classification/mlruns/759131238482572322/c50607ec5fd145c1b86e349631cc08f4/artifacts,2025-12-06 08:30:17.251000+00:00,2025-12-06 09:02:05.299000+00:00,,,,,,,,,,,,,,,,,,0.8998966792564437,,f1,0.001460192031497,250.0,20.0,"[20, 10]",0.2417821064248973,MOMENT-1-base,24.0,5.0,,LOCAL,trial_29,/home/pborole/timeseries-classification/timeseries-classification/src/modeling/hpo.py,pborole,10649ed5822e9b700ed1cc691e3a0c070b52d1bb,,52.0
d142f4695ab44a91b98e8ed11482f337,759131238482572322,FINISHED,file:///home/pborole/timeseries-classification/timeseries-classification/mlruns/759131238482572322/d142f4695ab44a91b98e8ed11482f337/artifacts,2025-12-06 08:23:20.090000+00:00,2025-12-06 08:30:16.957000+00:00,0.8790322580645161,0.9431958229305444,0.88268156424581,0.8994413407821229,0.923728813559322,0.8493723849372385,0.9121338912133892,25.0,0.3315892439008258,0.8582677165354331,0.9347014925373136,0.9501275828451644,0.9732142857142856,0.3171685332921464,0.3229745623119716,0.9292377398720684,0.9732142857142856,,,,,,,,,,,,6ab88f9a1cd643f29f56f55d70344eeb,LOCAL,trial_28_fold_4,/home/pborole/timeseries-classification/timeseries-classification/src/modeling/hpo.py,pborole,10649ed5822e9b700ed1cc691e3a0c070b52d1bb,45.0,
05b66176f7bb49d18dccea82cef1d0dd,759131238482572322,FINISHED,file:///home/pborole/timeseries-classification/timeseries-classification/mlruns/759131238482572322/05b66176f7bb49d18dccea82cef1d0dd/artifacts,2025-12-06 08:16:30.004000+00:00,2025-12-06 08:23:20.009000+00:00,0.8907563025210085,0.9480728915941644,0.8770949720670391,0.8938547486033519,0.9177489177489178,0.8716875871687587,0.9043478260869564,24.0,0.3125583155384622,0.8813559322033898,0.9363006396588486,0.9591958059783432,0.9464285714285714,0.3699642042707464,0.3436527055526912,0.9239072494669508,0.9285714285714286,,,,,,,,,,,,6ab88f9a1cd643f29f56f55d70344eeb,LOCAL,trial_28_fold_3,/home/pborole/timeseries-classification/timeseries-classification/src/modeling/hpo.py,pborole,10649ed5822e9b700ed1cc691e3a0c070b52d1bb,44.0,
fb5f8ef5c06d47ba8078689174f4cf83,759131238482572322,FINISHED,file:///home/pborole/timeseries-classification/timeseries-classification/mlruns/759131238482572322/fb5f8ef5c06d47ba8078689174f4cf83/artifacts,2025-12-06 08:09:59.345000+00:00,2025-12-06 08:16:29.953000+00:00,0.8225806451612904,0.8940483503928935,0.7932960893854749,0.8212290502793296,0.864406779661017,0.8800557880055788,0.832579185520362,22.0,0.28994434325848,0.8440366972477065,0.8584754797441365,0.8927545687020985,0.9107142857142856,0.4679549206568542,0.4506183225016354,0.8543443496801706,0.8214285714285714,,,,,,,,,,,,6ab88f9a1cd643f29f56f55d70344eeb,LOCAL,trial_28_fold_2,/home/pborole/timeseries-classification/timeseries-classification/src/modeling/hpo.py,pborole,10649ed5822e9b700ed1cc691e3a0c070b52d1bb,42.0,
4527897cfa1c455c9adf9c84b6d133dc,759131238482572322,FINISHED,file:///home/pborole/timeseries-classification/timeseries-classification/mlruns/759131238482572322/4527897cfa1c455c9adf9c84b6d133dc/artifacts,2025-12-06 08:02:07.414000+00:00,2025-12-06 08:09:59.214000+00:00,0.8717948717948718,0.9450866543109216,0.8547486033519553,0.8603351955307262,0.8908296943231441,0.8702928870292888,0.8888888888888888,30.0,0.3233430176516124,0.8524590163934426,0.9119136460554372,0.9408956660948068,0.9107142857142856,0.3397483665641793,0.3545771511531742,0.9169109808102344,0.9285714285714286,,,,,,,,,,,,6ab88f9a1cd643f29f56f55d70344eeb,LOCAL,trial_28_fold_1,/home/pborole/timeseries-classification/timeseries-classification/src/modeling/hpo.py,pborole,10649ed5822e9b700ed1cc691e3a0c070b52d1bb,50.0,
a95f5c7d06af4592b1cf870b54f78e74,759131238482572322,FINISHED,file:///home/pborole/timeseries-classification/timeseries-classification/mlruns/759131238482572322/a95f5c7d06af4592b1cf870b54f78e74/artifacts,2025-12-06 07:56:29.549000+00:00,2025-12-06 08:02:07.336000+00:00,0.84251968503937,0.9137910478533784,0.85,0.8611111111111112,0.895397489539749,0.8519553072625698,0.8851063829787233,16.0,0.3355714358264507,0.8455284552845529,0.8872111344537814,0.9126850736999076,0.9553571428571428,0.423707256714503,0.4427372174130545,0.890625,0.9285714285714286,,,,,,,,,,,,6ab88f9a1cd643f29f56f55d70344eeb,LOCAL,trial_28_fold_0,/home/pborole/timeseries-classification/timeseries-classification/src/modeling/hpo.py,pborole,10649ed5822e9b700ed1cc691e3a0c070b52d1bb,36.0,
6ab88f9a1cd643f29f56f55d70344eeb,759131238482572322,FINISHED,file:///home/pborole/timeseries-classification/timeseries-classification/mlruns/759131238482572322/6ab88f9a1cd643f29f56f55d70344eeb/artifacts,2025-12-06 07:56:29.133000+00:00,2025-12-06 08:30:17.037000+00:00,,,,,,,,,,,,,,,,,,0.8984223389664299,,f1,0.0060111395167108,250.0,20.0,"[20, 10]",0.0753925338570067,MOMENT-1-base,16.0,5.0,,LOCAL,trial_28,/home/pborole/timeseries-classification/timeseries-classification/src/modeling/hpo.py,pborole,10649ed5822e9b700ed1cc691e3a0c070b52d1bb,,43.0
4b3d261af4ae4769ae78c5cb69505c05,759131238482572322,FINISHED,file:///home/pborole/timeseries-classification/timeseries-classification/mlruns/759131238482572322/4b3d261af4ae4769ae78c5cb69505c05/artifacts,2025-12-06 07:50:17.532000+00:00,2025-12-06 07:56:28.865000+00:00,0.872,0.9427531226467076,0.8715083798882681,0.8938547486033519,0.919831223628692,0.8507670850767085,0.8959276018099548,21.0,0.3525985921817511,0.908256880733945,0.9312366737739872,0.9435553040460372,0.9732142857142856,0.3294990281652472,0.3066844126865184,0.9308368869936032,0.8839285714285714,,,,,,,,,,,,382f9a81a87746939e4224f6a0bf4647,LOCAL,trial_27_fold_4,/home/pborole/timeseries-classification/timeseries-classification/src/modeling/hpo.py,pborole,10649ed5822e9b700ed1cc691e3a0c070b52d1bb,41.0,
7fc15d32fa9244838e79dce3197eb26f,759131238482572322,FINISHED,file:///home/pborole/timeseries-classification/timeseries-classification/mlruns/759131238482572322/7fc15d32fa9244838e79dce3197eb26f/artifacts,2025-12-06 07:40:21.126000+00:00,2025-12-06 07:50:17.462000+00:00,0.905982905982906,0.9554348459516548,0.88268156424581,0.905027932960894,0.925764192139738,0.8856345885634589,0.9098712446351932,46.0,0.2862216242935867,0.8760330578512396,0.9324360341151386,0.954198738131355,0.9464285714285714,0.35683863675586,0.320851349714082,0.9339019189765458,0.9464285714285714,,,,,,,,,,,,382f9a81a87746939e4224f6a0bf4647,LOCAL,trial_27_fold_3,/home/pborole/timeseries-classification/timeseries-classification/src/modeling/hpo.py,pborole,10649ed5822e9b700ed1cc691e3a0c070b52d1bb,66.0,
ba2552c13c0844c0a27a4dcc465f8be3,759131238482572322,FINISHED,file:///home/pborole/timeseries-classification/timeseries-classification/mlruns/759131238482572322/ba2552c13c0844c0a27a4dcc465f8be3/artifacts,2025-12-06 07:32:10.296000+00:00,2025-12-06 07:40:21.039000+00:00,0.8416666666666667,0.8998156548333671,0.7877094972067039,0.8324022346368715,0.8706896551724138,0.8758716875871687,0.8492063492063492,34.0,0.2794822399534358,0.7642857142857142,0.8647388059701492,0.8992353989151254,0.9017857142857144,0.4638994995442183,0.4329306839564659,0.8616737739872068,0.9553571428571428,,,,,,,,,,,,382f9a81a87746939e4224f6a0bf4647,LOCAL,trial_27_fold_2,/home/pborole/timeseries-classification/timeseries-classification/src/modeling/hpo.py,pborole,10649ed5822e9b700ed1cc691e3a0c070b52d1bb,54.0,
a2b6e701be5144a2b76ca2d740b1eb74,759131238482572322,FINISHED,file:///home/pborole/timeseries-classification/timeseries-classification/mlruns/759131238482572322/a2b6e701be5144a2b76ca2d740b1eb74/artifacts,2025-12-06 07:21:02.269000+00:00,2025-12-06 07:32:10.141000+00:00,0.865546218487395,0.9334155543164718,0.8435754189944135,0.8603351955307262,0.8917748917748918,0.8898186889818689,0.8782608695652174,54.0,0.249638318475154,0.8559322033898306,0.9076492537313432,0.9387381554638428,0.9196428571428572,0.4016492957842416,0.3699440436240015,0.902318763326226,0.9017857142857144,,,,,,,,,,,,382f9a81a87746939e4224f6a0bf4647,LOCAL,trial_27_fold_1,/home/pborole/timeseries-classification/timeseries-classification/src/modeling/hpo.py,pborole,10649ed5822e9b700ed1cc691e3a0c070b52d1bb,74.0,
c9ddd69f5a024e248ddda221fd1fc1da,759131238482572322,FINISHED,file:///home/pborole/timeseries-classification/timeseries-classification/mlruns/759131238482572322/c9ddd69f5a024e248ddda221fd1fc1da/artifacts,2025-12-06 07:17:04.697000+00:00,2025-12-06 07:21:02.144000+00:00,0.8307692307692308,0.9145667319392472,0.8388888888888889,0.8555555555555555,0.8925619834710744,0.8687150837988827,0.8722466960352423,6.0,0.3306333718498825,0.8608695652173913,0.8805147058823529,0.9071352342865348,0.9642857142857144,0.4061393423212899,0.425490684972869,0.8895745798319328,0.8839285714285714,,,,,,,,,,,,382f9a81a87746939e4224f6a0bf4647,LOCAL,trial_27_fold_0,/home/pborole/timeseries-classification/timeseries-classification/src/modeling/hpo.py,pborole,10649ed5822e9b700ed1cc691e3a0c070b52d1bb,26.0,
382f9a81a87746939e4224f6a0bf4647,759131238482572322,FINISHED,file:///home/pborole/timeseries-classification/timeseries-classification/mlruns/759131238482572322/382f9a81a87746939e4224f6a0bf4647/artifacts,2025-12-06 07:17:04.271000+00:00,2025-12-06 07:56:28.961000+00:00,,,,,,,,,,,,,,,,,,0.9001243892373619,,f1,0.0024519167346631,250.0,20.0,"[20, 10]",0.0383941579216493,MOMENT-1-base,19.0,5.0,,LOCAL,trial_27,/home/pborole/timeseries-classification/timeseries-classification/src/modeling/hpo.py,pborole,10649ed5822e9b700ed1cc691e3a0c070b52d1bb,,43.0
1a965f3e2a484628adb10c055f254ca3,759131238482572322,FINISHED,file:///home/pborole/timeseries-classification/timeseries-classification/mlruns/759131238482572322/1a965f3e2a484628adb10c055f254ca3/artifacts,2025-12-06 07:09:20.902000+00:00,2025-12-06 07:17:04.018000+00:00,0.872,0.9397856350600108,0.888268156424581,0.8938547486033519,0.919831223628692,0.8619246861924686,0.9130434782608696,33.0,0.3474502850692808,0.8898305084745762,0.92590618336887,0.9387882663428284,0.9732142857142856,0.3006238774214377,0.3067734949082635,0.9293710021321964,0.9375,,,,,,,,,,,,1aa6d5b4a1bb4a548936229e4a63f2fd,LOCAL,trial_26_fold_4,/home/pborole/timeseries-classification/timeseries-classification/src/modeling/hpo.py,pborole,10649ed5822e9b700ed1cc691e3a0c070b52d1bb,53.0,
32c1b2d5806844b0bf0fe0a17739b54e,759131238482572322,FINISHED,file:///home/pborole/timeseries-classification/timeseries-classification/mlruns/759131238482572322/32c1b2d5806844b0bf0fe0a17739b54e/artifacts,2025-12-06 07:01:52.185000+00:00,2025-12-06 07:09:20.785000+00:00,0.8907563025210085,0.959251984298116,0.88268156424581,0.8938547486033519,0.9177489177489178,0.8521617852161785,0.9082969432314412,31.0,0.37885457967282,0.8888888888888888,0.9341018123667376,0.9563425008572286,0.9464285714285714,0.3055090612872352,0.3183709396330338,0.9369669509594882,0.9285714285714286,,,,,,,,,,,,1aa6d5b4a1bb4a548936229e4a63f2fd,LOCAL,trial_26_fold_3,/home/pborole/timeseries-classification/timeseries-classification/src/modeling/hpo.py,pborole,10649ed5822e9b700ed1cc691e3a0c070b52d1bb,51.0,
af9452836322431cb1da4676df0915fe,759131238482572322,FINISHED,file:///home/pborole/timeseries-classification/timeseries-classification/mlruns/759131238482572322/af9452836322431cb1da4676df0915fe/artifacts,2025-12-06 06:57:57.519000+00:00,2025-12-06 07:01:52.157000+00:00,0.7851851851851852,0.9051068925211144,0.7988826815642458,0.8044692737430168,0.8582995951417004,0.8605299860529986,0.8536585365853658,7.0,0.359296780313408,0.7835820895522388,0.8231609808102346,0.8564511210629531,0.9464285714285714,0.4527624102944102,0.4902964287630006,0.861273987206823,0.9375,,,,,,,,,,,,1aa6d5b4a1bb4a548936229e4a63f2fd,LOCAL,trial_26_fold_2,/home/pborole/timeseries-classification/timeseries-classification/src/modeling/hpo.py,pborole,10649ed5822e9b700ed1cc691e3a0c070b52d1bb,27.0,
8313d20501f54892b9dc13dcfb7cf0e0,759131238482572322,FINISHED,file:///home/pborole/timeseries-classification/timeseries-classification/mlruns/759131238482572322/8313d20501f54892b9dc13dcfb7cf0e0/artifacts,2025-12-06 06:53:43.529000+00:00,2025-12-06 06:57:57.328000+00:00,0.8333333333333334,0.9312047389816456,0.8324022346368715,0.8435754189944135,0.8823529411764706,0.8563458856345886,0.8706896551724138,9.0,0.3642658147353009,0.8416666666666667,0.8716684434968017,0.9017756821976598,0.9375,0.3789409309126145,0.4097039563029838,0.8999200426439232,0.9017857142857144,,,,,,,,,,,,1aa6d5b4a1bb4a548936229e4a63f2fd,LOCAL,trial_26_fold_1,/home/pborole/timeseries-classification/timeseries-classification/src/modeling/hpo.py,pborole,10649ed5822e9b700ed1cc691e3a0c070b52d1bb,29.0,
c8fcd65e32e441aeb8130eba6df622c5,759131238482572322,FINISHED,file:///home/pborole/timeseries-classification/timeseries-classification/mlruns/759131238482572322/c8fcd65e32e441aeb8130eba6df622c5/artifacts,2025-12-06 06:47:50.446000+00:00,2025-12-06 06:53:43.501000+00:00,0.848,0.9156474906779232,0.8555555555555555,0.8611111111111112,0.8945147679324894,0.8687150837988827,0.8898305084745762,21.0,0.331369277943113,0.8467741935483871,0.8843224789915966,0.9086981189055772,0.9464285714285714,0.3985871583223342,0.4004202071163389,0.8914128151260504,0.9375,,,,,,,,,,,,1aa6d5b4a1bb4a548936229e4a63f2fd,LOCAL,trial_26_fold_0,/home/pborole/timeseries-classification/timeseries-classification/src/modeling/hpo.py,pborole,10649ed5822e9b700ed1cc691e3a0c070b52d1bb,41.0,
1aa6d5b4a1bb4a548936229e4a63f2fd,759131238482572322,FAILED,file:///home/pborole/timeseries-classification/timeseries-classification/mlruns/759131238482572322/1aa6d5b4a1bb4a548936229e4a63f2fd/artifacts,2025-12-06 06:47:50.087000+00:00,2025-12-06 07:17:04.091000+00:00,,,,,,,,,,,,,,,,,,,1.0,f1,0.0010129481179697,250.0,20.0,"[20, 10]",0.0972619535320862,MOMENT-1-base,26.0,5.0,,LOCAL,trial_26,/home/pborole/timeseries-classification/timeseries-classification/src/modeling/hpo.py,pborole,10649ed5822e9b700ed1cc691e3a0c070b52d1bb,,21.0
f600c91ff0c543e18843bd2ea901b851,759131238482572322,FINISHED,file:///home/pborole/timeseries-classification/timeseries-classification/mlruns/759131238482572322/f600c91ff0c543e18843bd2ea901b851/artifacts,2025-12-06 06:43:55.263000+00:00,2025-12-06 06:47:49.844000+00:00,0.8907563025210085,0.9433754207588684,0.8603351955307262,0.8938547486033519,0.9177489177489178,0.8326359832635983,0.8888888888888888,7.0,0.3639010447421665,0.8849557522123894,0.9231076759061834,0.9318912477472776,0.9464285714285714,0.3213341455885818,0.3107511546025729,0.9244402985074628,0.8928571428571429,,,,,,,,,,,,a2504acc6b8d4012af80c7d10e407093,LOCAL,trial_25_fold_4,/home/pborole/timeseries-classification/timeseries-classification/src/modeling/hpo.py,pborole,10649ed5822e9b700ed1cc691e3a0c070b52d1bb,27.0,
83170e09777b4a00a2e8c98741018995,759131238482572322,FINISHED,file:///home/pborole/timeseries-classification/timeseries-classification/mlruns/759131238482572322/83170e09777b4a00a2e8c98741018995/artifacts,2025-12-06 06:38:15.882000+00:00,2025-12-06 06:43:55.205000+00:00,0.912280701754386,0.962441789194425,0.888268156424581,0.8994413407821229,0.9203539823008848,0.8577405857740585,0.9130434782608696,19.0,0.3151038095999296,0.8898305084745762,0.9380330490405115,0.9603053433750668,0.9285714285714286,0.3394878722269442,0.3278176466512946,0.9361673773987208,0.9375,,,,,,,,,,,,a2504acc6b8d4012af80c7d10e407093,LOCAL,trial_25_fold_3,/home/pborole/timeseries-classification/timeseries-classification/src/modeling/hpo.py,pborole,10649ed5822e9b700ed1cc691e3a0c070b52d1bb,39.0,
3bc83d56eb8a4717a75c3537c0692beb,759131238482572322,FINISHED,file:///home/pborole/timeseries-classification/timeseries-classification/mlruns/759131238482572322/3bc83d56eb8a4717a75c3537c0692beb/artifacts,2025-12-06 06:31:28.905000+00:00,2025-12-06 06:38:15.820000+00:00,0.8153846153846154,0.8943686601381386,0.8156424581005587,0.8324022346368715,0.8760330578512396,0.8870292887029289,0.8641975308641975,27.0,0.3045385913868828,0.8015267175572519,0.8708022388059702,0.8996298834201425,0.9464285714285714,0.4864336044095748,0.4366349829308814,0.8586753731343283,0.9375,,,,,,,,,,,,a2504acc6b8d4012af80c7d10e407093,LOCAL,trial_25_fold_2,/home/pborole/timeseries-classification/timeseries-classification/src/modeling/hpo.py,pborole,10649ed5822e9b700ed1cc691e3a0c070b52d1bb,47.0,
3dbd2f7dc1ba46ff8c9fdf7b7e9a11bb,759131238482572322,FINISHED,file:///home/pborole/timeseries-classification/timeseries-classification/mlruns/759131238482572322/3dbd2f7dc1ba46ff8c9fdf7b7e9a11bb/artifacts,2025-12-06 06:28:07.824000+00:00,2025-12-06 06:31:28.821000+00:00,0.8536585365853658,0.9382454720793556,0.8324022346368715,0.8603351955307262,0.8936170212765957,0.8591352859135286,0.8728813559322034,3.0,0.3438765299370099,0.8306451612903226,0.8825959488272921,0.9131205348184817,0.9375,0.3724953227535972,0.3935927081041496,0.9076492537313432,0.9196428571428572,,,,,,,,,,,,a2504acc6b8d4012af80c7d10e407093,LOCAL,trial_25_fold_1,/home/pborole/timeseries-classification/timeseries-classification/src/modeling/hpo.py,pborole,10649ed5822e9b700ed1cc691e3a0c070b52d1bb,23.0,
241f9705ef6a4ce8bdcb4abbd9d2c3a7,759131238482572322,FINISHED,file:///home/pborole/timeseries-classification/timeseries-classification/mlruns/759131238482572322/241f9705ef6a4ce8bdcb4abbd9d2c3a7/artifacts,2025-12-06 06:19:09.881000+00:00,2025-12-06 06:28:07.776000+00:00,0.8503937007874016,0.9211921767466278,0.8277777777777777,0.8722222222222222,0.9037656903765692,0.8812849162011173,0.8734693877551021,42.0,0.2933272429892803,0.8045112781954887,0.8931197478991597,0.914899917841062,0.9642857142857144,0.4917724715338813,0.451987743543254,0.896796218487395,0.9553571428571428,,,,,,,,,,,,a2504acc6b8d4012af80c7d10e407093,LOCAL,trial_25_fold_0,/home/pborole/timeseries-classification/timeseries-classification/src/modeling/hpo.py,pborole,10649ed5822e9b700ed1cc691e3a0c070b52d1bb,62.0,
a2504acc6b8d4012af80c7d10e407093,759131238482572322,FINISHED,file:///home/pborole/timeseries-classification/timeseries-classification/mlruns/759131238482572322/a2504acc6b8d4012af80c7d10e407093/artifacts,2025-12-06 06:19:09.509000+00:00,2025-12-06 06:47:49.912000+00:00,,,,,,,,,,,,,,,,,,0.9023037339108416,,f1,0.0054410251845396,250.0,20.0,"[20, 10]",0.0905594766346068,MOMENT-1-base,26.0,5.0,,LOCAL,trial_25,/home/pborole/timeseries-classification/timeseries-classification/src/modeling/hpo.py,pborole,10649ed5822e9b700ed1cc691e3a0c070b52d1bb,,49.0
20cb7071f8b54d20b1324b1e5dc10787,759131238482572322,FINISHED,file:///home/pborole/timeseries-classification/timeseries-classification/mlruns/759131238482572322/20cb7071f8b54d20b1324b1e5dc10787/artifacts,2025-12-06 06:11:36.647000+00:00,2025-12-06 06:19:09.237000+00:00,0.8760330578512396,0.9419545290801415,0.88268156424581,0.88268156424581,0.9098712446351932,0.8410041841004184,0.9098712446351932,30.0,0.4015529277101886,0.8760330578512396,0.9212420042643924,0.9306258060533654,0.9464285714285714,0.3141713428763704,0.3356020431445297,0.9284381663113006,0.9464285714285714,,,,,,,,,,,,9b5c2d3869a943838f478ddb9f2b822a,LOCAL,trial_24_fold_4,/home/pborole/timeseries-classification/timeseries-classification/src/modeling/hpo.py,pborole,10649ed5822e9b700ed1cc691e3a0c070b52d1bb,50.0,
cce3796cfb354b88b2bc531dfc782bd5,759131238482572322,FINISHED,file:///home/pborole/timeseries-classification/timeseries-classification/mlruns/759131238482572322/cce3796cfb354b88b2bc531dfc782bd5/artifacts,2025-12-06 06:05:35.177000+00:00,2025-12-06 06:11:36.608000+00:00,0.8617886178861789,0.9542077394288212,0.8715083798882681,0.8715083798882681,0.902127659574468,0.8172942817294282,0.9012875536480688,20.0,0.434255181994897,0.8677685950413223,0.9148454157782516,0.9334865749006662,0.9464285714285714,0.3490606781157701,0.3943776375088612,0.931636460554371,0.9375,,,,,,,,,,,,9b5c2d3869a943838f478ddb9f2b822a,LOCAL,trial_24_fold_3,/home/pborole/timeseries-classification/timeseries-classification/src/modeling/hpo.py,pborole,10649ed5822e9b700ed1cc691e3a0c070b52d1bb,40.0,
7ca8fad1aeb64447aad72ffea0d62cc0,759131238482572322,FINISHED,file:///home/pborole/timeseries-classification/timeseries-classification/mlruns/759131238482572322/7ca8fad1aeb64447aad72ffea0d62cc0/artifacts,2025-12-06 05:59:15.050000+00:00,2025-12-06 06:05:35.087000+00:00,0.782608695652174,0.8947185654224388,0.8044692737430168,0.8100558659217877,0.864,0.8591352859135286,0.8571428571428571,22.0,0.3839092841748579,0.7894736842105263,0.8208955223880597,0.8464401239821373,0.9642857142857144,0.4668668703326966,0.5073297912848063,0.847547974413646,0.9375,,,,,,,,,,,,9b5c2d3869a943838f478ddb9f2b822a,LOCAL,trial_24_fold_2,/home/pborole/timeseries-classification/timeseries-classification/src/modeling/hpo.py,pborole,10649ed5822e9b700ed1cc691e3a0c070b52d1bb,42.0,
d88425dda4864ef1a211282e2b8c107d,759131238482572322,FINISHED,file:///home/pborole/timeseries-classification/timeseries-classification/mlruns/759131238482572322/d88425dda4864ef1a211282e2b8c107d/artifacts,2025-12-06 05:50:20.574000+00:00,2025-12-06 05:59:14.966000+00:00,0.8455284552845529,0.9249880874384832,0.8435754189944135,0.8491620111731844,0.8851063829787233,0.8493723849372385,0.8793103448275862,40.0,0.368053054564335,0.85,0.8821961620469083,0.9129268124709268,0.9285714285714286,0.3885486604614631,0.3970223300616834,0.8936567164179104,0.9107142857142856,,,,,,,,,,,,9b5c2d3869a943838f478ddb9f2b822a,LOCAL,trial_24_fold_1,/home/pborole/timeseries-classification/timeseries-classification/src/modeling/hpo.py,pborole,10649ed5822e9b700ed1cc691e3a0c070b52d1bb,60.0,
815827c7a3834e5591adbf6149317a78,759131238482572322,FINISHED,file:///home/pborole/timeseries-classification/timeseries-classification/mlruns/759131238482572322/815827c7a3834e5591adbf6149317a78/artifacts,2025-12-06 05:43:39.689000+00:00,2025-12-06 05:50:20.536000+00:00,0.8359375,0.908514746570009,0.85,0.8555555555555555,0.8916666666666667,0.8449720670391061,0.8870292887029289,24.0,0.4046107585120467,0.8346456692913385,0.8789390756302521,0.9124230184299774,0.9553571428571428,0.4121981962687439,0.4349691461357805,0.8819590336134454,0.9464285714285714,,,,,,,,,,,,9b5c2d3869a943838f478ddb9f2b822a,LOCAL,trial_24_fold_0,/home/pborole/timeseries-classification/timeseries-classification/src/modeling/hpo.py,pborole,10649ed5822e9b700ed1cc691e3a0c070b52d1bb,44.0,
9b5c2d3869a943838f478ddb9f2b822a,759131238482572322,FAILED,file:///home/pborole/timeseries-classification/timeseries-classification/mlruns/759131238482572322/9b5c2d3869a943838f478ddb9f2b822a/artifacts,2025-12-06 05:43:39.270000+00:00,2025-12-06 06:19:09.374000+00:00,,,,,,,,,,,,,,,,,,,1.0,f1,0.0002055782359136,250.0,20.0,"[20, 10]",0.20760330818165,MOMENT-1-base,19.0,5.0,,LOCAL,trial_24,/home/pborole/timeseries-classification/timeseries-classification/src/modeling/hpo.py,pborole,10649ed5822e9b700ed1cc691e3a0c070b52d1bb,,35.0
6e4356e22f2e4c92a2c2f77ba267816c,759131238482572322,FINISHED,file:///home/pborole/timeseries-classification/timeseries-classification/mlruns/759131238482572322/6e4356e22f2e4c92a2c2f77ba267816c/artifacts,2025-12-06 05:39:08.743000+00:00,2025-12-06 05:43:39.021000+00:00,0.8974358974358975,0.9570672754639676,0.8715083798882681,0.8938547486033519,0.9170305676855895,0.8535564853556485,0.902127659574468,11.0,0.3557388267662984,0.8617886178861789,0.9341684434968016,0.9577805408837008,0.9375,0.353513989077267,0.3226691100683958,0.9304371002132196,0.9464285714285714,,,,,,,,,,,,8cd96b287d1947298fdeebc6c722bf06,LOCAL,trial_23_fold_3,/home/pborole/timeseries-classification/timeseries-classification/src/modeling/hpo.py,pborole,10649ed5822e9b700ed1cc691e3a0c070b52d1bb,31.0,
c7df46c80bd645529f69d5fa2f313bd6,759131238482572322,FINISHED,file:///home/pborole/timeseries-classification/timeseries-classification/mlruns/759131238482572322/c7df46c80bd645529f69d5fa2f313bd6/artifacts,2025-12-06 05:31:23.279000+00:00,2025-12-06 05:39:08.647000+00:00,0.847457627118644,0.8911467825185132,0.7821229050279329,0.8324022346368715,0.8695652173913043,0.8507670850767085,0.8311688311688312,34.0,0.3064576537663966,0.8067226890756303,0.8719349680170576,0.9114120232626776,0.8928571428571429,0.4681558905367078,0.4520769899284373,0.8488805970149255,0.8571428571428571,,,,,,,,,,,,8cd96b287d1947298fdeebc6c722bf06,LOCAL,trial_23_fold_2,/home/pborole/timeseries-classification/timeseries-classification/src/modeling/hpo.py,pborole,10649ed5822e9b700ed1cc691e3a0c070b52d1bb,54.0,
1777642a9cb644c68f267835ec04f17d,759131238482572322,FINISHED,file:///home/pborole/timeseries-classification/timeseries-classification/mlruns/759131238482572322/1777642a9cb644c68f267835ec04f17d/artifacts,2025-12-06 05:27:58.333000+00:00,2025-12-06 05:31:23.246000+00:00,0.828125,0.930829448874701,0.8491620111731844,0.8435754189944135,0.8833333333333333,0.8633193863319386,0.8831168831168831,3.0,0.348976123158403,0.8571428571428571,0.8916577825159915,0.92466406048837,0.9464285714285714,0.3778281260968587,0.3906105808372604,0.8993869936034116,0.9107142857142856,,,,,,,,,,,,8cd96b287d1947298fdeebc6c722bf06,LOCAL,trial_23_fold_1,/home/pborole/timeseries-classification/timeseries-classification/src/modeling/hpo.py,pborole,10649ed5822e9b700ed1cc691e3a0c070b52d1bb,23.0,
8b1781d104d447b0800684108e834bb4,759131238482572322,FINISHED,file:///home/pborole/timeseries-classification/timeseries-classification/mlruns/759131238482572322/8b1781d104d447b0800684108e834bb4/artifacts,2025-12-06 05:24:43.203000+00:00,2025-12-06 05:27:58.293000+00:00,0.8346456692913385,0.9183205838341182,0.8444444444444444,0.85,0.8870292887029289,0.8589385474860335,0.8823529411764706,2.0,0.3423450337150576,0.8333333333333334,0.8762473739495797,0.8985380741957716,0.9464285714285714,0.4244266733527183,0.4218238085508347,0.891609768907563,0.9375,,,,,,,,,,,,8cd96b287d1947298fdeebc6c722bf06,LOCAL,trial_23_fold_0,/home/pborole/timeseries-classification/timeseries-classification/src/modeling/hpo.py,pborole,10649ed5822e9b700ed1cc691e3a0c070b52d1bb,22.0,
8cd96b287d1947298fdeebc6c722bf06,759131238482572322,FAILED,file:///home/pborole/timeseries-classification/timeseries-classification/mlruns/759131238482572322/8cd96b287d1947298fdeebc6c722bf06/artifacts,2025-12-06 05:24:42.813000+00:00,2025-12-06 05:43:39.094000+00:00,,,,,,,,,,,,,,,,,,,1.0,f1,0.009942227897814,250.0,20.0,"[20, 10]",0.0636447618565104,MOMENT-1-base,21.0,5.0,,LOCAL,trial_23,/home/pborole/timeseries-classification/timeseries-classification/src/modeling/hpo.py,pborole,10649ed5822e9b700ed1cc691e3a0c070b52d1bb,,49.0
6e7368be69224183823c96b6d7202aeb,759131238482572322,FINISHED,file:///home/pborole/timeseries-classification/timeseries-classification/mlruns/759131238482572322/6e7368be69224183823c96b6d7202aeb/artifacts,2025-12-06 05:18:54.127000+00:00,2025-12-06 05:24:42.535000+00:00,0.8852459016393442,0.9548513295115602,0.88268156424581,0.8994413407821229,0.9230769230769232,0.8535564853556485,0.9098712446351932,19.0,0.3357072808627803,0.8760330578512396,0.937766524520256,0.9513592678551396,0.9642857142857144,0.2763917247176836,0.2879693811998687,0.9426972281449894,0.9464285714285714,,,,,,,,,,,,82cdbcd67c514d46a72f2911ef0c00f4,LOCAL,trial_22_fold_4,/home/pborole/timeseries-classification/timeseries-classification/src/modeling/hpo.py,pborole,10649ed5822e9b700ed1cc691e3a0c070b52d1bb,39.0,
4fa13c76a59b4258901522ef3b70e49f,759131238482572322,FINISHED,file:///home/pborole/timeseries-classification/timeseries-classification/mlruns/759131238482572322/4fa13c76a59b4258901522ef3b70e49f/artifacts,2025-12-06 05:10:10.598000+00:00,2025-12-06 05:18:54.068000+00:00,0.8983050847457628,0.95820402512938,0.888268156424581,0.8994413407821229,0.9217391304347826,0.8758716875871687,0.9130434782608696,40.0,0.3060319721698761,0.8898305084745762,0.937766524520256,0.9615533859405038,0.9464285714285714,0.3549801040045376,0.3265917570064853,0.9331023454157782,0.9375,,,,,,,,,,,,82cdbcd67c514d46a72f2911ef0c00f4,LOCAL,trial_22_fold_3,/home/pborole/timeseries-classification/timeseries-classification/src/modeling/hpo.py,pborole,10649ed5822e9b700ed1cc691e3a0c070b52d1bb,60.0,
45b5c59198f242e0b5ef7c19e9979b49,759131238482572322,FINISHED,file:///home/pborole/timeseries-classification/timeseries-classification/mlruns/759131238482572322/45b5c59198f242e0b5ef7c19e9979b49/artifacts,2025-12-06 05:02:26.316000+00:00,2025-12-06 05:10:10.497000+00:00,0.8333333333333334,0.902911146641621,0.770949720670391,0.8435754189944135,0.8823529411764706,0.8772663877266388,0.842911877394636,33.0,0.2911575758619288,0.738255033557047,0.8639392324093816,0.8915779497456069,0.9375,0.5234996409223066,0.4337170601057606,0.8674040511727078,0.9821428571428572,,,,,,,,,,,,82cdbcd67c514d46a72f2911ef0c00f4,LOCAL,trial_22_fold_2,/home/pborole/timeseries-classification/timeseries-classification/src/modeling/hpo.py,pborole,10649ed5822e9b700ed1cc691e3a0c070b52d1bb,53.0,
b094fffdd2c442818a5d92f50c46c54b,759131238482572322,FINISHED,file:///home/pborole/timeseries-classification/timeseries-classification/mlruns/759131238482572322/b094fffdd2c442818a5d92f50c46c54b/artifacts,2025-12-06 04:58:53.479000+00:00,2025-12-06 05:02:26.295000+00:00,0.8455284552845529,0.935913650335305,0.8268156424581006,0.8491620111731844,0.8851063829787233,0.8493723849372385,0.8597285067873304,4.0,0.3466238808432383,0.8715596330275229,0.8871268656716418,0.9179020639833436,0.9285714285714286,0.3979534719909369,0.3883104782197728,0.9039179104477612,0.8482142857142857,,,,,,,,,,,,82cdbcd67c514d46a72f2911ef0c00f4,LOCAL,trial_22_fold_1,/home/pborole/timeseries-classification/timeseries-classification/src/modeling/hpo.py,pborole,10649ed5822e9b700ed1cc691e3a0c070b52d1bb,24.0,
5af99aca05e74c12a2e70a5c6646f76d,759131238482572322,FINISHED,file:///home/pborole/timeseries-classification/timeseries-classification/mlruns/759131238482572322/5af99aca05e74c12a2e70a5c6646f76d/artifacts,2025-12-06 04:53:09.665000+00:00,2025-12-06 04:58:53.375000+00:00,0.84375,0.91578852149878,0.8444444444444444,0.8666666666666667,0.9,0.8812849162011173,0.8793103448275862,18.0,0.3118111294949188,0.85,0.8792016806722689,0.903116165524804,0.9642857142857144,0.4179853188494841,0.427981449663639,0.8931197478991597,0.9107142857142856,,,,,,,,,,,,82cdbcd67c514d46a72f2911ef0c00f4,LOCAL,trial_22_fold_0,/home/pborole/timeseries-classification/timeseries-classification/src/modeling/hpo.py,pborole,10649ed5822e9b700ed1cc691e3a0c070b52d1bb,38.0,
82cdbcd67c514d46a72f2911ef0c00f4,759131238482572322,FINISHED,file:///home/pborole/timeseries-classification/timeseries-classification/mlruns/759131238482572322/82cdbcd67c514d46a72f2911ef0c00f4/artifacts,2025-12-06 04:53:09.228000+00:00,2025-12-06 05:24:42.654000+00:00,,,,,,,,,,,,,,,,,,0.90245507553338,,f1,0.0035928355428651,250.0,20.0,"[20, 10]",0.078760087301028,MOMENT-1-base,21.0,5.0,,LOCAL,trial_22,/home/pborole/timeseries-classification/timeseries-classification/src/modeling/hpo.py,pborole,10649ed5822e9b700ed1cc691e3a0c070b52d1bb,,29.0
56e5d36cb96143888e2d20de29d0664f,759131238482572322,FINISHED,file:///home/pborole/timeseries-classification/timeseries-classification/mlruns/759131238482572322/56e5d36cb96143888e2d20de29d0664f/artifacts,2025-12-06 04:49:20.146000+00:00,2025-12-06 04:53:08.969000+00:00,0.859375,0.9371595093213008,0.8770949720670391,0.888268156424581,0.9166666666666666,0.8451882845188284,0.9026548672566372,8.0,0.3460651503114687,0.8947368421052632,0.926039445628998,0.9408361920822754,0.9821428571428572,0.2990312577126412,0.3198856479961779,0.9261727078891258,0.9107142857142856,,,,,,,,,,,,6471dde1240c4a31b9da099868699c0a,LOCAL,trial_21_fold_4,/home/pborole/timeseries-classification/timeseries-classification/src/modeling/hpo.py,pborole,10649ed5822e9b700ed1cc691e3a0c070b52d1bb,28.0,
bb210478764f4ba4b95a304de2ffc200,759131238482572322,FINISHED,file:///home/pborole/timeseries-classification/timeseries-classification/mlruns/759131238482572322/bb210478764f4ba4b95a304de2ffc200/artifacts,2025-12-06 04:44:33.616000+00:00,2025-12-06 04:49:20.097000+00:00,0.8983050847457628,0.9572688142193878,0.8938547486033519,0.8994413407821229,0.9217391304347826,0.8465829846582985,0.9177489177489178,15.0,0.3472113594350455,0.8907563025210085,0.9364339019189764,0.9594086082314852,0.9464285714285714,0.320426180043034,0.3078429847123237,0.93363539445629,0.9464285714285714,,,,,,,,,,,,6471dde1240c4a31b9da099868699c0a,LOCAL,trial_21_fold_3,/home/pborole/timeseries-classification/timeseries-classification/src/modeling/hpo.py,pborole,10649ed5822e9b700ed1cc691e3a0c070b52d1bb,35.0,
b3f41f2f31eb4d3b919c572cefe25177,759131238482572322,FINISHED,file:///home/pborole/timeseries-classification/timeseries-classification/mlruns/759131238482572322/b3f41f2f31eb4d3b919c572cefe25177/artifacts,2025-12-06 04:37:18.576000+00:00,2025-12-06 04:44:33.486000+00:00,0.7941176470588235,0.9007988478128416,0.8044692737430168,0.8212290502793296,0.8709677419354839,0.8563458856345886,0.8547717842323651,33.0,0.3122269010984415,0.7984496124031008,0.8634728144989339,0.9011564289921644,0.9642857142857144,0.5198677319554643,0.4828989212739401,0.8584754797441364,0.9196428571428572,,,,,,,,,,,,6471dde1240c4a31b9da099868699c0a,LOCAL,trial_21_fold_2,/home/pborole/timeseries-classification/timeseries-classification/src/modeling/hpo.py,pborole,10649ed5822e9b700ed1cc691e3a0c070b52d1bb,53.0,
132a9fa87750404981d053ff45bd11af,759131238482572322,FINISHED,file:///home/pborole/timeseries-classification/timeseries-classification/mlruns/759131238482572322/132a9fa87750404981d053ff45bd11af/artifacts,2025-12-06 04:33:27.070000+00:00,2025-12-06 04:37:18.522000+00:00,0.8467741935483871,0.938622038477128,0.8435754189944135,0.8547486033519553,0.8898305084745762,0.8549511854951185,0.8782608695652174,8.0,0.3505699687339937,0.8559322033898306,0.8913912579957356,0.9264375641580732,0.9375,0.3776495050451609,0.3841255825824577,0.9079157782515992,0.9017857142857144,,,,,,,,,,,,6471dde1240c4a31b9da099868699c0a,LOCAL,trial_21_fold_1,/home/pborole/timeseries-classification/timeseries-classification/src/modeling/hpo.py,pborole,10649ed5822e9b700ed1cc691e3a0c070b52d1bb,28.0,
fd3916e2a2d34d148b237eb5e685360f,759131238482572322,FINISHED,file:///home/pborole/timeseries-classification/timeseries-classification/mlruns/759131238482572322/fd3916e2a2d34d148b237eb5e685360f/artifacts,2025-12-06 04:29:26.873000+00:00,2025-12-06 04:33:27.014000+00:00,0.84251968503937,0.9177357885207784,0.85,0.8611111111111112,0.895397489539749,0.8547486033519553,0.8879668049792531,9.0,0.3734051735457761,0.8294573643410853,0.8813025210084034,0.9074828795247668,0.9553571428571428,0.4092852345771259,0.4515853107803397,0.8900997899159664,0.9553571428571428,,,,,,,,,,,,6471dde1240c4a31b9da099868699c0a,LOCAL,trial_21_fold_0,/home/pborole/timeseries-classification/timeseries-classification/src/modeling/hpo.py,pborole,10649ed5822e9b700ed1cc691e3a0c070b52d1bb,29.0,
6471dde1240c4a31b9da099868699c0a,759131238482572322,FINISHED,file:///home/pborole/timeseries-classification/timeseries-classification/mlruns/759131238482572322/6471dde1240c4a31b9da099868699c0a/artifacts,2025-12-06 04:29:26.430000+00:00,2025-12-06 04:53:09.031000+00:00,,,,,,,,,,,,,,,,,,0.8989203074102518,,f1,0.0038273846053689,250.0,20.0,"[20, 10]",0.136285153179908,MOMENT-1-base,41.0,5.0,,LOCAL,trial_21,/home/pborole/timeseries-classification/timeseries-classification/src/modeling/hpo.py,pborole,10649ed5822e9b700ed1cc691e3a0c070b52d1bb,,48.0
9d2fece99c6e44a4a1d309c54471b0fd,759131238482572322,FINISHED,file:///home/pborole/timeseries-classification/timeseries-classification/mlruns/759131238482572322/9d2fece99c6e44a4a1d309c54471b0fd/artifacts,2025-12-06 04:22:03.820000+00:00,2025-12-06 04:29:26.155000+00:00,0.8991596638655462,0.9473634552727844,0.888268156424581,0.905027932960894,0.9264069264069263,0.8856345885634589,0.9107142857142856,34.0,0.3128118237358423,0.9107142857142856,0.933368869936034,0.9500328143167788,0.9553571428571428,0.28702131987617,0.280838157211602,0.9347014925373134,0.9107142857142856,,,,,,,,,,,,03463cfc9ba94f5182c141e811900edc,LOCAL,trial_20_fold_4,/home/pborole/timeseries-classification/timeseries-classification/src/modeling/hpo.py,pborole,10649ed5822e9b700ed1cc691e3a0c070b52d1bb,54.0,
cdb194be6eef4ac1a299990926e9f787,759131238482572322,FINISHED,file:///home/pborole/timeseries-classification/timeseries-classification/mlruns/759131238482572322/cdb194be6eef4ac1a299990926e9f787/artifacts,2025-12-06 04:17:40.471000+00:00,2025-12-06 04:22:03.757000+00:00,0.8898305084745762,0.962501154528293,0.8770949720670391,0.888268156424581,0.9130434782608696,0.8563458856345886,0.8990825688073395,12.0,0.3426542176528622,0.9245283018867924,0.9347014925373136,0.9587391587737896,0.9375,0.3780854280268014,0.3282287491266953,0.9381663113006398,0.875,,,,,,,,,,,,03463cfc9ba94f5182c141e811900edc,LOCAL,trial_20_fold_3,/home/pborole/timeseries-classification/timeseries-classification/src/modeling/hpo.py,pborole,10649ed5822e9b700ed1cc691e3a0c070b52d1bb,32.0,
0347b9afda2e41d3a5a241b93444b541,759131238482572322,FINISHED,file:///home/pborole/timeseries-classification/timeseries-classification/mlruns/759131238482572322/0347b9afda2e41d3a5a241b93444b541/artifacts,2025-12-06 04:09:04.050000+00:00,2025-12-06 04:17:40.404000+00:00,0.8695652173913043,0.905673290243446,0.8100558659217877,0.8491620111731844,0.8810572687224669,0.8772663877266388,0.8629032258064516,43.0,0.2949192061957953,0.7867647058823529,0.8671375266524519,0.9022121648512228,0.8928571428571429,0.4621103370988835,0.4549872672091649,0.8684701492537313,0.9553571428571428,,,,,,,,,,,,03463cfc9ba94f5182c141e811900edc,LOCAL,trial_20_fold_2,/home/pborole/timeseries-classification/timeseries-classification/src/modeling/hpo.py,pborole,10649ed5822e9b700ed1cc691e3a0c070b52d1bb,63.0,
56fdac9ba18a40db883feb6abe687e38,759131238482572322,FINISHED,file:///home/pborole/timeseries-classification/timeseries-classification/mlruns/759131238482572322/56fdac9ba18a40db883feb6abe687e38/artifacts,2025-12-06 04:01:57.475000+00:00,2025-12-06 04:09:03.940000+00:00,0.8583333333333333,0.9345371775613388,0.8435754189944135,0.8547486033519553,0.8879310344827587,0.8828451882845189,0.8823529411764706,32.0,0.2799128476254943,0.8333333333333334,0.904317697228145,0.9366486231581462,0.9196428571428572,0.4056676404769194,0.3655844873556211,0.9017857142857144,0.9375,,,,,,,,,,,,03463cfc9ba94f5182c141e811900edc,LOCAL,trial_20_fold_1,/home/pborole/timeseries-classification/timeseries-classification/src/modeling/hpo.py,pborole,10649ed5822e9b700ed1cc691e3a0c070b52d1bb,52.0,
53ee3b8fc99144f7ac602cdbbb7f0068,759131238482572322,FINISHED,file:///home/pborole/timeseries-classification/timeseries-classification/mlruns/759131238482572322/53ee3b8fc99144f7ac602cdbbb7f0068/artifacts,2025-12-06 03:58:09.551000+00:00,2025-12-06 04:01:57.458000+00:00,0.8372093023255814,0.9148632328168848,0.8388888888888889,0.8611111111111112,0.8962655601659751,0.8701117318435754,0.8786610878661087,8.0,0.3340421107144995,0.8267716535433071,0.8828781512605043,0.9102911095158364,0.9642857142857144,0.4149643495678902,0.4141420788235134,0.8887867647058822,0.9375,,,,,,,,,,,,03463cfc9ba94f5182c141e811900edc,LOCAL,trial_20_fold_0,/home/pborole/timeseries-classification/timeseries-classification/src/modeling/hpo.py,pborole,10649ed5822e9b700ed1cc691e3a0c070b52d1bb,28.0,
03463cfc9ba94f5182c141e811900edc,759131238482572322,FINISHED,file:///home/pborole/timeseries-classification/timeseries-classification/mlruns/759131238482572322/03463cfc9ba94f5182c141e811900edc/artifacts,2025-12-06 03:58:09.129000+00:00,2025-12-06 04:29:26.214000+00:00,,,,,,,,,,,,,,,,,,0.9009408536077996,,f1,0.0033815776243472,250.0,20.0,"[20, 10]",0.1369788559968798,MOMENT-1-base,43.0,5.0,,LOCAL,trial_20,/home/pborole/timeseries-classification/timeseries-classification/src/modeling/hpo.py,pborole,10649ed5822e9b700ed1cc691e3a0c070b52d1bb,,54.0
ed310de919604c06923ee1b481d0bf6f,759131238482572322,FINISHED,file:///home/pborole/timeseries-classification/timeseries-classification/mlruns/759131238482572322/ed310de919604c06923ee1b481d0bf6f/artifacts,2025-12-06 03:50:15.413000+00:00,2025-12-06 03:58:08.830000+00:00,0.9051724137931034,0.9429628015970584,0.8938547486033519,0.8994413407821229,0.9210526315789472,0.8423988842398884,0.9184549356223176,36.0,0.4008250535781413,0.8842975206611571,0.9248400852878464,0.9360187130975022,0.9375,0.2902329735582767,0.3045801045841345,0.9264392324093816,0.9553571428571428,,,,,,,,,,,,d6e18ecd75df4e0d838de30637325e29,LOCAL,trial_19_fold_4,/home/pborole/timeseries-classification/timeseries-classification/src/modeling/hpo.py,pborole,10649ed5822e9b700ed1cc691e3a0c070b52d1bb,56.0,
48305c8e18184002b4f54f62502dd177,759131238482572322,FINISHED,file:///home/pborole/timeseries-classification/timeseries-classification/mlruns/759131238482572322/48305c8e18184002b4f54f62502dd177/artifacts,2025-12-06 03:46:06.789000+00:00,2025-12-06 03:50:15.376000+00:00,0.8688524590163934,0.9581138515353826,0.8659217877094972,0.8770949720670391,0.905982905982906,0.8354253835425384,0.8991596638655462,9.0,0.4177102421201256,0.8492063492063492,0.9187100213219616,0.9410651110646522,0.9464285714285714,0.3404580636064434,0.3997213440900408,0.9351012793176972,0.9553571428571428,,,,,,,,,,,,d6e18ecd75df4e0d838de30637325e29,LOCAL,trial_19_fold_3,/home/pborole/timeseries-classification/timeseries-classification/src/modeling/hpo.py,pborole,10649ed5822e9b700ed1cc691e3a0c070b52d1bb,29.0,
2de02862e25f419dbf2d4ec61dcbf44b,759131238482572322,FINISHED,file:///home/pborole/timeseries-classification/timeseries-classification/mlruns/759131238482572322/2de02862e25f419dbf2d4ec61dcbf44b/artifacts,2025-12-06 03:41:45.306000+00:00,2025-12-06 03:46:06.689000+00:00,0.7910447761194029,0.9011450320894414,0.8044692737430168,0.8100558659217877,0.8617886178861789,0.8451882845188284,0.8582995951417004,12.0,0.3860230351092925,0.7851851851851852,0.8300906183368869,0.8650350378247799,0.9464285714285714,0.4504621593312844,0.4721590333810732,0.8558102345415779,0.9464285714285714,,,,,,,,,,,,d6e18ecd75df4e0d838de30637325e29,LOCAL,trial_19_fold_2,/home/pborole/timeseries-classification/timeseries-classification/src/modeling/hpo.py,pborole,10649ed5822e9b700ed1cc691e3a0c070b52d1bb,32.0,
90df8a3eefa84e5993f08d817a077ca4,759131238482572322,FINISHED,file:///home/pborole/timeseries-classification/timeseries-classification/mlruns/759131238482572322/90df8a3eefa84e5993f08d817a077ca4/artifacts,2025-12-06 03:36:09.067000+00:00,2025-12-06 03:41:45.279000+00:00,0.828125,0.9344330028934006,0.8435754189944135,0.8435754189944135,0.8833333333333333,0.8479776847977685,0.8823529411764706,20.0,0.3805887048214549,0.8333333333333334,0.8949893390191899,0.928099179023077,0.9464285714285714,0.3724535598768202,0.387032773075157,0.9019189765458422,0.9375,,,,,,,,,,,,d6e18ecd75df4e0d838de30637325e29,LOCAL,trial_19_fold_1,/home/pborole/timeseries-classification/timeseries-classification/src/modeling/hpo.py,pborole,10649ed5822e9b700ed1cc691e3a0c070b52d1bb,40.0,
d9bfa6cff61c44a182b472b32f638fc0,759131238482572322,FINISHED,file:///home/pborole/timeseries-classification/timeseries-classification/mlruns/759131238482572322/d9bfa6cff61c44a182b472b32f638fc0/artifacts,2025-12-06 03:31:19.370000+00:00,2025-12-06 03:36:08.978000+00:00,0.8307692307692308,0.906681705062102,0.8444444444444444,0.8555555555555555,0.8925619834710744,0.8310055865921788,0.8823529411764706,14.0,0.3827479788044977,0.8333333333333334,0.8813025210084034,0.9155811726183748,0.9642857142857144,0.4089123762316174,0.4248351037502288,0.8819590336134454,0.9375,,,,,,,,,,,,d6e18ecd75df4e0d838de30637325e29,LOCAL,trial_19_fold_0,/home/pborole/timeseries-classification/timeseries-classification/src/modeling/hpo.py,pborole,10649ed5822e9b700ed1cc691e3a0c070b52d1bb,34.0,
d6e18ecd75df4e0d838de30637325e29,759131238482572322,FAILED,file:///home/pborole/timeseries-classification/timeseries-classification/mlruns/759131238482572322/d6e18ecd75df4e0d838de30637325e29/artifacts,2025-12-06 03:31:18.947000+00:00,2025-12-06 03:58:08.933000+00:00,,,,,,,,,,,,,,,,,,,1.0,f1,0.0008975267671618,250.0,20.0,"[20, 10]",0.3559889011067058,MOMENT-1-base,28.0,5.0,,LOCAL,trial_19,/home/pborole/timeseries-classification/timeseries-classification/src/modeling/hpo.py,pborole,10649ed5822e9b700ed1cc691e3a0c070b52d1bb,,53.0
5335b6916a0f4b5b8077dee25b113c1f,759131238482572322,FINISHED,file:///home/pborole/timeseries-classification/timeseries-classification/mlruns/759131238482572322/5335b6916a0f4b5b8077dee25b113c1f/artifacts,2025-12-06 03:22:51.534000+00:00,2025-12-06 03:31:18.720000+00:00,0.8991596638655462,0.9510234962416884,0.888268156424581,0.905027932960894,0.9264069264069263,0.8535564853556485,0.9130434782608696,42.0,0.3521104397634083,0.8898305084745762,0.9364339019189764,0.9478435827855638,0.9553571428571428,0.2837162623858318,0.2877913801696713,0.9363672707889126,0.9375,,,,,,,,,,,,899953ff6abd4c19883affa932eda91a,LOCAL,trial_18_fold_4,/home/pborole/timeseries-classification/timeseries-classification/src/modeling/hpo.py,pborole,10649ed5822e9b700ed1cc691e3a0c070b52d1bb,62.0,
aeb2eba691b74743b4a7ec5eb8b83a40,759131238482572322,FINISHED,file:///home/pborole/timeseries-classification/timeseries-classification/mlruns/759131238482572322/aeb2eba691b74743b4a7ec5eb8b83a40/artifacts,2025-12-06 03:13:20.238000+00:00,2025-12-06 03:22:51.410000+00:00,0.8983050847457628,0.9590161977750692,0.888268156424581,0.8994413407821229,0.9217391304347826,0.8563458856345886,0.911504424778761,50.0,0.3456630872009189,0.9035087719298246,0.9394989339019192,0.9613693245791696,0.9464285714285714,0.3609617583079045,0.3177949621357731,0.9340351812366736,0.9196428571428572,,,,,,,,,,,,899953ff6abd4c19883affa932eda91a,LOCAL,trial_18_fold_3,/home/pborole/timeseries-classification/timeseries-classification/src/modeling/hpo.py,pborole,10649ed5822e9b700ed1cc691e3a0c070b52d1bb,70.0,
355d2d3633f24626beb5eff67680dfba,759131238482572322,FINISHED,file:///home/pborole/timeseries-classification/timeseries-classification/mlruns/759131238482572322/355d2d3633f24626beb5eff67680dfba/artifacts,2025-12-06 03:09:48.851000+00:00,2025-12-06 03:13:20.208000+00:00,0.7851851851851852,0.9017669634713096,0.8044692737430168,0.8044692737430168,0.8582995951417004,0.8758716875871687,0.8571428571428571,6.0,0.3388662512415456,0.7894736842105263,0.8190298507462687,0.8458709332107356,0.9464285714285714,0.4443128067354916,0.4789303141599261,0.859408315565032,0.9375,,,,,,,,,,,,899953ff6abd4c19883affa932eda91a,LOCAL,trial_18_fold_2,/home/pborole/timeseries-classification/timeseries-classification/src/modeling/hpo.py,pborole,10649ed5822e9b700ed1cc691e3a0c070b52d1bb,26.0,
a84e133ce3f84d8db386cc413430cd0c,759131238482572322,FINISHED,file:///home/pborole/timeseries-classification/timeseries-classification/mlruns/759131238482572322/a84e133ce3f84d8db386cc413430cd0c/artifacts,2025-12-06 03:06:15.758000+00:00,2025-12-06 03:09:48.832000+00:00,0.8333333333333334,0.9322278380107872,0.8268156424581006,0.8435754189944135,0.8823529411764706,0.8577405857740585,0.8646288209606987,6.0,0.3741823300989436,0.8461538461538461,0.8727345415778252,0.902929702410336,0.9375,0.3930264769652702,0.4811556465798916,0.8977878464818764,0.8839285714285714,,,,,,,,,,,,899953ff6abd4c19883affa932eda91a,LOCAL,trial_18_fold_1,/home/pborole/timeseries-classification/timeseries-classification/src/modeling/hpo.py,pborole,10649ed5822e9b700ed1cc691e3a0c070b52d1bb,26.0,
24babf591dd94d8cbf8b28380394c1dc,759131238482572322,FINISHED,file:///home/pborole/timeseries-classification/timeseries-classification/mlruns/759131238482572322/24babf591dd94d8cbf8b28380394c1dc/artifacts,2025-12-06 03:01:12.007000+00:00,2025-12-06 03:06:15.655000+00:00,0.84251968503937,0.9205448436473952,0.8444444444444444,0.8611111111111112,0.895397489539749,0.8547486033519553,0.8842975206611571,17.0,0.3408734603634094,0.823076923076923,0.8889180672268907,0.91353782025927,0.9553571428571428,0.4159405532810423,0.4081091781457265,0.8946953781512604,0.9553571428571428,,,,,,,,,,,,899953ff6abd4c19883affa932eda91a,LOCAL,trial_18_fold_0,/home/pborole/timeseries-classification/timeseries-classification/src/modeling/hpo.py,pborole,10649ed5822e9b700ed1cc691e3a0c070b52d1bb,37.0,
899953ff6abd4c19883affa932eda91a,759131238482572322,FINISHED,file:///home/pborole/timeseries-classification/timeseries-classification/mlruns/759131238482572322/899953ff6abd4c19883affa932eda91a/artifacts,2025-12-06 03:01:11.575000+00:00,2025-12-06 03:31:18.773000+00:00,,,,,,,,,,,,,,,,,,0.8968392165399258,,f1,0.0022177811265049,250.0,20.0,"[20, 10]",0.2435617554585419,MOMENT-1-base,38.0,5.0,,LOCAL,trial_18,/home/pborole/timeseries-classification/timeseries-classification/src/modeling/hpo.py,pborole,10649ed5822e9b700ed1cc691e3a0c070b52d1bb,,35.0
77470c60bbf642b0a2ccde04114092e3,759131238482572322,FINISHED,file:///home/pborole/timeseries-classification/timeseries-classification/mlruns/759131238482572322/77470c60bbf642b0a2ccde04114092e3/artifacts,2025-12-06 02:55:20.088000+00:00,2025-12-06 03:01:11.310000+00:00,0.8770491803278688,0.938678357506425,0.888268156424581,0.888268156424581,0.9145299145299144,0.8549511854951185,0.913793103448276,19.0,0.3900713733341571,0.8833333333333333,0.916044776119403,0.9194064295167615,0.9553571428571428,0.3050737587433287,0.3298810768726817,0.9263059701492538,0.9464285714285714,,,,,,,,,,,,bac300a43b40459d9a1277003eff2ef4,LOCAL,trial_17_fold_4,/home/pborole/timeseries-classification/timeseries-classification/src/modeling/hpo.py,pborole,10649ed5822e9b700ed1cc691e3a0c070b52d1bb,39.0,
ec114080285c42d197cb0799d319df8d,759131238482572322,FINISHED,file:///home/pborole/timeseries-classification/timeseries-classification/mlruns/759131238482572322/ec114080285c42d197cb0799d319df8d/artifacts,2025-12-06 02:47:12.151000+00:00,2025-12-06 02:55:20.060000+00:00,0.875,0.960760123016786,0.8715083798882681,0.8770949720670391,0.9051724137931034,0.8437935843793585,0.9012875536480688,34.0,0.4032120676386472,0.8677685950413223,0.9313699360341152,0.9538603974019316,0.9375,0.3258016520705303,0.3393860227901842,0.9372334754797442,0.9375,,,,,,,,,,,,bac300a43b40459d9a1277003eff2ef4,LOCAL,trial_17_fold_3,/home/pborole/timeseries-classification/timeseries-classification/src/modeling/hpo.py,pborole,10649ed5822e9b700ed1cc691e3a0c070b52d1bb,54.0,
2999cdb64d594272a84ec161629fb83d,759131238482572322,FINISHED,file:///home/pborole/timeseries-classification/timeseries-classification/mlruns/759131238482572322/2999cdb64d594272a84ec161629fb83d/artifacts,2025-12-06 02:42:22.214000+00:00,2025-12-06 02:47:12.021000+00:00,0.7954545454545454,0.8801657410940227,0.8044692737430168,0.8100558659217877,0.860655737704918,0.8298465829846583,0.8547717842323651,12.0,0.3998247626311609,0.7984496124031008,0.8114339019189766,0.8338341298244372,0.9375,0.466479513648502,0.4992505306971139,0.8343550106609807,0.9196428571428572,,,,,,,,,,,,bac300a43b40459d9a1277003eff2ef4,LOCAL,trial_17_fold_2,/home/pborole/timeseries-classification/timeseries-classification/src/modeling/hpo.py,pborole,10649ed5822e9b700ed1cc691e3a0c070b52d1bb,32.0,
948508d0ea7b4a2d943bd2308c823936,759131238482572322,FINISHED,file:///home/pborole/timeseries-classification/timeseries-classification/mlruns/759131238482572322/948508d0ea7b4a2d943bd2308c823936/artifacts,2025-12-06 02:36:42.454000+00:00,2025-12-06 02:42:22.191000+00:00,0.8455284552845529,0.9277774549154486,0.8379888268156425,0.8491620111731844,0.8851063829787233,0.8479776847977685,0.8776371308016878,18.0,0.3732743361338744,0.832,0.8775319829424306,0.9082786549779436,0.9285714285714286,0.3853036309254236,0.4078029985201425,0.8944562899786781,0.9285714285714286,,,,,,,,,,,,bac300a43b40459d9a1277003eff2ef4,LOCAL,trial_17_fold_1,/home/pborole/timeseries-classification/timeseries-classification/src/modeling/hpo.py,pborole,10649ed5822e9b700ed1cc691e3a0c070b52d1bb,38.0,
81cd66f9192948ad95639e6096f36a0c,759131238482572322,FINISHED,file:///home/pborole/timeseries-classification/timeseries-classification/mlruns/759131238482572322/81cd66f9192948ad95639e6096f36a0c/artifacts,2025-12-06 02:30:59.800000+00:00,2025-12-06 02:36:42.353000+00:00,0.8359375,0.909220814094241,0.8388888888888889,0.8555555555555555,0.8916666666666667,0.8547486033519553,0.8776371308016878,18.0,0.3692789174949323,0.832,0.8774947478991596,0.9132887265521096,0.9553571428571428,0.4008719937668906,0.4223274909787707,0.8809086134453782,0.9285714285714286,,,,,,,,,,,,bac300a43b40459d9a1277003eff2ef4,LOCAL,trial_17_fold_0,/home/pborole/timeseries-classification/timeseries-classification/src/modeling/hpo.py,pborole,10649ed5822e9b700ed1cc691e3a0c070b52d1bb,38.0,
bac300a43b40459d9a1277003eff2ef4,759131238482572322,FAILED,file:///home/pborole/timeseries-classification/timeseries-classification/mlruns/759131238482572322/bac300a43b40459d9a1277003eff2ef4/artifacts,2025-12-06 02:30:59.368000+00:00,2025-12-06 03:01:11.423000+00:00,,,,,,,,,,,,,,,,,,,1.0,f1,0.000254750858751,250.0,20.0,"[20, 10]",0.1728468726241332,MOMENT-1-base,17.0,5.0,,LOCAL,trial_17,/home/pborole/timeseries-classification/timeseries-classification/src/modeling/hpo.py,pborole,10649ed5822e9b700ed1cc691e3a0c070b52d1bb,,25.0
00a9ede87b2e414ab48beb5d0838dc45,759131238482572322,FINISHED,file:///home/pborole/timeseries-classification/timeseries-classification/mlruns/759131238482572322/00a9ede87b2e414ab48beb5d0838dc45/artifacts,2025-12-06 02:24:50.689000+00:00,2025-12-06 02:30:59.105000+00:00,0.8780487804878049,0.9407873612702128,0.8659217877094972,0.8938547486033519,0.9191489361702128,0.8200836820083682,0.8928571428571429,24.0,0.3998966950252964,0.8928571428571429,0.9207089552238806,0.934285964612325,0.9642857142857144,0.305390487503073,0.3046272608487965,0.9271055437100212,0.8928571428571429,,,,,,,,,,,,1f58bbcd2fa74eea981e7a477d90ee1e,LOCAL,trial_16_fold_4,/home/pborole/timeseries-classification/timeseries-classification/src/modeling/hpo.py,pborole,10649ed5822e9b700ed1cc691e3a0c070b52d1bb,44.0,
3bf9ce7103df44bbb41d64a58644f158,759131238482572322,FINISHED,file:///home/pborole/timeseries-classification/timeseries-classification/mlruns/759131238482572322/3bf9ce7103df44bbb41d64a58644f158/artifacts,2025-12-06 02:16:50.080000+00:00,2025-12-06 02:24:50.585000+00:00,0.9285714285714286,0.9621226359089098,0.8938547486033519,0.9106145251396648,0.9285714285714286,0.8772663877266388,0.9184549356223176,37.0,0.3384178221807652,0.8842975206611571,0.935501066098081,0.9584271891225016,0.9285714285714286,0.3121583979556014,0.3245191522483719,0.937699893390192,0.9553571428571428,,,,,,,,,,,,1f58bbcd2fa74eea981e7a477d90ee1e,LOCAL,trial_16_fold_3,/home/pborole/timeseries-classification/timeseries-classification/src/modeling/hpo.py,pborole,10649ed5822e9b700ed1cc691e3a0c070b52d1bb,57.0,
1f604c76811d4583beda36d2e13d0e62,759131238482572322,FINISHED,file:///home/pborole/timeseries-classification/timeseries-classification/mlruns/759131238482572322/1f604c76811d4583beda36d2e13d0e62/artifacts,2025-12-06 02:12:04.656000+00:00,2025-12-06 02:16:50.015000+00:00,0.7969924812030075,0.8832592079152287,0.7821229050279329,0.8156424581005587,0.8653061224489796,0.8535564853556485,0.8368200836820083,13.0,0.3629829491406804,0.7874015748031497,0.8463486140724948,0.8906467945625376,0.9464285714285714,0.4642884411625356,0.4572884020858637,0.8484808102345416,0.8928571428571429,,,,,,,,,,,,1f58bbcd2fa74eea981e7a477d90ee1e,LOCAL,trial_16_fold_2,/home/pborole/timeseries-classification/timeseries-classification/src/modeling/hpo.py,pborole,10649ed5822e9b700ed1cc691e3a0c070b52d1bb,33.0,
cd8f9c9d9b894ee0aa987e88c1d4acae,759131238482572322,FINISHED,file:///home/pborole/timeseries-classification/timeseries-classification/mlruns/759131238482572322/cd8f9c9d9b894ee0aa987e88c1d4acae/artifacts,2025-12-06 02:02:40.810000+00:00,2025-12-06 02:12:04.537000+00:00,0.864406779661017,0.9438311752971644,0.8435754189944135,0.8547486033519553,0.8869565217391304,0.8828451882845189,0.8761061946902655,46.0,0.3301577066776642,0.868421052631579,0.9076492537313432,0.937460943126044,0.9107142857142856,0.3595712194895611,0.360412067541197,0.9163113006396588,0.8839285714285714,,,,,,,,,,,,1f58bbcd2fa74eea981e7a477d90ee1e,LOCAL,trial_16_fold_1,/home/pborole/timeseries-classification/timeseries-classification/src/modeling/hpo.py,pborole,10649ed5822e9b700ed1cc691e3a0c070b52d1bb,66.0,
accc29718a4a434e9e6f091c72e62986,759131238482572322,FINISHED,file:///home/pborole/timeseries-classification/timeseries-classification/mlruns/759131238482572322/accc29718a4a434e9e6f091c72e62986/artifacts,2025-12-06 01:58:08.680000+00:00,2025-12-06 02:02:40.649000+00:00,0.8257575757575758,0.9124283629256164,0.8277777777777777,0.8555555555555555,0.8934426229508197,0.8505586592178771,0.8680851063829788,13.0,0.3844598911744256,0.8292682926829268,0.875,0.8984544181861113,0.9732142857142856,0.402800779706902,0.4159094429678387,0.8871454831932774,0.9107142857142856,,,,,,,,,,,,1f58bbcd2fa74eea981e7a477d90ee1e,LOCAL,trial_16_fold_0,/home/pborole/timeseries-classification/timeseries-classification/src/modeling/hpo.py,pborole,10649ed5822e9b700ed1cc691e3a0c070b52d1bb,33.0,
1f58bbcd2fa74eea981e7a477d90ee1e,759131238482572322,FINISHED,file:///home/pborole/timeseries-classification/timeseries-classification/mlruns/759131238482572322/1f58bbcd2fa74eea981e7a477d90ee1e/artifacts,2025-12-06 01:58:08.164000+00:00,2025-12-06 02:30:59.184000+00:00,,,,,,,,,,,,,,,,,,0.8986851263761142,,f1,0.0019184641879627,250.0,20.0,"[20, 10]",0.3012782588533842,MOMENT-1-base,26.0,5.0,,LOCAL,trial_16,/home/pborole/timeseries-classification/timeseries-classification/src/modeling/hpo.py,pborole,10649ed5822e9b700ed1cc691e3a0c070b52d1bb,,50.0
2090c629063c4a648db1456af1a3afa1,759131238482572322,FINISHED,file:///home/pborole/timeseries-classification/timeseries-classification/mlruns/759131238482572322/2090c629063c4a648db1456af1a3afa1/artifacts,2025-12-06 01:48:26.922000+00:00,2025-12-06 01:58:07.917000+00:00,0.8770491803278688,0.9436787208289624,0.88268156424581,0.888268156424581,0.9145299145299144,0.8549511854951185,0.9090909090909092,50.0,0.3643873543420097,0.8823529411764706,0.9285714285714286,0.9410945421037302,0.9553571428571428,0.2987407550798448,0.3046850161678964,0.9312366737739872,0.9375,,,,,,,,,,,,af228fdd2b534e6d942b70267fab7896,LOCAL,trial_15_fold_4,/home/pborole/timeseries-classification/timeseries-classification/src/modeling/hpo.py,pborole,10649ed5822e9b700ed1cc691e3a0c070b52d1bb,70.0,
d6da46815f434eeab860e7dfa6cb32e6,759131238482572322,FINISHED,file:///home/pborole/timeseries-classification/timeseries-classification/mlruns/759131238482572322/d6da46815f434eeab860e7dfa6cb32e6/artifacts,2025-12-06 01:37:52.648000+00:00,2025-12-06 01:48:26.757000+00:00,0.8983050847457628,0.9650628352529764,0.8938547486033519,0.8994413407821229,0.9217391304347826,0.8549511854951185,0.9177489177489178,56.0,0.3508983845491289,0.8907563025210085,0.9438965884861408,0.9664097028576962,0.9464285714285714,0.3041513796958177,0.3046083173938304,0.9428304904051172,0.9464285714285714,,,,,,,,,,,,af228fdd2b534e6d942b70267fab7896,LOCAL,trial_15_fold_3,/home/pborole/timeseries-classification/timeseries-classification/src/modeling/hpo.py,pborole,10649ed5822e9b700ed1cc691e3a0c070b52d1bb,76.0,
05e37a574392454593e62d4792d15888,759131238482572322,FINISHED,file:///home/pborole/timeseries-classification/timeseries-classification/mlruns/759131238482572322/05e37a574392454593e62d4792d15888/artifacts,2025-12-06 01:21:48.339000+00:00,2025-12-06 01:37:52.515000+00:00,0.8333333333333334,0.8944650090787798,0.8268156424581006,0.8435754189944135,0.8823529411764706,0.8772663877266388,0.8713692946058091,96.0,0.292820749796584,0.813953488372093,0.8606076759061834,0.8984826712900433,0.9375,0.4622039177231282,0.4381131797029985,0.8599413646055437,0.9375,,,,,,,,,,,,af228fdd2b534e6d942b70267fab7896,LOCAL,trial_15_fold_2,/home/pborole/timeseries-classification/timeseries-classification/src/modeling/hpo.py,pborole,10649ed5822e9b700ed1cc691e3a0c070b52d1bb,116.0,
d35dc225ad7f4771aa2c47dea4cefcaa,759131238482572322,FINISHED,file:///home/pborole/timeseries-classification/timeseries-classification/mlruns/759131238482572322/d35dc225ad7f4771aa2c47dea4cefcaa/artifacts,2025-12-06 01:14:23.065000+00:00,2025-12-06 01:21:48.267000+00:00,0.8512396694214877,0.9286633979360952,0.8379888268156425,0.8491620111731844,0.8841201716738197,0.8423988842398884,0.8765957446808511,34.0,0.3851994907008055,0.8373983739837398,0.8851279317697228,0.9161363136754188,0.9196428571428572,0.3809997689124592,0.3914416449030018,0.8972547974413646,0.9196428571428572,,,,,,,,,,,,af228fdd2b534e6d942b70267fab7896,LOCAL,trial_15_fold_1,/home/pborole/timeseries-classification/timeseries-classification/src/modeling/hpo.py,pborole,10649ed5822e9b700ed1cc691e3a0c070b52d1bb,54.0,
d8c2ae92a09b443e9ff8318932b04c3f,759131238482572322,FINISHED,file:///home/pborole/timeseries-classification/timeseries-classification/mlruns/759131238482572322/d8c2ae92a09b443e9ff8318932b04c3f/artifacts,2025-12-06 01:09:25.753000+00:00,2025-12-06 01:14:22.999000+00:00,0.8372093023255814,0.9106575947422904,0.8444444444444444,0.8611111111111112,0.8962655601659751,0.835195530726257,0.8823529411764706,16.0,0.3817043724214897,0.8333333333333334,0.8777573529411765,0.9132366554674862,0.9642857142857144,0.3967865300675233,0.4180553381641705,0.8856355042016806,0.9375,,,,,,,,,,,,af228fdd2b534e6d942b70267fab7896,LOCAL,trial_15_fold_0,/home/pborole/timeseries-classification/timeseries-classification/src/modeling/hpo.py,pborole,10649ed5822e9b700ed1cc691e3a0c070b52d1bb,36.0,
af228fdd2b534e6d942b70267fab7896,759131238482572322,FINISHED,file:///home/pborole/timeseries-classification/timeseries-classification/mlruns/759131238482572322/af228fdd2b534e6d942b70267fab7896/artifacts,2025-12-06 01:09:25.315000+00:00,2025-12-06 01:58:07.972000+00:00,,,,,,,,,,,,,,,,,,0.8998015435961925,,f1,0.0005246539331338,250.0,20.0,"[20, 10]",0.1200332915693267,MOMENT-1-base,33.0,5.0,,LOCAL,trial_15,/home/pborole/timeseries-classification/timeseries-classification/src/modeling/hpo.py,pborole,10649ed5822e9b700ed1cc691e3a0c070b52d1bb,,51.0
4211218b6c2c4941a8002fc6d66dcbf7,759131238482572322,FINISHED,file:///home/pborole/timeseries-classification/timeseries-classification/mlruns/759131238482572322/4211218b6c2c4941a8002fc6d66dcbf7/artifacts,2025-12-06 01:04:02.382000+00:00,2025-12-06 01:09:25.071000+00:00,0.8934426229508197,0.9449117554942484,0.888268156424581,0.9106145251396648,0.9316239316239316,0.8507670850767085,0.912280701754386,19.0,0.3323446863864755,0.896551724137931,0.9281716417910448,0.9373263158011368,0.9732142857142856,0.2933893102174364,0.2808843180953457,0.9348347547974414,0.9285714285714286,,,,,,,,,,,,4a57ac3eddea4467b3844ec0a044420d,LOCAL,trial_14_fold_4,/home/pborole/timeseries-classification/timeseries-classification/src/modeling/hpo.py,pborole,10649ed5822e9b700ed1cc691e3a0c070b52d1bb,39.0,
23b1991b11ee4740b8ae1788c2abf004,759131238482572322,FINISHED,file:///home/pborole/timeseries-classification/timeseries-classification/mlruns/759131238482572322/23b1991b11ee4740b8ae1788c2abf004/artifacts,2025-12-06 00:57:31.055000+00:00,2025-12-06 01:04:02.284000+00:00,0.905982905982906,0.9590955816393264,0.88268156424581,0.905027932960894,0.925764192139738,0.8396094839609484,0.9106382978723404,27.0,0.3491188237856621,0.8699186991869918,0.9343017057569296,0.955667620575427,0.9464285714285714,0.3525037824608094,0.3347126173906486,0.9339019189765458,0.9553571428571428,,,,,,,,,,,,4a57ac3eddea4467b3844ec0a044420d,LOCAL,trial_14_fold_3,/home/pborole/timeseries-classification/timeseries-classification/src/modeling/hpo.py,pborole,10649ed5822e9b700ed1cc691e3a0c070b52d1bb,47.0,
d353166a315e4dedac90fb1906034583,759131238482572322,FINISHED,file:///home/pborole/timeseries-classification/timeseries-classification/mlruns/759131238482572322/d353166a315e4dedac90fb1906034583/artifacts,2025-12-06 00:51:34.308000+00:00,2025-12-06 00:57:30.995000+00:00,0.8076923076923077,0.9020129909277796,0.8044692737430168,0.8212290502793296,0.8677685950413223,0.8647140864714087,0.851063829787234,23.0,0.3367814024497275,0.8130081300813008,0.867004264392324,0.9049428163717204,0.9375,0.4344941370147566,0.4301011140286589,0.861407249466951,0.8928571428571429,,,,,,,,,,,,4a57ac3eddea4467b3844ec0a044420d,LOCAL,trial_14_fold_2,/home/pborole/timeseries-classification/timeseries-classification/src/modeling/hpo.py,pborole,10649ed5822e9b700ed1cc691e3a0c070b52d1bb,43.0,
2de4688bc1ed4302986b1bdacdfb9e1d,759131238482572322,FINISHED,file:///home/pborole/timeseries-classification/timeseries-classification/mlruns/759131238482572322/2de4688bc1ed4302986b1bdacdfb9e1d/artifacts,2025-12-06 00:44:05.639000+00:00,2025-12-06 00:51:34.195000+00:00,0.864406779661017,0.9402787499501768,0.8324022346368715,0.8547486033519553,0.8869565217391304,0.8800557880055788,0.8648648648648649,34.0,0.3124629507254357,0.8727272727272727,0.9116471215351812,0.941494378304392,0.9107142857142856,0.3876806129623392,0.3589490289128692,0.9127132196162048,0.8571428571428571,,,,,,,,,,,,4a57ac3eddea4467b3844ec0a044420d,LOCAL,trial_14_fold_1,/home/pborole/timeseries-classification/timeseries-classification/src/modeling/hpo.py,pborole,10649ed5822e9b700ed1cc691e3a0c070b52d1bb,54.0,
f2ae6c1983c346b497193e99f9651d9d,759131238482572322,FINISHED,file:///home/pborole/timeseries-classification/timeseries-classification/mlruns/759131238482572322/f2ae6c1983c346b497193e99f9651d9d/artifacts,2025-12-06 00:39:40.947000+00:00,2025-12-06 00:44:05.617000+00:00,0.84251968503937,0.9179734409344756,0.8277777777777777,0.8611111111111112,0.895397489539749,0.8519553072625698,0.8713692946058091,12.0,0.3401469004304049,0.813953488372093,0.8887867647058822,0.9177127153049472,0.9553571428571428,0.4223472870886325,0.403913128376007,0.8881959033613446,0.9375,,,,,,,,,,,,4a57ac3eddea4467b3844ec0a044420d,LOCAL,trial_14_fold_0,/home/pborole/timeseries-classification/timeseries-classification/src/modeling/hpo.py,pborole,10649ed5822e9b700ed1cc691e3a0c070b52d1bb,32.0,
4a57ac3eddea4467b3844ec0a044420d,759131238482572322,FINISHED,file:///home/pborole/timeseries-classification/timeseries-classification/mlruns/759131238482572322/4a57ac3eddea4467b3844ec0a044420d/artifacts,2025-12-06 00:39:40.482000+00:00,2025-12-06 01:09:25.120000+00:00,,,,,,,,,,,,,,,,,,0.9015021460167744,,f1,0.0093486246556584,250.0,20.0,"[20, 10]",0.1429271542225496,MOMENT-1-base,33.0,5.0,,LOCAL,trial_14,/home/pborole/timeseries-classification/timeseries-classification/src/modeling/hpo.py,pborole,10649ed5822e9b700ed1cc691e3a0c070b52d1bb,,40.0
210059780dba4aa6a46b87ed27ef176e,759131238482572322,FINISHED,file:///home/pborole/timeseries-classification/timeseries-classification/mlruns/759131238482572322/210059780dba4aa6a46b87ed27ef176e/artifacts,2025-12-06 00:35:43.010000+00:00,2025-12-06 00:39:40.221000+00:00,0.8671875,0.9473446257155832,0.888268156424581,0.8994413407821229,0.925,0.8535564853556485,0.9130434782608696,8.0,0.348066869182733,0.8898305084745762,0.9205756929637527,0.9387383210091071,0.9910714285714286,0.2818930495384685,0.3206119122784897,0.9352345415778252,0.9375,,,,,,,,,,,,26fabf92d8c14909837f558d5dc1e968,LOCAL,trial_13_fold_4,/home/pborole/timeseries-classification/timeseries-classification/src/modeling/hpo.py,pborole,10649ed5822e9b700ed1cc691e3a0c070b52d1bb,28.0,
95dc41a805284e14b5380d527eb32a32,759131238482572322,FINISHED,file:///home/pborole/timeseries-classification/timeseries-classification/mlruns/759131238482572322/95dc41a805284e14b5380d527eb32a32/artifacts,2025-12-06 00:28:46.473000+00:00,2025-12-06 00:35:42.960000+00:00,0.8916666666666667,0.957776198866385,0.888268156424581,0.8994413407821229,0.9224137931034484,0.8898186889818689,0.912280701754386,29.0,0.2753242931771644,0.896551724137931,0.9437633262260128,0.966958143258362,0.9553571428571428,0.3255098443790521,0.3066356225386678,0.9341684434968016,0.9285714285714286,,,,,,,,,,,,26fabf92d8c14909837f558d5dc1e968,LOCAL,trial_13_fold_3,/home/pborole/timeseries-classification/timeseries-classification/src/modeling/hpo.py,pborole,10649ed5822e9b700ed1cc691e3a0c070b52d1bb,49.0,
b9a85ff5ca354b778d0ee5b6d45c9547,759131238482572322,FINISHED,file:///home/pborole/timeseries-classification/timeseries-classification/mlruns/759131238482572322/b9a85ff5ca354b778d0ee5b6d45c9547/artifacts,2025-12-06 00:22:37.062000+00:00,2025-12-06 00:28:46.350000+00:00,0.8203125,0.9045694633764012,0.7932960893854749,0.8324022346368715,0.875,0.8856345885634589,0.8355555555555556,24.0,0.2592901770373601,0.831858407079646,0.8638059701492538,0.8958081108200033,0.9375,0.4748707069032019,0.4516099706375399,0.8615405117270789,0.8392857142857143,,,,,,,,,,,,26fabf92d8c14909837f558d5dc1e968,LOCAL,trial_13_fold_2,/home/pborole/timeseries-classification/timeseries-classification/src/modeling/hpo.py,pborole,10649ed5822e9b700ed1cc691e3a0c070b52d1bb,44.0,
f39e111c9e85473c8f72838eac7ba787,759131238482572322,FINISHED,file:///home/pborole/timeseries-classification/timeseries-classification/mlruns/759131238482572322/f39e111c9e85473c8f72838eac7ba787/artifacts,2025-12-06 00:19:25.099000+00:00,2025-12-06 00:22:37.046000+00:00,0.8346456692913385,0.936779494277096,0.8156424581005587,0.8491620111731844,0.8870292887029289,0.8730822873082287,0.852017937219731,4.0,0.3325992994935276,0.8558558558558559,0.8748667377398721,0.9106475620233572,0.9464285714285714,0.3927621653293098,0.44997850160359,0.9051172707889126,0.8482142857142857,,,,,,,,,,,,26fabf92d8c14909837f558d5dc1e968,LOCAL,trial_13_fold_1,/home/pborole/timeseries-classification/timeseries-classification/src/modeling/hpo.py,pborole,10649ed5822e9b700ed1cc691e3a0c070b52d1bb,24.0,
661ba50a6085477b8631fa1d2a71102c,759131238482572322,FINISHED,file:///home/pborole/timeseries-classification/timeseries-classification/mlruns/759131238482572322/661ba50a6085477b8631fa1d2a71102c/artifacts,2025-12-06 00:14:04.317000+00:00,2025-12-06 00:19:25.003000+00:00,0.8307692307692308,0.9144403332030036,0.8333333333333334,0.8555555555555555,0.8925619834710744,0.8687150837988827,0.875,17.0,0.3156397317707871,0.8203125,0.8903623949579832,0.9194451721605188,0.9642857142857144,0.4138913220829434,0.4109818240006764,0.8890493697478992,0.9375,,,,,,,,,,,,26fabf92d8c14909837f558d5dc1e968,LOCAL,trial_13_fold_0,/home/pborole/timeseries-classification/timeseries-classification/src/modeling/hpo.py,pborole,10649ed5822e9b700ed1cc691e3a0c070b52d1bb,37.0,
26fabf92d8c14909837f558d5dc1e968,759131238482572322,FINISHED,file:///home/pborole/timeseries-classification/timeseries-classification/mlruns/759131238482572322/26fabf92d8c14909837f558d5dc1e968/artifacts,2025-12-06 00:14:03.889000+00:00,2025-12-06 00:39:40.320000+00:00,,,,,,,,,,,,,,,,,,0.9004010130554903,,f1,0.00962321795481,250.0,20.0,"[20, 10]",0.003141077432631,MOMENT-1-base,80.0,5.0,,LOCAL,trial_13,/home/pborole/timeseries-classification/timeseries-classification/src/modeling/hpo.py,pborole,10649ed5822e9b700ed1cc691e3a0c070b52d1bb,,43.0
cb6150176f1b487ca68848126a32956e,759131238482572322,FINISHED,file:///home/pborole/timeseries-classification/timeseries-classification/mlruns/759131238482572322/cb6150176f1b487ca68848126a32956e/artifacts,2025-12-06 00:05:11.430000+00:00,2025-12-06 00:14:03.613000+00:00,0.8916666666666667,0.9458170597793522,0.88268156424581,0.8994413407821229,0.9224137931034484,0.8605299860529986,0.9082969432314412,42.0,0.3403681990491795,0.8888888888888888,0.929904051172708,0.9445003824173506,0.9553571428571428,0.2882216579421272,0.2922746047960313,0.9332356076759062,0.9285714285714286,,,,,,,,,,,,b01a364526ad45709194be47b372da41,LOCAL,trial_12_fold_4,/home/pborole/timeseries-classification/timeseries-classification/src/modeling/hpo.py,pborole,10649ed5822e9b700ed1cc691e3a0c070b52d1bb,62.0,
da9f46eae2344d878297fc41644a6487,759131238482572322,FINISHED,file:///home/pborole/timeseries-classification/timeseries-classification/mlruns/759131238482572322/da9f46eae2344d878297fc41644a6487/artifacts,2025-12-05 23:56:13.850000+00:00,2025-12-06 00:05:11.243000+00:00,0.8983050847457628,0.9517670669064862,0.8938547486033519,0.8994413407821229,0.9217391304347826,0.8716875871687587,0.9184549356223176,43.0,0.3273043175288989,0.8842975206611571,0.935634328358209,0.957882819448096,0.9464285714285714,0.331309799874961,0.3143034630647585,0.929504264392324,0.9553571428571428,,,,,,,,,,,,b01a364526ad45709194be47b372da41,LOCAL,trial_12_fold_3,/home/pborole/timeseries-classification/timeseries-classification/src/modeling/hpo.py,pborole,10649ed5822e9b700ed1cc691e3a0c070b52d1bb,63.0,
3c6e07f040e54330b743c988723948b8,759131238482572322,FINISHED,file:///home/pborole/timeseries-classification/timeseries-classification/mlruns/759131238482572322/3c6e07f040e54330b743c988723948b8/artifacts,2025-12-05 23:52:07.810000+00:00,2025-12-05 23:56:13.792000+00:00,0.7969924812030075,0.8992238978321858,0.8044692737430168,0.8156424581005587,0.8653061224489796,0.8633193863319386,0.8571428571428571,9.0,0.3377441107561731,0.7894736842105263,0.8294243070362474,0.8756962932322128,0.9464285714285714,0.4528351319568783,0.4834690007417561,0.8568763326226013,0.9375,,,,,,,,,,,,b01a364526ad45709194be47b372da41,LOCAL,trial_12_fold_2,/home/pborole/timeseries-classification/timeseries-classification/src/modeling/hpo.py,pborole,10649ed5822e9b700ed1cc691e3a0c070b52d1bb,29.0,
073085e9cf2445fb9783a56b3547d452,759131238482572322,FINISHED,file:///home/pborole/timeseries-classification/timeseries-classification/mlruns/759131238482572322/073085e9cf2445fb9783a56b3547d452/artifacts,2025-12-05 23:47:34.742000+00:00,2025-12-05 23:52:07.718000+00:00,0.8455284552845529,0.9291808189552082,0.8268156424581006,0.8491620111731844,0.8851063829787233,0.8437935843793585,0.8658008658008658,12.0,0.3915882586934077,0.8403361344537815,0.8710021321961621,0.9009784589589171,0.9285714285714286,0.3922782816700429,0.4593671433752475,0.894589552238806,0.8928571428571429,,,,,,,,,,,,b01a364526ad45709194be47b372da41,LOCAL,trial_12_fold_1,/home/pborole/timeseries-classification/timeseries-classification/src/modeling/hpo.py,pborole,10649ed5822e9b700ed1cc691e3a0c070b52d1bb,32.0,
475a02786310439ab8e420397794ebb3,759131238482572322,FINISHED,file:///home/pborole/timeseries-classification/timeseries-classification/mlruns/759131238482572322/475a02786310439ab8e420397794ebb3/artifacts,2025-12-05 23:40:19.455000+00:00,2025-12-05 23:47:34.704000+00:00,0.8372093023255814,0.9192385882563834,0.8333333333333334,0.8611111111111112,0.8962655601659751,0.8701117318435754,0.868421052631579,32.0,0.3201952954993567,0.853448275862069,0.8890493697478992,0.9175130487561894,0.9642857142857144,0.3930199018783039,0.4126482468512323,0.891938025210084,0.8839285714285714,,,,,,,,,,,,b01a364526ad45709194be47b372da41,LOCAL,trial_12_fold_0,/home/pborole/timeseries-classification/timeseries-classification/src/modeling/hpo.py,pborole,10649ed5822e9b700ed1cc691e3a0c070b52d1bb,52.0,
b01a364526ad45709194be47b372da41,759131238482572322,FINISHED,file:///home/pborole/timeseries-classification/timeseries-classification/mlruns/759131238482572322/b01a364526ad45709194be47b372da41/artifacts,2025-12-05 23:40:18.997000+00:00,2025-12-06 00:14:03.683000+00:00,,,,,,,,,,,,,,,,,,0.8981661978263817,,f1,0.002056334933661,250.0,20.0,"[20, 10]",0.1480185479019295,MOMENT-1-base,97.0,5.0,,LOCAL,trial_12,/home/pborole/timeseries-classification/timeseries-classification/src/modeling/hpo.py,pborole,10649ed5822e9b700ed1cc691e3a0c070b52d1bb,,38.0
9c993d4329ba412c98330ce6a4790252,759131238482572322,FINISHED,file:///home/pborole/timeseries-classification/timeseries-classification/mlruns/759131238482572322/9c993d4329ba412c98330ce6a4790252/artifacts,2025-12-05 23:34:24.301000+00:00,2025-12-05 23:40:18.631000+00:00,0.8661417322834646,0.944611919806082,0.888268156424581,0.8938547486033519,0.9205020920502092,0.8619246861924686,0.9159663865546218,21.0,0.3248742321295718,0.8650793650793651,0.9281716417910448,0.9368623660215404,0.9821428571428572,0.2980761726142308,0.3025610135587234,0.9305703624733476,0.9732142857142856,,,,,,,,,,,,ba11918bd39241989bf57fc3353a0df3,LOCAL,trial_11_fold_4,/home/pborole/timeseries-classification/timeseries-classification/src/modeling/hpo.py,pborole,10649ed5822e9b700ed1cc691e3a0c070b52d1bb,41.0,
5014522afdc14d6189a158bd98a508a3,759131238482572322,FINISHED,file:///home/pborole/timeseries-classification/timeseries-classification/mlruns/759131238482572322/5014522afdc14d6189a158bd98a508a3/artifacts,2025-12-05 23:25:30.372000+00:00,2025-12-05 23:34:24.050000+00:00,0.8916666666666667,0.9543965983968858,0.8547486033519553,0.8994413407821229,0.9224137931034484,0.8842398884239888,0.8916666666666667,42.0,0.3071474998649028,0.8359375,0.9364339019189764,0.959107801747196,0.9553571428571428,0.3737349070650239,0.3143456779711739,0.929637526652452,0.9553571428571428,,,,,,,,,,,,ba11918bd39241989bf57fc3353a0df3,LOCAL,trial_11_fold_3,/home/pborole/timeseries-classification/timeseries-classification/src/modeling/hpo.py,pborole,10649ed5822e9b700ed1cc691e3a0c070b52d1bb,62.0,
251a4711615c4f349ab0c2087f187666,759131238482572322,FINISHED,file:///home/pborole/timeseries-classification/timeseries-classification/mlruns/759131238482572322/251a4711615c4f349ab0c2087f187666/artifacts,2025-12-05 23:12:53.848000+00:00,2025-12-05 23:25:30.218000+00:00,0.8360655737704918,0.8999022287108273,0.8044692737430168,0.8324022346368715,0.8717948717948718,0.8772663877266388,0.8559670781893004,68.0,0.2804017736988254,0.7938931297709924,0.8564765458422174,0.893750959745248,0.9107142857142856,0.504011728493861,0.4639111853844627,0.8596748400852879,0.9285714285714286,,,,,,,,,,,,ba11918bd39241989bf57fc3353a0df3,LOCAL,trial_11_fold_2,/home/pborole/timeseries-classification/timeseries-classification/src/modeling/hpo.py,pborole,10649ed5822e9b700ed1cc691e3a0c070b52d1bb,88.0,
2f23d20418ac49c1ba89fe225b8f8097,759131238482572322,FINISHED,file:///home/pborole/timeseries-classification/timeseries-classification/mlruns/759131238482572322/2f23d20418ac49c1ba89fe225b8f8097/artifacts,2025-12-05 23:08:19.881000+00:00,2025-12-05 23:12:53.821000+00:00,0.8294573643410853,0.936058409617406,0.8379888268156425,0.8491620111731844,0.8879668049792531,0.8675034867503487,0.8722466960352423,12.0,0.3299864149825177,0.8608695652173913,0.896721748400853,0.9292945127117664,0.9553571428571428,0.3898358553148515,0.4321320250047651,0.9019189765458424,0.8839285714285714,,,,,,,,,,,,ba11918bd39241989bf57fc3353a0df3,LOCAL,trial_11_fold_1,/home/pborole/timeseries-classification/timeseries-classification/src/modeling/hpo.py,pborole,10649ed5822e9b700ed1cc691e3a0c070b52d1bb,32.0,
1ca617a06b4944f6903208c049f732e2,759131238482572322,FINISHED,file:///home/pborole/timeseries-classification/timeseries-classification/mlruns/759131238482572322/1ca617a06b4944f6903208c049f732e2/artifacts,2025-12-05 23:03:08.122000+00:00,2025-12-05 23:08:19.631000+00:00,0.848,0.9187013087868324,0.8555555555555555,0.8611111111111112,0.8945147679324894,0.8770949720670391,0.8907563025210085,16.0,0.3174641650149276,0.8412698412698413,0.8894432773109244,0.9155520540415883,0.9464285714285714,0.4161633342504501,0.4011617157194349,0.8924632352941175,0.9464285714285714,,,,,,,,,,,,ba11918bd39241989bf57fc3353a0df3,LOCAL,trial_11_fold_0,/home/pborole/timeseries-classification/timeseries-classification/src/modeling/hpo.py,pborole,10649ed5822e9b700ed1cc691e3a0c070b52d1bb,36.0,
ba11918bd39241989bf57fc3353a0df3,759131238482572322,FINISHED,file:///home/pborole/timeseries-classification/timeseries-classification/mlruns/759131238482572322/ba11918bd39241989bf57fc3353a0df3/artifacts,2025-12-05 23:03:07.596000+00:00,2025-12-05 23:40:18.740000+00:00,,,,,,,,,,,,,,,,,,0.8994384659720543,,f1,0.0051364280712834,250.0,20.0,"[20, 10]",0.0112459168673269,MOMENT-1-base,82.0,5.0,,LOCAL,trial_11,/home/pborole/timeseries-classification/timeseries-classification/src/modeling/hpo.py,pborole,10649ed5822e9b700ed1cc691e3a0c070b52d1bb,,46.0
9d9859b63d694687a467e854512b8abc,759131238482572322,FINISHED,file:///home/pborole/timeseries-classification/timeseries-classification/mlruns/759131238482572322/9d9859b63d694687a467e854512b8abc/artifacts,2025-12-05 22:57:39.302000+00:00,2025-12-05 23:03:07.297000+00:00,0.8760330578512396,0.940184024698286,0.88268156424581,0.88268156424581,0.9098712446351932,0.8200836820083682,0.9098712446351932,18.0,0.4293565505510261,0.8760330578512396,0.9247068230277186,0.9329627464947036,0.9464285714285714,0.3083221858273671,0.3395425088745256,0.9271055437100212,0.9464285714285714,,,,,,,,,,,,6eb3126d1e5a4e48a9c450cff8b4420b,LOCAL,trial_10_fold_4,/home/pborole/timeseries-classification/timeseries-classification/src/modeling/hpo.py,pborole,10649ed5822e9b700ed1cc691e3a0c070b52d1bb,38.0,
6d4f794bcf27414fbace7418e124fade,759131238482572322,FINISHED,file:///home/pborole/timeseries-classification/timeseries-classification/mlruns/759131238482572322/6d4f794bcf27414fbace7418e124fade/artifacts,2025-12-05 22:51:50.804000+00:00,2025-12-05 22:57:39.240000+00:00,0.8888888888888888,0.9587354399131044,0.8659217877094972,0.88268156424581,0.9082969432314412,0.8284518828451883,0.8974358974358975,21.0,0.4146891557189377,0.860655737704918,0.9292377398720684,0.952091665313716,0.9285714285714286,0.3368725502790685,0.3571529716419774,0.9345682302771854,0.9375,,,,,,,,,,,,6eb3126d1e5a4e48a9c450cff8b4420b,LOCAL,trial_10_fold_3,/home/pborole/timeseries-classification/timeseries-classification/src/modeling/hpo.py,pborole,10649ed5822e9b700ed1cc691e3a0c070b52d1bb,41.0,
fb4f7c60a2104beb88133cb3eacf722d,759131238482572322,FINISHED,file:///home/pborole/timeseries-classification/timeseries-classification/mlruns/759131238482572322/fb4f7c60a2104beb88133cb3eacf722d/artifacts,2025-12-05 22:48:00.431000+00:00,2025-12-05 22:51:50.767000+00:00,0.7714285714285715,0.8641809761553216,0.7821229050279329,0.7988826815642458,0.8571428571428571,0.8326359832635983,0.8470588235294118,7.0,0.4472464922415495,0.7552447552447552,0.8236940298507462,0.8501310287538397,0.9642857142857144,0.4823931110970801,0.5459819804023764,0.8316897654584221,0.9642857142857144,,,,,,,,,,,,6eb3126d1e5a4e48a9c450cff8b4420b,LOCAL,trial_10_fold_2,/home/pborole/timeseries-classification/timeseries-classification/src/modeling/hpo.py,pborole,10649ed5822e9b700ed1cc691e3a0c070b52d1bb,27.0,
84c58ecec1c246b59367734a8870e28d,759131238482572322,FINISHED,file:///home/pborole/timeseries-classification/timeseries-classification/mlruns/759131238482572322/84c58ecec1c246b59367734a8870e28d/artifacts,2025-12-05 22:42:25.692000+00:00,2025-12-05 22:48:00.280000+00:00,0.8467741935483871,0.9321911286041072,0.8435754189944135,0.8547486033519553,0.8898305084745762,0.8284518828451883,0.8823529411764706,19.0,0.4188698459120475,0.8333333333333334,0.8796641791044776,0.9077872302999036,0.9375,0.3703585545110969,0.4018083929016603,0.9019189765458422,0.9375,,,,,,,,,,,,6eb3126d1e5a4e48a9c450cff8b4420b,LOCAL,trial_10_fold_1,/home/pborole/timeseries-classification/timeseries-classification/src/modeling/hpo.py,pborole,10649ed5822e9b700ed1cc691e3a0c070b52d1bb,39.0,
909150fce2a241baa6675dfb46a1c3f8,759131238482572322,FINISHED,file:///home/pborole/timeseries-classification/timeseries-classification/mlruns/759131238482572322/909150fce2a241baa6675dfb46a1c3f8/artifacts,2025-12-05 22:38:00.808000+00:00,2025-12-05 22:42:25.669000+00:00,0.8244274809160306,0.9086800730762132,0.8444444444444444,0.85,0.8888888888888888,0.8435754189944135,0.8852459016393442,12.0,0.4124362861435839,0.8181818181818182,0.875656512605042,0.8970879016110711,0.9642857142857144,0.4096970947252379,0.4478691615992122,0.8837972689075629,0.9642857142857144,,,,,,,,,,,,6eb3126d1e5a4e48a9c450cff8b4420b,LOCAL,trial_10_fold_0,/home/pborole/timeseries-classification/timeseries-classification/src/modeling/hpo.py,pborole,10649ed5822e9b700ed1cc691e3a0c070b52d1bb,32.0,
6eb3126d1e5a4e48a9c450cff8b4420b,759131238482572322,FINISHED,file:///home/pborole/timeseries-classification/timeseries-classification/mlruns/759131238482572322/6eb3126d1e5a4e48a9c450cff8b4420b/artifacts,2025-12-05 22:38:00.377000+00:00,2025-12-05 23:03:07.382000+00:00,,,,,,,,,,,,,,,,,,0.8908060884745913,,f1,0.0012578389235983,250.0,20.0,"[20, 10]",0.4725682721151933,MOMENT-1-base,31.0,5.0,,LOCAL,trial_10,/home/pborole/timeseries-classification/timeseries-classification/src/modeling/hpo.py,pborole,10649ed5822e9b700ed1cc691e3a0c070b52d1bb,,34.0
e5d05f7899d34709b6c1b01eb78ac893,759131238482572322,FINISHED,file:///home/pborole/timeseries-classification/timeseries-classification/mlruns/759131238482572322/e5d05f7899d34709b6c1b01eb78ac893/artifacts,2025-12-05 22:32:28.911000+00:00,2025-12-05 22:38:00.037000+00:00,0.8770491803278688,0.9362102763162212,0.88268156424581,0.888268156424581,0.9145299145299144,0.8298465829846583,0.9098712446351932,18.0,0.4200779666690314,0.8760330578512396,0.9195095948827292,0.9296045683112952,0.9553571428571428,0.312238374152663,0.3360050579522575,0.9237739872068228,0.9464285714285714,,,,,,,,,,,,b81038362ee74e34b94d803d65f8281f,LOCAL,trial_9_fold_4,/home/pborole/timeseries-classification/timeseries-classification/src/modeling/hpo.py,pborole,10649ed5822e9b700ed1cc691e3a0c070b52d1bb,38.0,
853e959ebd6d4937aab94e887dea7a3b,759131238482572322,FINISHED,file:///home/pborole/timeseries-classification/timeseries-classification/mlruns/759131238482572322/853e959ebd6d4937aab94e887dea7a3b/artifacts,2025-12-05 22:27:19.994000+00:00,2025-12-05 22:32:28.813000+00:00,0.875,0.9561660584926588,0.8770949720670391,0.8770949720670391,0.9051724137931034,0.8326359832635983,0.9051724137931034,14.0,0.3870847382929535,0.875,0.9307036247334756,0.9528779919670044,0.9375,0.3233453888633397,0.3396843873255745,0.9320362473347548,0.9375,,,,,,,,,,,,b81038362ee74e34b94d803d65f8281f,LOCAL,trial_9_fold_3,/home/pborole/timeseries-classification/timeseries-classification/src/modeling/hpo.py,pborole,10649ed5822e9b700ed1cc691e3a0c070b52d1bb,34.0,
5d7168d57b2043b4908609da76eff6b6,759131238482572322,FINISHED,file:///home/pborole/timeseries-classification/timeseries-classification/mlruns/759131238482572322/5d7168d57b2043b4908609da76eff6b6/artifacts,2025-12-05 22:21:10.810000+00:00,2025-12-05 22:27:19.935000+00:00,0.7894736842105263,0.8969202657290625,0.7988826815642458,0.8044692737430168,0.8571428571428571,0.8702928870292888,0.8512396694214877,21.0,0.3467271108507611,0.7923076923076923,0.8450159914712154,0.8857776717401065,0.9375,0.4537929338116885,0.4631062875912842,0.8576759061833688,0.9196428571428572,,,,,,,,,,,,b81038362ee74e34b94d803d65f8281f,LOCAL,trial_9_fold_2,/home/pborole/timeseries-classification/timeseries-classification/src/modeling/hpo.py,pborole,10649ed5822e9b700ed1cc691e3a0c070b52d1bb,41.0,
4803f6c0f82b46c9b0c3ef90db7620a8,759131238482572322,FINISHED,file:///home/pborole/timeseries-classification/timeseries-classification/mlruns/759131238482572322/4803f6c0f82b46c9b0c3ef90db7620a8/artifacts,2025-12-05 22:16:44.511000+00:00,2025-12-05 22:21:10.715000+00:00,0.84,0.932273472059385,0.8324022346368715,0.8491620111731844,0.8860759493670886,0.8451882845188284,0.8717948717948718,9.0,0.3902329808228352,0.8360655737704918,0.874866737739872,0.90228129812535,0.9375,0.3809124247987843,0.4042559920409538,0.8993869936034116,0.9107142857142856,,,,,,,,,,,,b81038362ee74e34b94d803d65f8281f,LOCAL,trial_9_fold_1,/home/pborole/timeseries-classification/timeseries-classification/src/modeling/hpo.py,pborole,10649ed5822e9b700ed1cc691e3a0c070b52d1bb,29.0,
29d2393d8ee84ee3bebb429f94672e5b,759131238482572322,FINISHED,file:///home/pborole/timeseries-classification/timeseries-classification/mlruns/759131238482572322/29d2393d8ee84ee3bebb429f94672e5b/artifacts,2025-12-05 22:07:44.851000+00:00,2025-12-05 22:16:44.414000+00:00,0.8372093023255814,0.9137858483311032,0.8611111111111112,0.8611111111111112,0.8962655601659751,0.8798882681564246,0.895397489539749,40.0,0.3500927539552723,0.84251968503937,0.8889180672268907,0.9134703817142872,0.9642857142857144,0.4186949293646547,0.4080069129665692,0.890625,0.9553571428571428,,,,,,,,,,,,b81038362ee74e34b94d803d65f8281f,LOCAL,trial_9_fold_0,/home/pborole/timeseries-classification/timeseries-classification/src/modeling/hpo.py,pborole,10649ed5822e9b700ed1cc691e3a0c070b52d1bb,60.0,
b81038362ee74e34b94d803d65f8281f,759131238482572322,FINISHED,file:///home/pborole/timeseries-classification/timeseries-classification/mlruns/759131238482572322/b81038362ee74e34b94d803d65f8281f/artifacts,2025-12-05 22:07:44.308000+00:00,2025-12-05 22:38:00.090000+00:00,,,,,,,,,,,,,,,,,,0.8918373389997878,,f1,0.0005987474910461,250.0,20.0,"[20, 10]",0.2571172192068058,MOMENT-1-base,17.0,5.0,,LOCAL,trial_9,/home/pborole/timeseries-classification/timeseries-classification/src/modeling/hpo.py,pborole,10649ed5822e9b700ed1cc691e3a0c070b52d1bb,,48.0
89e4e4c883984c6bab194a1912c68e92,759131238482572322,FINISHED,file:///home/pborole/timeseries-classification/timeseries-classification/mlruns/759131238482572322/89e4e4c883984c6bab194a1912c68e92/artifacts,2025-12-05 21:59:32.639000+00:00,2025-12-05 22:07:44.137000+00:00,0.8925619834710744,0.9594739333356112,0.888268156424581,0.905027932960894,0.927038626609442,0.8535564853556485,0.90990990990991,38.0,0.3476021660172291,0.9181818181818182,0.9442963752665244,0.951465768199603,0.9642857142857144,0.273774746576501,0.2847034886229637,0.9480277185501066,0.9017857142857144,,,,,,,,,,,,a734fbc7a21a4a8da74332e0171fe49f,LOCAL,trial_8_fold_4,/home/pborole/timeseries-classification/timeseries-classification/src/modeling/hpo.py,pborole,10649ed5822e9b700ed1cc691e3a0c070b52d1bb,58.0,
744b080e071548b8b5613c359e890894,759131238482572322,FINISHED,file:///home/pborole/timeseries-classification/timeseries-classification/mlruns/759131238482572322/744b080e071548b8b5613c359e890894/artifacts,2025-12-05 21:49:09.208000+00:00,2025-12-05 21:59:32.506000+00:00,0.905982905982906,0.9541187406884424,0.888268156424581,0.905027932960894,0.925764192139738,0.8744769874476988,0.913793103448276,52.0,0.3156136790578834,0.8833333333333333,0.9328358208955224,0.9582768161257592,0.9464285714285714,0.3404537079720524,0.3285351259082389,0.9307036247334756,0.9464285714285714,,,,,,,,,,,,a734fbc7a21a4a8da74332e0171fe49f,LOCAL,trial_8_fold_3,/home/pborole/timeseries-classification/timeseries-classification/src/modeling/hpo.py,pborole,10649ed5822e9b700ed1cc691e3a0c070b52d1bb,72.0,
0515651544984538affea47cd89a3514,759131238482572322,FINISHED,file:///home/pborole/timeseries-classification/timeseries-classification/mlruns/759131238482572322/0515651544984538affea47cd89a3514/artifacts,2025-12-05 21:39:27.218000+00:00,2025-12-05 21:49:09.093000+00:00,0.8267716535433071,0.8983036165125575,0.7877094972067039,0.8379888268156425,0.8786610878661087,0.8786610878661087,0.8467741935483871,48.0,0.2969304418588782,0.7720588235294118,0.8663379530916845,0.9044281286192212,0.9375,0.4937813833106163,0.4245484785993672,0.8607409381663114,0.9375,,,,,,,,,,,,a734fbc7a21a4a8da74332e0171fe49f,LOCAL,trial_8_fold_2,/home/pborole/timeseries-classification/timeseries-classification/src/modeling/hpo.py,pborole,10649ed5822e9b700ed1cc691e3a0c070b52d1bb,68.0,
b7d3fcfcea2c4243a46f240e1af5e70a,759131238482572322,FINISHED,file:///home/pborole/timeseries-classification/timeseries-classification/mlruns/759131238482572322/b7d3fcfcea2c4243a46f240e1af5e70a/artifacts,2025-12-05 21:35:28.395000+00:00,2025-12-05 21:39:26.921000+00:00,0.8333333333333334,0.940420770666286,0.8435754189944135,0.8435754189944135,0.8823529411764706,0.8577405857740585,0.8793103448275862,7.0,0.3658046853342814,0.85,0.8921908315565031,0.9238722822563736,0.9375,0.3636886201091319,0.3887809178682679,0.9097814498933902,0.9107142857142856,,,,,,,,,,,,a734fbc7a21a4a8da74332e0171fe49f,LOCAL,trial_8_fold_1,/home/pborole/timeseries-classification/timeseries-classification/src/modeling/hpo.py,pborole,10649ed5822e9b700ed1cc691e3a0c070b52d1bb,27.0,
32f4a489d13140c6a899f2e6dc82f894,759131238482572322,FINISHED,file:///home/pborole/timeseries-classification/timeseries-classification/mlruns/759131238482572322/32f4a489d13140c6a899f2e6dc82f894/artifacts,2025-12-05 21:29:24.140000+00:00,2025-12-05 21:35:28.312000+00:00,0.8548387096774194,0.9197120920524396,0.8555555555555555,0.8666666666666667,0.8983050847457628,0.8756983240223464,0.8898305084745762,23.0,0.3201905192609606,0.8467741935483871,0.8932510504201681,0.9191129449876054,0.9464285714285714,0.4165096362431844,0.3969620178143183,0.8932510504201682,0.9375,,,,,,,,,,,,a734fbc7a21a4a8da74332e0171fe49f,LOCAL,trial_8_fold_0,/home/pborole/timeseries-classification/timeseries-classification/src/modeling/hpo.py,pborole,10649ed5822e9b700ed1cc691e3a0c070b52d1bb,43.0,
a734fbc7a21a4a8da74332e0171fe49f,759131238482572322,FINISHED,file:///home/pborole/timeseries-classification/timeseries-classification/mlruns/759131238482572322/a734fbc7a21a4a8da74332e0171fe49f/artifacts,2025-12-05 21:29:23.345000+00:00,2025-12-05 22:07:44.211000+00:00,,,,,,,,,,,,,,,,,,0.9024243865075045,,f1,0.002267398652378,250.0,20.0,"[20, 10]",0.2280349921085179,MOMENT-1-base,24.0,5.0,,LOCAL,trial_8,/home/pborole/timeseries-classification/timeseries-classification/src/modeling/hpo.py,pborole,10649ed5822e9b700ed1cc691e3a0c070b52d1bb,,41.0
c693f29a95c640658c954972fc6ab666,759131238482572322,FINISHED,file:///home/pborole/timeseries-classification/timeseries-classification/mlruns/759131238482572322/c693f29a95c640658c954972fc6ab666/artifacts,2025-12-05 21:20:53.835000+00:00,2025-12-05 21:29:23.068000+00:00,0.8617886178861789,0.9046614116850232,0.8659217877094972,0.8715083798882681,0.902127659574468,0.8228730822873083,0.896551724137931,41.0,0.4452446097900345,0.8666666666666667,0.9017857142857144,0.8987993168052719,0.9464285714285714,0.3669802513202475,0.4390869516900131,0.906716417910448,0.9285714285714286,,,,,,,,,,,,45d188ea669d4ae391e0f98bb5354885,LOCAL,trial_7_fold_4,/home/pborole/timeseries-classification/timeseries-classification/src/modeling/hpo.py,pborole,10649ed5822e9b700ed1cc691e3a0c070b52d1bb,61.0,
b42f0c09ea1d41778e9be0ebea9b4d30,759131238482572322,FINISHED,file:///home/pborole/timeseries-classification/timeseries-classification/mlruns/759131238482572322/b42f0c09ea1d41778e9be0ebea9b4d30/artifacts,2025-12-05 21:10:21.230000+00:00,2025-12-05 21:20:53.671000+00:00,0.8617886178861789,0.94700072306929,0.8715083798882681,0.8715083798882681,0.902127659574468,0.8200836820083682,0.9012875536480688,56.0,0.4462708494985785,0.8677685950413223,0.9160447761194028,0.9361633337942554,0.9464285714285714,0.3716473822487133,0.4138639309552794,0.925639658848614,0.9375,,,,,,,,,,,,45d188ea669d4ae391e0f98bb5354885,LOCAL,trial_7_fold_3,/home/pborole/timeseries-classification/timeseries-classification/src/modeling/hpo.py,pborole,10649ed5822e9b700ed1cc691e3a0c070b52d1bb,76.0,
c499bf2b453c455ca2fe7e4a12406477,759131238482572322,FINISHED,file:///home/pborole/timeseries-classification/timeseries-classification/mlruns/759131238482572322/c499bf2b453c455ca2fe7e4a12406477/artifacts,2025-12-05 21:01:43.537000+00:00,2025-12-05 21:10:21.133000+00:00,0.7851851851851852,0.8343290203462601,0.7877094972067039,0.8044692737430168,0.8582995951417004,0.8326359832635983,0.8442622950819673,41.0,0.4229181083425817,0.7803030303030303,0.8050373134328358,0.8258394701311205,0.9464285714285714,0.4906344180666535,0.5248723249861648,0.8121002132196162,0.9196428571428572,,,,,,,,,,,,45d188ea669d4ae391e0f98bb5354885,LOCAL,trial_7_fold_2,/home/pborole/timeseries-classification/timeseries-classification/src/modeling/hpo.py,pborole,10649ed5822e9b700ed1cc691e3a0c070b52d1bb,61.0,
c21560e6b3654a77a3f038468c550085,759131238482572322,FINISHED,file:///home/pborole/timeseries-classification/timeseries-classification/mlruns/759131238482572322/c21560e6b3654a77a3f038468c550085/artifacts,2025-12-05 20:55:00.264000+00:00,2025-12-05 21:01:43.225000+00:00,0.8059701492537313,0.8523248511076313,0.8100558659217877,0.8324022346368715,0.8780487804878049,0.8172942817294282,0.8547008547008547,28.0,0.530868198041969,0.819672131147541,0.8424840085287847,0.8423125421643743,0.9642857142857144,0.5157951920725113,0.6152365843676988,0.8478144989339019,0.8928571428571429,,,,,,,,,,,,45d188ea669d4ae391e0f98bb5354885,LOCAL,trial_7_fold_1,/home/pborole/timeseries-classification/timeseries-classification/src/modeling/hpo.py,pborole,10649ed5822e9b700ed1cc691e3a0c070b52d1bb,48.0,
074ea4aec60b4b1c8459492e5af5d6c5,759131238482572322,FINISHED,file:///home/pborole/timeseries-classification/timeseries-classification/mlruns/759131238482572322/074ea4aec60b4b1c8459492e5af5d6c5/artifacts,2025-12-05 20:50:02.412000+00:00,2025-12-05 20:55:00.248000+00:00,0.7983870967741935,0.8896393733728785,0.7333333333333333,0.7888888888888889,0.8389830508474576,0.7486033519553073,0.8208955223880597,17.0,0.5497321891884565,0.7051282051282052,0.8333771008403361,0.8685504871938338,0.8839285714285714,0.5527635186910629,0.6838734514183469,0.8559611344537815,0.9821428571428572,,,,,,,,,,,,45d188ea669d4ae391e0f98bb5354885,LOCAL,trial_7_fold_0,/home/pborole/timeseries-classification/timeseries-classification/src/modeling/hpo.py,pborole,10649ed5822e9b700ed1cc691e3a0c070b52d1bb,37.0,
45d188ea669d4ae391e0f98bb5354885,759131238482572322,FINISHED,file:///home/pborole/timeseries-classification/timeseries-classification/mlruns/759131238482572322/45d188ea669d4ae391e0f98bb5354885/artifacts,2025-12-05 20:50:01.685000+00:00,2025-12-05 21:29:23.134000+00:00,,,,,,,,,,,,,,,,,,0.8759173491251797,,f1,7.52374288453485e-05,250.0,20.0,"[20, 10]",0.0697469303260209,MOMENT-1-base,34.0,5.0,,LOCAL,trial_7,/home/pborole/timeseries-classification/timeseries-classification/src/modeling/hpo.py,pborole,10649ed5822e9b700ed1cc691e3a0c070b52d1bb,,35.0
523c69048d424832bb5baaec338984ab,759131238482572322,FINISHED,file:///home/pborole/timeseries-classification/timeseries-classification/mlruns/759131238482572322/523c69048d424832bb5baaec338984ab/artifacts,2025-12-05 20:47:08.164000+00:00,2025-12-05 20:50:01.453000+00:00,0.6256983240223464,0.901360095171564,0.6256983240223464,0.6256983240223464,0.7697594501718213,0.6248256624825662,0.7697594501718213,1.0,0.6527277291070467,0.6256983240223464,0.7067563965884862,0.7488369064902409,1.0,0.6431301059669623,0.6894128868699739,0.902318763326226,1.0,,,,,,,,,,,,04eb34f76b764462a00e203954a63297,LOCAL,trial_6_fold_4,/home/pborole/timeseries-classification/timeseries-classification/src/modeling/hpo.py,pborole,10649ed5822e9b700ed1cc691e3a0c070b52d1bb,21.0,
25a76e81022e422aaf40718e0dab32dd,759131238482572322,FINISHED,file:///home/pborole/timeseries-classification/timeseries-classification/mlruns/759131238482572322/25a76e81022e422aaf40718e0dab32dd/artifacts,2025-12-05 20:44:04.339000+00:00,2025-12-05 20:47:08.063000+00:00,0.6256983240223464,0.915259717646508,0.6256983240223464,0.6256983240223464,0.7697594501718213,0.6345885634588564,0.7697594501718213,1.0,0.6218263377205597,0.6256983240223464,0.7926439232409381,0.8480935058899155,1.0,0.6081001691978071,0.6624182266230024,0.8935234541577826,1.0,,,,,,,,,,,,04eb34f76b764462a00e203954a63297,LOCAL,trial_6_fold_3,/home/pborole/timeseries-classification/timeseries-classification/src/modeling/hpo.py,pborole,10649ed5822e9b700ed1cc691e3a0c070b52d1bb,21.0,
38988beb6da14b84a7efd577fbdb3402,759131238482572322,FINISHED,file:///home/pborole/timeseries-classification/timeseries-classification/mlruns/759131238482572322/38988beb6da14b84a7efd577fbdb3402/artifacts,2025-12-05 20:36:26.874000+00:00,2025-12-05 20:44:04.287000+00:00,0.7851851851851852,0.8379713472391953,0.8044692737430168,0.8044692737430168,0.8582995951417004,0.8158995815899581,0.8571428571428571,37.0,0.4855555244818891,0.7894736842105263,0.808768656716418,0.8309200932809769,0.9464285714285714,0.5107018952596121,0.5661947390886658,0.8148987206823028,0.9375,,,,,,,,,,,,04eb34f76b764462a00e203954a63297,LOCAL,trial_6_fold_2,/home/pborole/timeseries-classification/timeseries-classification/src/modeling/hpo.py,pborole,10649ed5822e9b700ed1cc691e3a0c070b52d1bb,57.0,
53410db66b8e4372b6a0ab168b98b04f,759131238482572322,FINISHED,file:///home/pborole/timeseries-classification/timeseries-classification/mlruns/759131238482572322/53410db66b8e4372b6a0ab168b98b04f/artifacts,2025-12-05 20:29:55.323000+00:00,2025-12-05 20:36:26.532000+00:00,0.816793893129771,0.862556166991545,0.8100558659217877,0.8379888268156425,0.8806584362139918,0.799163179916318,0.8547008547008547,29.0,0.5130641419269051,0.819672131147541,0.843683368869936,0.8557047254367559,0.9553571428571428,0.4988048261437336,0.5770617800051939,0.8508795309168443,0.8928571428571429,,,,,,,,,,,,04eb34f76b764462a00e203954a63297,LOCAL,trial_6_fold_1,/home/pborole/timeseries-classification/timeseries-classification/src/modeling/hpo.py,pborole,10649ed5822e9b700ed1cc691e3a0c070b52d1bb,49.0,
ea9d21c12728451aac3c260439ff87e5,759131238482572322,FINISHED,file:///home/pborole/timeseries-classification/timeseries-classification/mlruns/759131238482572322/ea9d21c12728451aac3c260439ff87e5/artifacts,2025-12-05 20:26:35.582000+00:00,2025-12-05 20:29:55.280000+00:00,0.7046979865771812,0.8767353853559781,0.6555555555555556,0.7166666666666667,0.8045977011494253,0.6885474860335196,0.7832167832167832,3.0,0.5884096884694179,0.6436781609195402,0.7287289915966386,0.7831453961758545,0.9375,0.5871719559033711,0.6896973093350728,0.8461134453781513,1.0,,,,,,,,,,,,04eb34f76b764462a00e203954a63297,LOCAL,trial_6_fold_0,/home/pborole/timeseries-classification/timeseries-classification/src/modeling/hpo.py,pborole,10649ed5822e9b700ed1cc691e3a0c070b52d1bb,23.0,
04eb34f76b764462a00e203954a63297,759131238482572322,FINISHED,file:///home/pborole/timeseries-classification/timeseries-classification/mlruns/759131238482572322/04eb34f76b764462a00e203954a63297/artifacts,2025-12-05 20:26:35.030000+00:00,2025-12-05 20:50:01.535000+00:00,,,,,,,,,,,,,,,,,,0.816614926569752,,f1,7.476312062252303e-05,250.0,20.0,"[20, 10]",0.2159725093210578,MOMENT-1-base,57.0,5.0,,LOCAL,trial_6,/home/pborole/timeseries-classification/timeseries-classification/src/modeling/hpo.py,pborole,10649ed5822e9b700ed1cc691e3a0c070b52d1bb,,45.0
fe04a6459387434896cfdfe3fb1719d4,759131238482572322,FINISHED,file:///home/pborole/timeseries-classification/timeseries-classification/mlruns/759131238482572322/fe04a6459387434896cfdfe3fb1719d4/artifacts,2025-12-05 20:17:29.436000+00:00,2025-12-05 20:26:34.779000+00:00,0.8548387096774194,0.9081914000054312,0.8659217877094972,0.8659217877094972,0.8983050847457628,0.8089260808926081,0.8974358974358975,47.0,0.4746891605554764,0.860655737704918,0.9027185501066098,0.9019061819194594,0.9464285714285714,0.3912772847620469,0.4604065473186237,0.908049040511727,0.9375,,,,,,,,,,,,7d631fabbf1a46438a5f958814a6d3cb,LOCAL,trial_5_fold_4,/home/pborole/timeseries-classification/timeseries-classification/src/modeling/hpo.py,pborole,10649ed5822e9b700ed1cc691e3a0c070b52d1bb,67.0,
4399b3dba63a480892747a630b2867a4,759131238482572322,FINISHED,file:///home/pborole/timeseries-classification/timeseries-classification/mlruns/759131238482572322/4399b3dba63a480892747a630b2867a4/artifacts,2025-12-05 20:14:21.139000+00:00,2025-12-05 20:17:29.402000+00:00,0.85,0.9260364996674056,0.8212290502793296,0.8435754189944135,0.8793103448275862,0.7796373779637378,0.8709677419354839,3.0,0.5853361630373254,0.7941176470588235,0.88659381663113,0.9182987675160718,0.9107142857142856,0.5573187283963464,0.6866646871886439,0.9048507462686568,0.9642857142857144,,,,,,,,,,,,7d631fabbf1a46438a5f958814a6d3cb,LOCAL,trial_5_fold_3,/home/pborole/timeseries-classification/timeseries-classification/src/modeling/hpo.py,pborole,10649ed5822e9b700ed1cc691e3a0c070b52d1bb,23.0,
f8b310c0a8e84754b6598985b079ff31,759131238482572322,FINISHED,file:///home/pborole/timeseries-classification/timeseries-classification/mlruns/759131238482572322/f8b310c0a8e84754b6598985b079ff31/artifacts,2025-12-05 19:57:08.877000+00:00,2025-12-05 20:14:21.032000+00:00,0.7846153846153846,0.7925521251084424,0.7877094972067039,0.7877094972067039,0.8429752066115702,0.8591352859135286,0.8429752066115702,107.0,0.5092769189526014,0.7846153846153846,0.7747867803837953,0.7924368463680196,0.9107142857142856,0.5591417820759992,0.5675396786055751,0.7750533049040511,0.9107142857142856,,,,,,,,,,,,7d631fabbf1a46438a5f958814a6d3cb,LOCAL,trial_5_fold_2,/home/pborole/timeseries-classification/timeseries-classification/src/modeling/hpo.py,pborole,10649ed5822e9b700ed1cc691e3a0c070b52d1bb,127.0,
5da781ae388d4f869a64b56750a7b6c0,759131238482572322,FINISHED,file:///home/pborole/timeseries-classification/timeseries-classification/mlruns/759131238482572322/5da781ae388d4f869a64b56750a7b6c0/artifacts,2025-12-05 19:54:17.943000+00:00,2025-12-05 19:57:08.828000+00:00,0.6256983240223464,0.86170162072847,0.6256983240223464,0.6256983240223464,0.7697594501718213,0.6248256624825662,0.7697594501718213,1.0,0.6038767083585678,0.6256983240223464,0.6297974413646055,0.7177016531082112,1.0,0.5992008650769068,0.6629612256028798,0.8446162046908317,1.0,,,,,,,,,,,,7d631fabbf1a46438a5f958814a6d3cb,LOCAL,trial_5_fold_1,/home/pborole/timeseries-classification/timeseries-classification/src/modeling/hpo.py,pborole,10649ed5822e9b700ed1cc691e3a0c070b52d1bb,21.0,
30c6e0efd8ca4e39b2d4f72e98b0ac75,759131238482572322,FINISHED,file:///home/pborole/timeseries-classification/timeseries-classification/mlruns/759131238482572322/30c6e0efd8ca4e39b2d4f72e98b0ac75/artifacts,2025-12-05 19:42:25.950000+00:00,2025-12-05 19:54:17.884000+00:00,0.8372093023255814,0.9076464985130402,0.85,0.8611111111111112,0.8962655601659751,0.835195530726257,0.8870292887029289,67.0,0.4036314548643607,0.8346456692913385,0.8738182773109243,0.9100906736046686,0.9642857142857144,0.4133858233690262,0.4241199624207284,0.8757878151260504,0.9464285714285714,,,,,,,,,,,,7d631fabbf1a46438a5f958814a6d3cb,LOCAL,trial_5_fold_0,/home/pborole/timeseries-classification/timeseries-classification/src/modeling/hpo.py,pborole,10649ed5822e9b700ed1cc691e3a0c070b52d1bb,87.0,
7d631fabbf1a46438a5f958814a6d3cb,759131238482572322,FINISHED,file:///home/pborole/timeseries-classification/timeseries-classification/mlruns/759131238482572322/7d631fabbf1a46438a5f958814a6d3cb/artifacts,2025-12-05 19:42:25.401000+00:00,2025-12-05 20:26:34.899000+00:00,,,,,,,,,,,,,,,,,,0.8573231293045431,,f1,8.17949947521167e-05,250.0,20.0,"[20, 10]",0.0917022549267169,MOMENT-1-base,47.0,5.0,,LOCAL,trial_5,/home/pborole/timeseries-classification/timeseries-classification/src/modeling/hpo.py,pborole,10649ed5822e9b700ed1cc691e3a0c070b52d1bb,,51.0
842b0754117c4b5186771c4692cc9860,759131238482572322,FINISHED,file:///home/pborole/timeseries-classification/timeseries-classification/mlruns/759131238482572322/842b0754117c4b5186771c4692cc9860/artifacts,2025-12-05 19:39:26.064000+00:00,2025-12-05 19:42:25.079000+00:00,0.6256983240223464,0.8945407856395449,0.6256983240223464,0.6256983240223464,0.7697594501718213,0.6248256624825662,0.7697594501718213,1.0,0.6563212854094086,0.6256983240223464,0.3626066098081023,0.5456896902910194,1.0,0.6484860118540972,0.6733821687085668,0.8931236673773987,1.0,,,,,,,,,,,,c7d08dc93652405ab72fc0597841df8e,LOCAL,trial_4_fold_4,/home/pborole/timeseries-classification/timeseries-classification/src/modeling/hpo.py,pborole,10649ed5822e9b700ed1cc691e3a0c070b52d1bb,21.0,
2646868dd60c40fc96f2e400cbf1c518,759131238482572322,FINISHED,file:///home/pborole/timeseries-classification/timeseries-classification/mlruns/759131238482572322/2646868dd60c40fc96f2e400cbf1c518/artifacts,2025-12-05 19:27:55.309000+00:00,2025-12-05 19:39:25.999000+00:00,0.8492063492063492,0.9354543119892804,0.8659217877094972,0.8659217877094972,0.8991596638655462,0.7726638772663877,0.8983050847457628,59.0,0.5279942545182535,0.8548387096774194,0.912046908315565,0.931585253214726,0.9553571428571428,0.4422777571491689,0.4916224677802464,0.915911513859275,0.9464285714285714,,,,,,,,,,,,c7d08dc93652405ab72fc0597841df8e,LOCAL,trial_4_fold_3,/home/pborole/timeseries-classification/timeseries-classification/src/modeling/hpo.py,pborole,10649ed5822e9b700ed1cc691e3a0c070b52d1bb,79.0,
02df8ba404b04dcb8d239caad574e19b,759131238482572322,FINISHED,file:///home/pborole/timeseries-classification/timeseries-classification/mlruns/759131238482572322/02df8ba404b04dcb8d239caad574e19b/artifacts,2025-12-05 19:24:47.567000+00:00,2025-12-05 19:27:55.236000+00:00,0.6256983240223464,0.8197240653816453,0.6256983240223464,0.6256983240223464,0.7697594501718213,0.6248256624825662,0.7697594501718213,1.0,0.6429476901743368,0.6256983240223464,0.6741737739872068,0.7615508645443421,1.0,0.6452234270852372,0.6735159851319297,0.8051705756929638,1.0,,,,,,,,,,,,c7d08dc93652405ab72fc0597841df8e,LOCAL,trial_4_fold_2,/home/pborole/timeseries-classification/timeseries-classification/src/modeling/hpo.py,pborole,10649ed5822e9b700ed1cc691e3a0c070b52d1bb,21.0,
89653b39faee4f67b1960f2de33d1918,759131238482572322,FINISHED,file:///home/pborole/timeseries-classification/timeseries-classification/mlruns/759131238482572322/89653b39faee4f67b1960f2de33d1918/artifacts,2025-12-05 19:21:43.806000+00:00,2025-12-05 19:24:47.537000+00:00,0.6256983240223464,0.859966734419039,0.6256983240223464,0.6256983240223464,0.7697594501718213,0.6262203626220363,0.7697594501718213,1.0,0.6424173573070989,0.6256983240223464,0.8170975479744137,0.857725201513641,1.0,0.6350896624879464,0.6727509165609349,0.8375533049040512,1.0,,,,,,,,,,,,c7d08dc93652405ab72fc0597841df8e,LOCAL,trial_4_fold_1,/home/pborole/timeseries-classification/timeseries-classification/src/modeling/hpo.py,pborole,10649ed5822e9b700ed1cc691e3a0c070b52d1bb,21.0,
76f7135469e34e7ba31bcc14152e8283,759131238482572322,FINISHED,file:///home/pborole/timeseries-classification/timeseries-classification/mlruns/759131238482572322/76f7135469e34e7ba31bcc14152e8283/artifacts,2025-12-05 19:04:36.757000+00:00,2025-12-05 19:21:43.740000+00:00,0.8294573643410853,0.909030366009802,0.85,0.85,0.8879668049792531,0.7932960893854749,0.8879668049792531,96.0,0.4891303566248057,0.8294573643410853,0.8676470588235294,0.9042697285529508,0.9553571428571428,0.4505407921142048,0.468238365650177,0.8715861344537815,0.9553571428571428,,,,,,,,,,,,c7d08dc93652405ab72fc0597841df8e,LOCAL,trial_4_fold_0,/home/pborole/timeseries-classification/timeseries-classification/src/modeling/hpo.py,pborole,10649ed5822e9b700ed1cc691e3a0c070b52d1bb,116.0,
c7d08dc93652405ab72fc0597841df8e,759131238482572322,FINISHED,file:///home/pborole/timeseries-classification/timeseries-classification/mlruns/759131238482572322/c7d08dc93652405ab72fc0597841df8e/artifacts,2025-12-05 19:04:36.399000+00:00,2025-12-05 19:42:25.164000+00:00,,,,,,,,,,,,,,,,,,0.8192809638720526,,f1,4.335281794951564e-05,250.0,20.0,"[20, 10]",0.4162213204002108,MOMENT-1-base,23.0,5.0,,LOCAL,trial_4,/home/pborole/timeseries-classification/timeseries-classification/src/modeling/hpo.py,pborole,10649ed5822e9b700ed1cc691e3a0c070b52d1bb,,65.0
42264d665a4442c081540d525de6566e,759131238482572322,FINISHED,file:///home/pborole/timeseries-classification/timeseries-classification/mlruns/759131238482572322/42264d665a4442c081540d525de6566e/artifacts,2025-12-05 19:01:23.393000+00:00,2025-12-05 19:04:36.246000+00:00,0.0,0.8286511021460731,0.3743016759776536,0.3743016759776536,0.0,0.3751743375174337,0.0,1.0,0.7238490920685325,0.0,0.4812100213219616,0.5944816625850625,0.0,0.7223203192210065,0.7271502647319985,0.7526652452025586,0.0,,,,,,,,,,,,c2508bfc336e40a7bef024c6b652bf43,LOCAL,trial_3_fold_4,/home/pborole/timeseries-classification/timeseries-classification/src/modeling/hpo.py,pborole,10649ed5822e9b700ed1cc691e3a0c070b52d1bb,21.0,
a606d2bb514441cb9b51a9c1fc4e7cd2,759131238482572322,FINISHED,file:///home/pborole/timeseries-classification/timeseries-classification/mlruns/759131238482572322/a606d2bb514441cb9b51a9c1fc4e7cd2/artifacts,2025-12-05 18:58:09.647000+00:00,2025-12-05 19:01:23.344000+00:00,0.6256983240223464,0.884951996778595,0.6256983240223464,0.6256983240223464,0.7697594501718213,0.6290097629009763,0.7697594501718213,1.0,0.6759325442121284,0.6256983240223464,0.6198027718550106,0.6864089586654195,1.0,0.675447106694376,0.6779920315609298,0.8360874200426439,1.0,,,,,,,,,,,,c2508bfc336e40a7bef024c6b652bf43,LOCAL,trial_3_fold_3,/home/pborole/timeseries-classification/timeseries-classification/src/modeling/hpo.py,pborole,10649ed5822e9b700ed1cc691e3a0c070b52d1bb,21.0,
7672d69f53c244c0bee4456082cc5314,759131238482572322,FINISHED,file:///home/pborole/timeseries-classification/timeseries-classification/mlruns/759131238482572322/7672d69f53c244c0bee4456082cc5314/artifacts,2025-12-05 18:54:54.954000+00:00,2025-12-05 18:58:09.575000+00:00,0.6256983240223464,0.6544066952588367,0.6256983240223464,0.6256983240223464,0.7697594501718213,0.6150627615062761,0.7697594501718213,1.0,0.6815991513898682,0.6256983240223464,0.2930437100213219,0.4955283290658995,1.0,0.6813739261813669,0.6848196060963849,0.5209221748400853,1.0,,,,,,,,,,,,c2508bfc336e40a7bef024c6b652bf43,LOCAL,trial_3_fold_2,/home/pborole/timeseries-classification/timeseries-classification/src/modeling/hpo.py,pborole,10649ed5822e9b700ed1cc691e3a0c070b52d1bb,21.0,
6910ae406b1a42bc95dee0dbabdfbd02,759131238482572322,FINISHED,file:///home/pborole/timeseries-classification/timeseries-classification/mlruns/759131238482572322/6910ae406b1a42bc95dee0dbabdfbd02/artifacts,2025-12-05 18:51:36.021000+00:00,2025-12-05 18:54:54.932000+00:00,0.6256983240223464,0.8760120542352201,0.6256983240223464,0.6256983240223464,0.7697594501718213,0.6248256624825662,0.7697594501718213,1.0,0.6654859731386895,0.6256983240223464,0.7160181236673775,0.7801347976291695,1.0,0.6672493648928637,0.6703959177326224,0.8292910447761195,1.0,,,,,,,,,,,,c2508bfc336e40a7bef024c6b652bf43,LOCAL,trial_3_fold_1,/home/pborole/timeseries-classification/timeseries-classification/src/modeling/hpo.py,pborole,10649ed5822e9b700ed1cc691e3a0c070b52d1bb,21.0,
87127e80f84a4c129803556488140a70,759131238482572322,FINISHED,file:///home/pborole/timeseries-classification/timeseries-classification/mlruns/759131238482572322/87127e80f84a4c129803556488140a70/artifacts,2025-12-05 18:48:22.310000+00:00,2025-12-05 18:51:36.006000+00:00,0.6222222222222222,0.7019571447030388,0.6222222222222222,0.6222222222222222,0.7671232876712328,0.6256983240223464,0.7671232876712328,1.0,0.6744823792127258,0.6222222222222222,0.4181985294117647,0.5573584337227147,1.0,0.672437705596288,0.6746864987744225,0.6112132352941176,1.0,,,,,,,,,,,,c2508bfc336e40a7bef024c6b652bf43,LOCAL,trial_3_fold_0,/home/pborole/timeseries-classification/timeseries-classification/src/modeling/hpo.py,pborole,10649ed5822e9b700ed1cc691e3a0c070b52d1bb,21.0,
c2508bfc336e40a7bef024c6b652bf43,759131238482572322,FINISHED,file:///home/pborole/timeseries-classification/timeseries-classification/mlruns/759131238482572322/c2508bfc336e40a7bef024c6b652bf43/artifacts,2025-12-05 18:48:21.610000+00:00,2025-12-05 19:04:36.300000+00:00,,,,,,,,,,,,,,,,,,0.6152803276373393,,f1,1.1527987128232396e-05,250.0,20.0,"[20, 10]",0.3540362888980227,MOMENT-1-base,121.0,5.0,,LOCAL,trial_3,/home/pborole/timeseries-classification/timeseries-classification/src/modeling/hpo.py,pborole,10649ed5822e9b700ed1cc691e3a0c070b52d1bb,,34.0
6ec1768b6a784c738cedbc7f55e50fb0,759131238482572322,FINISHED,file:///home/pborole/timeseries-classification/timeseries-classification/mlruns/759131238482572322/6ec1768b6a784c738cedbc7f55e50fb0/artifacts,2025-12-05 18:41:43.498000+00:00,2025-12-05 18:48:21.192000+00:00,0.8861788617886179,0.93937098119065,0.8994413407821229,0.905027932960894,0.9276595744680852,0.8549511854951185,0.923728813559322,25.0,0.350783534316837,0.8790322580645161,0.9319029850746268,0.940710678579115,0.9732142857142856,0.2931096829349102,0.2924214708072513,0.9301705756929638,0.9732142857142856,,,,,,,,,,,,138e9bb9cb764c60b8d5aa11c8707200,LOCAL,trial_2_fold_4,/home/pborole/timeseries-classification/timeseries-classification/src/modeling/hpo.py,pborole,10649ed5822e9b700ed1cc691e3a0c070b52d1bb,45.0,
efdf0b811bef43058d3554de6a1c1c76,759131238482572322,FINISHED,file:///home/pborole/timeseries-classification/timeseries-classification/mlruns/759131238482572322/efdf0b811bef43058d3554de6a1c1c76/artifacts,2025-12-05 18:31:26.128000+00:00,2025-12-05 18:41:43.353000+00:00,0.8842975206611571,0.9609875819720708,0.8770949720670391,0.8938547486033519,0.9184549356223176,0.8465829846582985,0.907563025210084,50.0,0.334186217587862,0.8571428571428571,0.9357675906183368,0.957117901074414,0.9553571428571428,0.329282788008285,0.3315460513756927,0.937366737739872,0.9642857142857144,,,,,,,,,,,,138e9bb9cb764c60b8d5aa11c8707200,LOCAL,trial_2_fold_3,/home/pborole/timeseries-classification/timeseries-classification/src/modeling/hpo.py,pborole,10649ed5822e9b700ed1cc691e3a0c070b52d1bb,70.0,
2340c5d4a8b4406e9b9ae4a0dae7c4aa,759131238482572322,FINISHED,file:///home/pborole/timeseries-classification/timeseries-classification/mlruns/759131238482572322/2340c5d4a8b4406e9b9ae4a0dae7c4aa/artifacts,2025-12-05 18:26:53.127000+00:00,2025-12-05 18:31:26.040000+00:00,0.7925925925925926,0.8906225855236017,0.8044692737430168,0.8156424581005587,0.8663967611336032,0.8577405857740585,0.8594377510040161,11.0,0.3304116115327327,0.781021897810219,0.8488805970149254,0.8985767962564685,0.9553571428571428,0.4829301579371511,0.4565867079036861,0.8586087420042645,0.9553571428571428,,,,,,,,,,,,138e9bb9cb764c60b8d5aa11c8707200,LOCAL,trial_2_fold_2,/home/pborole/timeseries-classification/timeseries-classification/src/modeling/hpo.py,pborole,10649ed5822e9b700ed1cc691e3a0c070b52d1bb,31.0,
4c692f72351e4ed18f870943624b948c,759131238482572322,FINISHED,file:///home/pborole/timeseries-classification/timeseries-classification/mlruns/759131238482572322/4c692f72351e4ed18f870943624b948c/artifacts,2025-12-05 18:22:00.076000+00:00,2025-12-05 18:26:53.068000+00:00,0.8571428571428571,0.933328067458766,0.8435754189944135,0.8491620111731844,0.8831168831168831,0.8563458856345886,0.8803418803418803,13.0,0.3417690421455907,0.8442622950819673,0.8977878464818764,0.9279651523059796,0.9107142857142856,0.3765192539665286,0.3845471461724968,0.9012526652452024,0.9196428571428572,,,,,,,,,,,,138e9bb9cb764c60b8d5aa11c8707200,LOCAL,trial_2_fold_1,/home/pborole/timeseries-classification/timeseries-classification/src/modeling/hpo.py,pborole,10649ed5822e9b700ed1cc691e3a0c070b52d1bb,33.0,
b43c341bba4c401dabdcf07746763cdc,759131238482572322,FINISHED,file:///home/pborole/timeseries-classification/timeseries-classification/mlruns/759131238482572322/b43c341bba4c401dabdcf07746763cdc/artifacts,2025-12-05 18:17:26.706000+00:00,2025-12-05 18:22:00.056000+00:00,0.8257575757575758,0.9092052288711474,0.8277777777777777,0.8555555555555555,0.8934426229508197,0.8477653631284916,0.8669527896995708,11.0,0.3343160568200592,0.8347107438016529,0.8864233193277311,0.9119062185952362,0.9732142857142856,0.4070999837583965,0.4168942479623688,0.8853728991596639,0.9017857142857144,,,,,,,,,,,,138e9bb9cb764c60b8d5aa11c8707200,LOCAL,trial_2_fold_0,/home/pborole/timeseries-classification/timeseries-classification/src/modeling/hpo.py,pborole,10649ed5822e9b700ed1cc691e3a0c070b52d1bb,31.0,
138e9bb9cb764c60b8d5aa11c8707200,759131238482572322,FINISHED,file:///home/pborole/timeseries-classification/timeseries-classification/mlruns/759131238482572322/138e9bb9cb764c60b8d5aa11c8707200/artifacts,2025-12-05 18:17:26.081000+00:00,2025-12-05 18:48:21.350000+00:00,,,,,,,,,,,,,,,,,,0.8978141554583416,,f1,0.0039676050770529,250.0,20.0,"[20, 10]",0.0290418060840997,MOMENT-1-base,55.0,5.0,,LOCAL,trial_2,/home/pborole/timeseries-classification/timeseries-classification/src/modeling/hpo.py,pborole,10649ed5822e9b700ed1cc691e3a0c070b52d1bb,,56.0
5a5492da52ec4e6bbd6fc000ff9e8eb3,759131238482572322,FINISHED,file:///home/pborole/timeseries-classification/timeseries-classification/mlruns/759131238482572322/5a5492da52ec4e6bbd6fc000ff9e8eb3/artifacts,2025-12-05 18:14:16.079000+00:00,2025-12-05 18:17:25.784000+00:00,0.6256983240223464,0.8953157594136187,0.6256983240223464,0.6256983240223464,0.7697594501718213,0.6248256624825662,0.7697594501718213,1.0,0.6393510857220308,0.6256983240223464,0.6612473347547975,0.7657513209343824,1.0,0.6271322589346816,0.6606982400297453,0.896721748400853,1.0,,,,,,,,,,,,a677206131d04448b25f399d6aa270a4,LOCAL,trial_1_fold_4,/home/pborole/timeseries-classification/timeseries-classification/src/modeling/hpo.py,pborole,10649ed5822e9b700ed1cc691e3a0c070b52d1bb,21.0,
d0fe2f8f6fba41cdb0d0caf2733e64bd,759131238482572322,FINISHED,file:///home/pborole/timeseries-classification/timeseries-classification/mlruns/759131238482572322/d0fe2f8f6fba41cdb0d0caf2733e64bd/artifacts,2025-12-05 18:11:09.820000+00:00,2025-12-05 18:14:16.044000+00:00,0.6256983240223464,0.9145747677142456,0.6256983240223464,0.6256983240223464,0.7697594501718213,0.6248256624825662,0.7697594501718213,1.0,0.6541681470066267,0.6256983240223464,0.5904850746268657,0.6611469750081506,1.0,0.6472118779933652,0.6682246344049549,0.8913912579957357,1.0,,,,,,,,,,,,a677206131d04448b25f399d6aa270a4,LOCAL,trial_1_fold_3,/home/pborole/timeseries-classification/timeseries-classification/src/modeling/hpo.py,pborole,10649ed5822e9b700ed1cc691e3a0c070b52d1bb,21.0,
28b99bcb75b641eb894c8794817dcd70,759131238482572322,FINISHED,file:///home/pborole/timeseries-classification/timeseries-classification/mlruns/759131238482572322/28b99bcb75b641eb894c8794817dcd70/artifacts,2025-12-05 18:07:00.736000+00:00,2025-12-05 18:11:09.795000+00:00,0.7669172932330827,0.8190231958274344,0.6983240223463687,0.770949720670391,0.8326530612244898,0.7112970711297071,0.8043478260869565,8.0,0.6405943976286564,0.676829268292683,0.7750533049040512,0.7923951362160029,0.9107142857142856,0.6420941928911476,0.6881263006332866,0.8023720682302773,0.9910714285714286,,,,,,,,,,,,a677206131d04448b25f399d6aa270a4,LOCAL,trial_1_fold_2,/home/pborole/timeseries-classification/timeseries-classification/src/modeling/hpo.py,pborole,10649ed5822e9b700ed1cc691e3a0c070b52d1bb,28.0,
35a722b4043746a4b888187d352f1578,759131238482572322,FINISHED,file:///home/pborole/timeseries-classification/timeseries-classification/mlruns/759131238482572322/35a722b4043746a4b888187d352f1578/artifacts,2025-12-05 18:03:50.549000+00:00,2025-12-05 18:07:00.219000+00:00,0.6256983240223464,0.8621344358680452,0.6256983240223464,0.6256983240223464,0.7697594501718213,0.6248256624825662,0.7697594501718213,1.0,0.6274967586811284,0.6256983240223464,0.816497867803838,0.8705249129866162,1.0,0.6227574053756352,0.6710298217874665,0.8420175906183369,1.0,,,,,,,,,,,,a677206131d04448b25f399d6aa270a4,LOCAL,trial_1_fold_1,/home/pborole/timeseries-classification/timeseries-classification/src/modeling/hpo.py,pborole,10649ed5822e9b700ed1cc691e3a0c070b52d1bb,21.0,
71d018fca7c843b29a6a744b9554c6ea,759131238482572322,FINISHED,file:///home/pborole/timeseries-classification/timeseries-classification/mlruns/759131238482572322/71d018fca7c843b29a6a744b9554c6ea/artifacts,2025-12-05 18:00:44.647000+00:00,2025-12-05 18:03:50.521000+00:00,0.6222222222222222,0.8739883265352338,0.6222222222222222,0.6222222222222222,0.7671232876712328,0.6256983240223464,0.7671232876712328,1.0,0.6420707049982508,0.6222222222222222,0.584296218487395,0.6676863941631059,1.0,0.6402259919378492,0.6904539816909366,0.8336397058823529,1.0,,,,,,,,,,,,a677206131d04448b25f399d6aa270a4,LOCAL,trial_1_fold_0,/home/pborole/timeseries-classification/timeseries-classification/src/modeling/hpo.py,pborole,10649ed5822e9b700ed1cc691e3a0c070b52d1bb,21.0,
a677206131d04448b25f399d6aa270a4,759131238482572322,FINISHED,file:///home/pborole/timeseries-classification/timeseries-classification/mlruns/759131238482572322/a677206131d04448b25f399d6aa270a4/artifacts,2025-12-05 18:00:44.157000+00:00,2025-12-05 18:17:25.916000+00:00,,,,,,,,,,,,,,,,,,0.7818109398822373,,f1,2.9380279387035334e-05,250.0,20.0,"[20, 10]",0.2993292420985183,MOMENT-1-base,22.0,5.0,,LOCAL,trial_1,/home/pborole/timeseries-classification/timeseries-classification/src/modeling/hpo.py,pborole,10649ed5822e9b700ed1cc691e3a0c070b52d1bb,,53.0
8bc6d41fbbbd484a8633a19e80100d4c,759131238482572322,FINISHED,file:///home/pborole/timeseries-classification/timeseries-classification/mlruns/759131238482572322/8bc6d41fbbbd484a8633a19e80100d4c/artifacts,2025-12-05 17:56:54.091000+00:00,2025-12-05 18:00:43.745000+00:00,0.859375,0.9431802309808032,0.88268156424581,0.888268156424581,0.9166666666666666,0.8479776847977685,0.9090909090909092,7.0,0.3693135810530169,0.8823529411764706,0.9207089552238804,0.934145265759094,0.9821428571428572,0.2909310493389321,0.3351920570075179,0.9300373134328358,0.9375,,,,,,,,,,,,843fb274f0324a35a7ecbd8e1312fc1b,LOCAL,trial_0_fold_4,/home/pborole/timeseries-classification/timeseries-classification/src/modeling/hpo.py,pborole,10649ed5822e9b700ed1cc691e3a0c070b52d1bb,27.0,
bdb335172a0b419e9ebacfd5005f27b0,759131238482572322,FINISHED,file:///home/pborole/timeseries-classification/timeseries-classification/mlruns/759131238482572322/bdb335172a0b419e9ebacfd5005f27b0/artifacts,2025-12-05 17:51:24.433000+00:00,2025-12-05 17:56:53.992000+00:00,0.8833333333333333,0.9606850197278384,0.888268156424581,0.888268156424581,0.913793103448276,0.8493723849372385,0.912280701754386,18.0,0.3572508198529939,0.896551724137931,0.9249733475479744,0.9497512719550824,0.9464285714285714,0.3557174790171937,0.3480764907165612,0.937366737739872,0.9285714285714286,,,,,,,,,,,,843fb274f0324a35a7ecbd8e1312fc1b,LOCAL,trial_0_fold_3,/home/pborole/timeseries-classification/timeseries-classification/src/modeling/hpo.py,pborole,10649ed5822e9b700ed1cc691e3a0c070b52d1bb,38.0,
347038c4c0f64ae6acac9cd80379df3d,759131238482572322,FINISHED,file:///home/pborole/timeseries-classification/timeseries-classification/mlruns/759131238482572322/347038c4c0f64ae6acac9cd80379df3d/artifacts,2025-12-05 17:42:00.433000+00:00,2025-12-05 17:51:24.343000+00:00,0.8125,0.8967319091725485,0.7821229050279329,0.8212290502793296,0.8666666666666667,0.8647140864714087,0.8354430379746836,45.0,0.3110595310997929,0.792,0.8688699360341151,0.907021823965654,0.9285714285714286,0.4910073934653617,0.4501651773572634,0.8462153518123667,0.8839285714285714,,,,,,,,,,,,843fb274f0324a35a7ecbd8e1312fc1b,LOCAL,trial_0_fold_2,/home/pborole/timeseries-classification/timeseries-classification/src/modeling/hpo.py,pborole,10649ed5822e9b700ed1cc691e3a0c070b52d1bb,65.0,
db1f9ab6992a47c5a77563e69e6e3ff4,759131238482572322,FINISHED,file:///home/pborole/timeseries-classification/timeseries-classification/mlruns/759131238482572322/db1f9ab6992a47c5a77563e69e6e3ff4/artifacts,2025-12-05 17:34:16.433000+00:00,2025-12-05 17:42:00.332000+00:00,0.865546218487395,0.9427854302631822,0.8435754189944135,0.8603351955307262,0.8917748917748918,0.8661087866108786,0.8803418803418803,34.0,0.3250078609423657,0.8442622950819673,0.9051172707889126,0.9356614317416216,0.9196428571428572,0.3599231263112755,0.3671228008230305,0.910047974413646,0.9196428571428572,,,,,,,,,,,,843fb274f0324a35a7ecbd8e1312fc1b,LOCAL,trial_0_fold_1,/home/pborole/timeseries-classification/timeseries-classification/src/modeling/hpo.py,pborole,10649ed5822e9b700ed1cc691e3a0c070b52d1bb,54.0,
ab21e478d54841609dfb8849abb71f00,759131238482572322,FINISHED,file:///home/pborole/timeseries-classification/timeseries-classification/mlruns/759131238482572322/ab21e478d54841609dfb8849abb71f00/artifacts,2025-12-05 17:28:39.395000+00:00,2025-12-05 17:34:16.388000+00:00,0.8359375,0.9164741844688532,0.85,0.8555555555555555,0.8916666666666667,0.861731843575419,0.8851063829787233,15.0,0.3268753035025223,0.8455284552845529,0.889968487394958,0.916538269038211,0.9553571428571428,0.398376629418797,0.4037251513865258,0.8932510504201682,0.9285714285714286,,,,,,,,,,,,843fb274f0324a35a7ecbd8e1312fc1b,LOCAL,trial_0_fold_0,/home/pborole/timeseries-classification/timeseries-classification/src/modeling/hpo.py,pborole,10649ed5822e9b700ed1cc691e3a0c070b52d1bb,35.0,
843fb274f0324a35a7ecbd8e1312fc1b,759131238482572322,FINISHED,file:///home/pborole/timeseries-classification/timeseries-classification/mlruns/759131238482572322/843fb274f0324a35a7ecbd8e1312fc1b/artifacts,2025-12-05 17:28:38.972000+00:00,2025-12-05 18:00:43.841000+00:00,,,,,,,,,,,,,,,,,,0.8961135990446335,,f1,0.0071144760093434,250.0,20.0,"[20, 10]",0.1872700594236812,MOMENT-1-base,73.0,5.0,,LOCAL,trial_0,/home/pborole/timeseries-classification/timeseries-classification/src/modeling/hpo.py,pborole,10649ed5822e9b700ed1cc691e3a0c070b52d1bb,,40.0
