run_id,experiment_id,status,artifact_uri,start_time,end_time,metrics.val_acc,metrics.val_f1,metrics.train_acc,metrics.best_epoch,metrics.val_precision,metrics.val_auroc,metrics.val_auprc,metrics.best_val_loss,metrics.best_val_auprc,metrics.val_loss,metrics.best_val_auroc,metrics.val_recall,metrics.best_val_accuracy,metrics.final_epoch,metrics.best_val_f1,metrics.best_val_precision,metrics.train_loss,metrics.best_val_recall,metrics.mean_best_val_f1,metrics.mean_final_epoch,metrics.pruned,params.hidden_dims,params.patience,params.embedder_name,params.max_epochs,params.monitor_metric,params.batch_size,params.lr,params.dropout,params.n_splits,tags.mlflow.parentRunId,tags.mlflow.runName,tags.mlflow.source.type,tags.mlflow.source.name,tags.mlflow.user,tags.mlflow.source.git.commit
7ebe6b21ab92414e8e50d2c0c8763abb,549259982933952719,FINISHED,file:///home/pborole/timeseries-classification/timeseries-classification/mlruns/549259982933952719/7ebe6b21ab92414e8e50d2c0c8763abb/artifacts,2026-02-05 16:25:46.588000+00:00,2026-02-05 16:26:04.393000+00:00,0.8659217877094972,0.896551724137931,0.8521617852161785,13.0,0.8666666666666667,0.9215085287846482,0.9262910889204978,0.3966461543264336,0.9032336416478453,0.33629882052624027,0.8893923240938166,0.9285714285714286,0.88268156424581,32.0,0.9098712446351931,0.8760330578512396,0.36325812634896365,0.9464285714285714,,,,,,,,,,,,,1299804cd41d4ebaa3361ad72198cc62,trial_49_fold_4,LOCAL,/home/pborole/timeseries-classification/timeseries-classification/src/modeling/hpo.py,pborole,1cd039078f160584c3f8ef36c1573c14a9aaf802
f1c6bb8ae63444d2a16ce5777ded7a33,549259982933952719,FINISHED,file:///home/pborole/timeseries-classification/timeseries-classification/mlruns/549259982933952719/f1c6bb8ae63444d2a16ce5777ded7a33/artifacts,2026-02-05 16:25:32.541000+00:00,2026-02-05 16:25:46.575000+00:00,0.88268156424581,0.9098712446351931,0.8591352859135286,7.0,0.8760330578512396,0.9251066098081023,0.9414643533786056,0.38604254662657583,0.9308133902765229,0.3120015508302763,0.9215085287846482,0.9464285714285714,0.8938547486033519,26.0,0.9155555555555556,0.911504424778761,0.3441697122162855,0.9196428571428571,,,,,,,,,,,,,1299804cd41d4ebaa3361ad72198cc62,trial_49_fold_3,LOCAL,/home/pborole/timeseries-classification/timeseries-classification/src/modeling/hpo.py,pborole,1cd039078f160584c3f8ef36c1573c14a9aaf802
a566c22a80cd4eb9aa32eb83fd2529fd,549259982933952719,FINISHED,file:///home/pborole/timeseries-classification/timeseries-classification/mlruns/549259982933952719/a566c22a80cd4eb9aa32eb83fd2529fd/artifacts,2026-02-05 16:24:46.348000+00:00,2026-02-05 16:25:32.527000+00:00,0.8156424581005587,0.8595744680851064,0.9232914923291492,66.0,0.8211382113821138,0.8622734541577826,0.869820255158409,0.5851055083994093,0.8619416357434043,0.6133291728003731,0.859474946695096,0.9017857142857143,0.8435754189944135,85.0,0.8803418803418803,0.8442622950819673,0.2107187299631962,0.9196428571428571,,,,,,,,,,,,,1299804cd41d4ebaa3361ad72198cc62,trial_49_fold_2,LOCAL,/home/pborole/timeseries-classification/timeseries-classification/src/modeling/hpo.py,pborole,1cd039078f160584c3f8ef36c1573c14a9aaf802
00eebcf1cd3a4082b62150790f38a94b,549259982933952719,FINISHED,file:///home/pborole/timeseries-classification/timeseries-classification/mlruns/549259982933952719/00eebcf1cd3a4082b62150790f38a94b/artifacts,2026-02-05 16:24:31.604000+00:00,2026-02-05 16:24:46.338000+00:00,0.8156424581005587,0.8421052631578947,0.8702928870292888,10.0,0.9072164948453608,0.9183102345415779,0.958247965235955,0.43212234191388393,0.941461152281091,0.39274383107377164,0.9112473347547974,0.7857142857142857,0.8603351955307262,29.0,0.895397489539749,0.84251968503937,0.35958733431464956,0.9553571428571429,,,,,,,,,,,,,1299804cd41d4ebaa3361ad72198cc62,trial_49_fold_1,LOCAL,/home/pborole/timeseries-classification/timeseries-classification/src/modeling/hpo.py,pborole,1cd039078f160584c3f8ef36c1573c14a9aaf802
9f076e9e673d4193b04fc2a5311e6171,549259982933952719,FINISHED,file:///home/pborole/timeseries-classification/timeseries-classification/mlruns/549259982933952719/9f076e9e673d4193b04fc2a5311e6171/artifacts,2026-02-05 16:23:46.447000+00:00,2026-02-05 16:24:31.594000+00:00,0.8166666666666667,0.8493150684931506,0.9134078212290503,68.0,0.8691588785046729,0.8908876050420168,0.9072045975399368,0.46106760965453253,0.9134124198477607,0.4324430333243476,0.8977153361344538,0.8303571428571429,0.8611111111111112,87.0,0.895397489539749,0.84251968503937,0.24620968586239736,0.9553571428571429,,,,,,,,,,,,,1299804cd41d4ebaa3361ad72198cc62,trial_49_fold_0,LOCAL,/home/pborole/timeseries-classification/timeseries-classification/src/modeling/hpo.py,pborole,1cd039078f160584c3f8ef36c1573c14a9aaf802
1299804cd41d4ebaa3361ad72198cc62,549259982933952719,FINISHED,file:///home/pborole/timeseries-classification/timeseries-classification/mlruns/549259982933952719/1299804cd41d4ebaa3361ad72198cc62/artifacts,2026-02-05 16:23:46.273000+00:00,2026-02-05 16:26:04.424000+00:00,,,,,,,,,,,,,,,,,,,0.8993127319224253,51.0,,"[20, 10]",20,ts2vec,250,f1,92,0.004212551941262037,0.15707361198661243,5,,trial_49,LOCAL,/home/pborole/timeseries-classification/timeseries-classification/src/modeling/hpo.py,pborole,1cd039078f160584c3f8ef36c1573c14a9aaf802
d26487dec1254df48a7bf037c6362d9a,549259982933952719,FINISHED,file:///home/pborole/timeseries-classification/timeseries-classification/mlruns/549259982933952719/d26487dec1254df48a7bf037c6362d9a/artifacts,2026-02-05 16:23:28.947000+00:00,2026-02-05 16:23:46.211000+00:00,0.88268156424581,0.9082969432314411,0.8465829846582985,12.0,0.8888888888888888,0.9164445628997868,0.9211379398248397,0.39745491959529217,0.9046675018884262,0.353027084020263,0.8904584221748402,0.9285714285714286,0.88268156424581,31.0,0.9098712446351931,0.8760330578512396,0.41539258064086465,0.9464285714285714,,,,,,,,,,,,,a5012cd7021c4a69805c2fd3d8a731f1,trial_48_fold_4,LOCAL,/home/pborole/timeseries-classification/timeseries-classification/src/modeling/hpo.py,pborole,1cd039078f160584c3f8ef36c1573c14a9aaf802
bf5b271a97874cd48554e93dc0efde3e,549259982933952719,FINISHED,file:///home/pborole/timeseries-classification/timeseries-classification/mlruns/549259982933952719/bf5b271a97874cd48554e93dc0efde3e/artifacts,2026-02-05 16:23:05.901000+00:00,2026-02-05 16:23:28.935000+00:00,0.88268156424581,0.905829596412556,0.8131101813110181,26.0,0.9099099099099099,0.9300373134328358,0.9411013208908332,0.32339890925577897,0.9349358683875383,0.31744016998307,0.9224413646055438,0.9017857142857143,0.8994413407821229,45.0,0.9210526315789473,0.9051724137931034,0.4182238221334779,0.9375,,,,,,,,,,,,,a5012cd7021c4a69805c2fd3d8a731f1,trial_48_fold_3,LOCAL,/home/pborole/timeseries-classification/timeseries-classification/src/modeling/hpo.py,pborole,1cd039078f160584c3f8ef36c1573c14a9aaf802
2da4d3098f9949338090fdfec72ca81b,549259982933952719,FINISHED,file:///home/pborole/timeseries-classification/timeseries-classification/mlruns/549259982933952719/2da4d3098f9949338090fdfec72ca81b/artifacts,2026-02-05 16:22:42.256000+00:00,2026-02-05 16:23:05.886000+00:00,0.7988826815642458,0.8548387096774194,0.8661087866108786,18.0,0.7794117647058824,0.845948827292111,0.8456470344796696,0.5348115954652178,0.8173098935474175,0.5951667820941137,0.8272921108742004,0.9464285714285714,0.8324022346368715,37.0,0.8717948717948718,0.8360655737704918,0.37810894801194367,0.9107142857142857,,,,,,,,,,,,,a5012cd7021c4a69805c2fd3d8a731f1,trial_48_fold_2,LOCAL,/home/pborole/timeseries-classification/timeseries-classification/src/modeling/hpo.py,pborole,1cd039078f160584c3f8ef36c1573c14a9aaf802
e25edf16bef04bbcb8b9880154183b3b,549259982933952719,FINISHED,file:///home/pborole/timeseries-classification/timeseries-classification/mlruns/549259982933952719/e25edf16bef04bbcb8b9880154183b3b/artifacts,2026-02-05 16:22:26.576000+00:00,2026-02-05 16:22:42.244000+00:00,0.8212290502793296,0.8518518518518519,0.8186889818688982,6.0,0.8846153846153846,0.9384328358208955,0.9624738354153198,0.4170208520063475,0.9267843063235717,0.36693867108675354,0.9028518123667377,0.8214285714285714,0.8659217877094972,25.0,0.9008264462809917,0.8384615384615385,0.41377886244442674,0.9732142857142857,,,,,,,,,,,,,a5012cd7021c4a69805c2fd3d8a731f1,trial_48_fold_1,LOCAL,/home/pborole/timeseries-classification/timeseries-classification/src/modeling/hpo.py,pborole,1cd039078f160584c3f8ef36c1573c14a9aaf802
6379cf399093406282e1b86f7c7be260,549259982933952719,FINISHED,file:///home/pborole/timeseries-classification/timeseries-classification/mlruns/549259982933952719/6379cf399093406282e1b86f7c7be260/artifacts,2026-02-05 16:21:40.861000+00:00,2026-02-05 16:22:26.546000+00:00,0.8222222222222222,0.865546218487395,0.8435754189944135,50.0,0.8174603174603174,0.8881302521008403,0.9075424447949091,0.40823672314484916,0.9012424205656528,0.487850041853057,0.8889180672268907,0.9196428571428571,0.8611111111111112,69.0,0.8898678414096917,0.8782608695652174,0.392432635306646,0.9017857142857143,,,,,,,,,,,,,a5012cd7021c4a69805c2fd3d8a731f1,trial_48_fold_0,LOCAL,/home/pborole/timeseries-classification/timeseries-classification/src/modeling/hpo.py,pborole,1cd039078f160584c3f8ef36c1573c14a9aaf802
a5012cd7021c4a69805c2fd3d8a731f1,549259982933952719,FINISHED,file:///home/pborole/timeseries-classification/timeseries-classification/mlruns/549259982933952719/a5012cd7021c4a69805c2fd3d8a731f1/artifacts,2026-02-05 16:21:40.677000+00:00,2026-02-05 16:23:46.243000+00:00,,,,,,,,,,,,,,,,,,,0.8986826071399392,41.0,,"[20, 10]",20,ts2vec,250,f1,109,0.009826740452177572,0.29471615213509905,5,,trial_48,LOCAL,/home/pborole/timeseries-classification/timeseries-classification/src/modeling/hpo.py,pborole,1cd039078f160584c3f8ef36c1573c14a9aaf802
769ff0c5cd8b477d91ff47505321df91,549259982933952719,FINISHED,file:///home/pborole/timeseries-classification/timeseries-classification/mlruns/549259982933952719/769ff0c5cd8b477d91ff47505321df91/artifacts,2026-02-05 16:20:58.194000+00:00,2026-02-05 16:21:40.641000+00:00,0.776536312849162,0.8387096774193549,0.8382147838214784,48.0,0.7647058823529411,0.8102345415778252,0.7940492196312389,0.5375747767240642,0.7844834552423886,0.5035040418528978,0.8005063965884862,0.9285714285714286,0.7821229050279329,67.0,0.8458498023715415,0.7588652482269503,0.41832627873540423,0.9553571428571429,,,,,,,,,,,,,6fc641da50fc460685616a064d78ce42,trial_47_fold_2,LOCAL,/home/pborole/timeseries-classification/timeseries-classification/src/modeling/hpo.py,pborole,1cd039078f160584c3f8ef36c1573c14a9aaf802
bbf08ab0e70b4474939aad17162c4ddf,549259982933952719,FINISHED,file:///home/pborole/timeseries-classification/timeseries-classification/mlruns/549259982933952719/bbf08ab0e70b4474939aad17162c4ddf/artifacts,2026-02-05 16:20:13.022000+00:00,2026-02-05 16:20:58.183000+00:00,0.8379888268156425,0.8722466960352423,0.8437935843793585,48.0,0.8608695652173913,0.9104477611940298,0.9384998128140861,0.4320524967582532,0.9211135131516636,0.38866613547229234,0.8972547974413646,0.8839285714285714,0.8603351955307262,67.0,0.895397489539749,0.84251968503937,0.4273133686064344,0.9553571428571429,,,,,,,,,,,,,6fc641da50fc460685616a064d78ce42,trial_47_fold_1,LOCAL,/home/pborole/timeseries-classification/timeseries-classification/src/modeling/hpo.py,pborole,1cd039078f160584c3f8ef36c1573c14a9aaf802
365211d3b742472dba81571ff56c28c8,549259982933952719,FINISHED,file:///home/pborole/timeseries-classification/timeseries-classification/mlruns/549259982933952719/365211d3b742472dba81571ff56c28c8/artifacts,2026-02-05 16:19:14.130000+00:00,2026-02-05 16:20:13.011000+00:00,0.8388888888888889,0.8765957446808511,0.8603351955307262,71.0,0.8373983739837398,0.8751313025210085,0.8742855779386562,0.39671466648578646,0.8765262074587579,0.39028168386883205,0.8759191176470589,0.9196428571428571,0.8388888888888889,90.0,0.8776371308016878,0.832,0.3638169263078514,0.9285714285714286,,,,,,,,,,,,,6fc641da50fc460685616a064d78ce42,trial_47_fold_0,LOCAL,/home/pborole/timeseries-classification/timeseries-classification/src/modeling/hpo.py,pborole,1cd039078f160584c3f8ef36c1573c14a9aaf802
6fc641da50fc460685616a064d78ce42,549259982933952719,FAILED,file:///home/pborole/timeseries-classification/timeseries-classification/mlruns/549259982933952719/6fc641da50fc460685616a064d78ce42/artifacts,2026-02-05 16:19:13.941000+00:00,2026-02-05 16:21:40.661000+00:00,,,,,,,,,,,,,,,,,,,,,1.0,"[20, 10]",20,ts2vec,250,f1,43,0.00017528114829507336,0.1215271001087297,5,,trial_47,LOCAL,/home/pborole/timeseries-classification/timeseries-classification/src/modeling/hpo.py,pborole,1cd039078f160584c3f8ef36c1573c14a9aaf802
0db7114c05b94f8cb831aaadaf633da9,549259982933952719,FINISHED,file:///home/pborole/timeseries-classification/timeseries-classification/mlruns/549259982933952719/0db7114c05b94f8cb831aaadaf633da9/artifacts,2026-02-05 16:18:47.519000+00:00,2026-02-05 16:19:13.872000+00:00,0.88268156424581,0.9098712446351931,0.8158995815899581,17.0,0.8760330578512396,0.9196428571428572,0.9362230290519538,0.4205085993146097,0.9319227145365565,0.389933327389829,0.9222414712153517,0.9464285714285714,0.888268156424581,36.0,0.9130434782608695,0.8898305084745762,0.4588429564960831,0.9375,,,,,,,,,,,,,11c5acab3e774be58672efb8542b54d3,trial_46_fold_3,LOCAL,/home/pborole/timeseries-classification/timeseries-classification/src/modeling/hpo.py,pborole,1cd039078f160584c3f8ef36c1573c14a9aaf802
3226df8ee71143c1b6ae24e8da9298ae,549259982933952719,FINISHED,file:///home/pborole/timeseries-classification/timeseries-classification/mlruns/549259982933952719/3226df8ee71143c1b6ae24e8da9298ae/artifacts,2026-02-05 16:18:22.872000+00:00,2026-02-05 16:18:47.503000+00:00,0.8044692737430168,0.8559670781893004,0.8605299860529986,14.0,0.7938931297709924,0.8410181236673774,0.8378645337929445,0.5284026871180402,0.8107386313820777,0.5323116413041866,0.8226279317697229,0.9285714285714286,0.8268156424581006,33.0,0.8669527896995708,0.8347107438016529,0.3953440324656634,0.9017857142857143,,,,,,,,,,,,,11c5acab3e774be58672efb8542b54d3,trial_46_fold_2,LOCAL,/home/pborole/timeseries-classification/timeseries-classification/src/modeling/hpo.py,pborole,1cd039078f160584c3f8ef36c1573c14a9aaf802
420199a607e14a45a54b3713acf34554,549259982933952719,FINISHED,file:///home/pborole/timeseries-classification/timeseries-classification/mlruns/549259982933952719/420199a607e14a45a54b3713acf34554/artifacts,2026-02-05 16:17:55.949000+00:00,2026-02-05 16:18:22.861000+00:00,0.8491620111731844,0.88,0.8312412831241283,18.0,0.8761061946902655,0.939365671641791,0.9633473750723845,0.3655781804183342,0.9530788545714912,0.3464423314819123,0.9268390191897655,0.8839285714285714,0.8659217877094972,37.0,0.8974358974358975,0.860655737704918,0.413479508216411,0.9375,,,,,,,,,,,,,11c5acab3e774be58672efb8542b54d3,trial_46_fold_1,LOCAL,/home/pborole/timeseries-classification/timeseries-classification/src/modeling/hpo.py,pborole,1cd039078f160584c3f8ef36c1573c14a9aaf802
d1b2461e06364affab34600f8026554b,549259982933952719,FINISHED,file:///home/pborole/timeseries-classification/timeseries-classification/mlruns/549259982933952719/d1b2461e06364affab34600f8026554b/artifacts,2026-02-05 16:17:14.753000+00:00,2026-02-05 16:17:55.937000+00:00,0.8444444444444444,0.8813559322033898,0.8463687150837989,40.0,0.8387096774193549,0.8902310924369747,0.9002040511967758,0.404838901758194,0.8987783037231625,0.4086585402488708,0.8857668067226891,0.9285714285714286,0.85,59.0,0.8851063829787233,0.8455284552845529,0.3867891411708054,0.9285714285714286,,,,,,,,,,,,,11c5acab3e774be58672efb8542b54d3,trial_46_fold_0,LOCAL,/home/pborole/timeseries-classification/timeseries-classification/src/modeling/hpo.py,pborole,1cd039078f160584c3f8ef36c1573c14a9aaf802
11c5acab3e774be58672efb8542b54d3,549259982933952719,FAILED,file:///home/pborole/timeseries-classification/timeseries-classification/mlruns/549259982933952719/11c5acab3e774be58672efb8542b54d3/artifacts,2026-02-05 16:17:14.593000+00:00,2026-02-05 16:19:13.900000+00:00,,,,,,,,,,,,,,,,,,,,,1.0,"[20, 10]",20,ts2vec,250,f1,36,0.0026072307033182477,0.4245476539978521,5,,trial_46,LOCAL,/home/pborole/timeseries-classification/timeseries-classification/src/modeling/hpo.py,pborole,1cd039078f160584c3f8ef36c1573c14a9aaf802
1231863daff542d38740c71b8a60058f,549259982933952719,FINISHED,file:///home/pborole/timeseries-classification/timeseries-classification/mlruns/549259982933952719/1231863daff542d38740c71b8a60058f/artifacts,2026-02-05 16:16:55.114000+00:00,2026-02-05 16:17:14.543000+00:00,0.8547486033519553,0.8818181818181818,0.8479776847977685,7.0,0.8981481481481481,0.9231076759061834,0.9298997194919267,0.4675129686986934,0.9359274948692639,0.35230932089203565,0.9276385927505331,0.8660714285714286,0.8994413407821229,26.0,0.9196428571428571,0.9196428571428571,0.4139135169434248,0.9196428571428571,,,,,,,,,,,,,085eeca3c1ef47069c559423fdb2fecd,trial_45_fold_3,LOCAL,/home/pborole/timeseries-classification/timeseries-classification/src/modeling/hpo.py,pborole,1cd039078f160584c3f8ef36c1573c14a9aaf802
18d8749c009c400daef7a05610902851,549259982933952719,FINISHED,file:///home/pborole/timeseries-classification/timeseries-classification/mlruns/549259982933952719/18d8749c009c400daef7a05610902851/artifacts,2026-02-05 16:16:35.649000+00:00,2026-02-05 16:16:55.104000+00:00,0.8212290502793296,0.8584070796460177,0.8186889818688982,10.0,0.8508771929824561,0.8300906183368869,0.8235405289385618,0.5374684203936401,0.8043312029753861,0.5794249293524459,0.8198294243070363,0.8660714285714286,0.8379888268156425,29.0,0.8755364806866953,0.8429752066115702,0.4477709287380075,0.9107142857142857,,,,,,,,,,,,,085eeca3c1ef47069c559423fdb2fecd,trial_45_fold_2,LOCAL,/home/pborole/timeseries-classification/timeseries-classification/src/modeling/hpo.py,pborole,1cd039078f160584c3f8ef36c1573c14a9aaf802
5819a58875424fc6a8af0fe812a64d02,549259982933952719,FINISHED,file:///home/pborole/timeseries-classification/timeseries-classification/mlruns/549259982933952719/5819a58875424fc6a8af0fe812a64d02/artifacts,2026-02-05 16:16:07.131000+00:00,2026-02-05 16:16:35.636000+00:00,0.8435754189944135,0.8727272727272727,0.8047419804741981,26.0,0.8888888888888888,0.9260394456289979,0.9597759756700205,0.4154445405778938,0.9466026084959611,0.4059670384369749,0.9189765458422174,0.8571428571428571,0.8603351955307262,45.0,0.897119341563786,0.8320610687022901,0.4567734311065913,0.9732142857142857,,,,,,,,,,,,,085eeca3c1ef47069c559423fdb2fecd,trial_45_fold_1,LOCAL,/home/pborole/timeseries-classification/timeseries-classification/src/modeling/hpo.py,pborole,1cd039078f160584c3f8ef36c1573c14a9aaf802
71188cb789854bf98c01495ca3bff073,549259982933952719,FINISHED,file:///home/pborole/timeseries-classification/timeseries-classification/mlruns/549259982933952719/71188cb789854bf98c01495ca3bff073/artifacts,2026-02-05 16:15:36.374000+00:00,2026-02-05 16:16:07.119000+00:00,0.8222222222222222,0.8666666666666667,0.8561452513966481,33.0,0.8125,0.8851759453781513,0.8939178167498046,0.39498370587825776,0.8898256169125793,0.4437256490190824,0.883797268907563,0.9285714285714286,0.8555555555555555,52.0,0.8879310344827587,0.8583333333333333,0.39051400774351047,0.9196428571428571,,,,,,,,,,,,,085eeca3c1ef47069c559423fdb2fecd,trial_45_fold_0,LOCAL,/home/pborole/timeseries-classification/timeseries-classification/src/modeling/hpo.py,pborole,1cd039078f160584c3f8ef36c1573c14a9aaf802
085eeca3c1ef47069c559423fdb2fecd,549259982933952719,FAILED,file:///home/pborole/timeseries-classification/timeseries-classification/mlruns/549259982933952719/085eeca3c1ef47069c559423fdb2fecd/artifacts,2026-02-05 16:15:36.215000+00:00,2026-02-05 16:17:14.563000+00:00,,,,,,,,,,,,,,,,,,,,,1.0,"[20, 10]",20,ts2vec,250,f1,51,0.005116204393160934,0.24893791364564377,5,,trial_45,LOCAL,/home/pborole/timeseries-classification/timeseries-classification/src/modeling/hpo.py,pborole,1cd039078f160584c3f8ef36c1573c14a9aaf802
7c792a1c91ee45998f70c21a17c79400,549259982933952719,FINISHED,file:///home/pborole/timeseries-classification/timeseries-classification/mlruns/549259982933952719/7c792a1c91ee45998f70c21a17c79400/artifacts,2026-02-05 16:15:20.083000+00:00,2026-02-05 16:15:36.156000+00:00,0.88268156424581,0.9090909090909091,0.8688981868898187,9.0,0.8823529411764706,0.9244402985074627,0.9372804132945446,0.3488326527219911,0.9289900165792803,0.3177489170482039,0.9228411513859275,0.9375,0.888268156424581,28.0,0.9145299145299145,0.8770491803278688,0.34042775830464383,0.9553571428571429,,,,,,,,,,,,,981d153a8c64488a97d8011cad2823c8,trial_44_fold_3,LOCAL,/home/pborole/timeseries-classification/timeseries-classification/src/modeling/hpo.py,pborole,1cd039078f160584c3f8ef36c1573c14a9aaf802
2ca5447792494764884ef768e6614616,549259982933952719,FINISHED,file:///home/pborole/timeseries-classification/timeseries-classification/mlruns/549259982933952719/2ca5447792494764884ef768e6614616/artifacts,2026-02-05 16:14:36.341000+00:00,2026-02-05 16:15:20.072000+00:00,0.7821229050279329,0.8494208494208494,0.8186889818688982,60.0,0.7482993197278912,0.8562766524520256,0.8532295547741641,0.6132399278313088,0.8689589561547193,0.7424811061534136,0.8678704690831557,0.9821428571428571,0.8324022346368715,79.0,0.8739495798319328,0.8253968253968254,0.3718458038327418,0.9285714285714286,,,,,,,,,,,,,981d153a8c64488a97d8011cad2823c8,trial_44_fold_2,LOCAL,/home/pborole/timeseries-classification/timeseries-classification/src/modeling/hpo.py,pborole,1cd039078f160584c3f8ef36c1573c14a9aaf802
14895d8fc8334229b591300b5f99e441,549259982933952719,FINISHED,file:///home/pborole/timeseries-classification/timeseries-classification/mlruns/549259982933952719/14895d8fc8334229b591300b5f99e441/artifacts,2026-02-05 16:14:20.778000+00:00,2026-02-05 16:14:36.332000+00:00,0.8547486033519553,0.8849557522123894,0.8451882845188284,8.0,0.8771929824561403,0.9378997867803838,0.9620026425934758,0.4204138763790024,0.9171084408739915,0.3343058100292802,0.8961886993603412,0.8928571428571429,0.8603351955307262,27.0,0.897119341563786,0.8320610687022901,0.3665474630383102,0.9732142857142857,,,,,,,,,,,,,981d153a8c64488a97d8011cad2823c8,trial_44_fold_1,LOCAL,/home/pborole/timeseries-classification/timeseries-classification/src/modeling/hpo.py,pborole,1cd039078f160584c3f8ef36c1573c14a9aaf802
d52ed80e99ca4c1aaba5388db0679145,549259982933952719,FINISHED,file:///home/pborole/timeseries-classification/timeseries-classification/mlruns/549259982933952719/d52ed80e99ca4c1aaba5388db0679145/artifacts,2026-02-05 16:13:46.068000+00:00,2026-02-05 16:14:20.756000+00:00,0.8166666666666667,0.8450704225352113,0.8743016759776536,41.0,0.8910891089108911,0.8830094537815126,0.9051565187021497,0.41166700853241817,0.9060656152262422,0.45052367250124614,0.8952205882352942,0.8035714285714286,0.8611111111111112,60.0,0.8917748917748918,0.865546218487395,0.2994996713859409,0.9196428571428571,,,,,,,,,,,,,981d153a8c64488a97d8011cad2823c8,trial_44_fold_0,LOCAL,/home/pborole/timeseries-classification/timeseries-classification/src/modeling/hpo.py,pborole,1cd039078f160584c3f8ef36c1573c14a9aaf802
981d153a8c64488a97d8011cad2823c8,549259982933952719,FAILED,file:///home/pborole/timeseries-classification/timeseries-classification/mlruns/549259982933952719/981d153a8c64488a97d8011cad2823c8/artifacts,2026-02-05 16:13:45.898000+00:00,2026-02-05 16:15:36.174000+00:00,,,,,,,,,,,,,,,,,,,,,1.0,"[20, 10]",20,ts2vec,250,f1,112,0.007756095625390735,0.1619004578822007,5,,trial_44,LOCAL,/home/pborole/timeseries-classification/timeseries-classification/src/modeling/hpo.py,pborole,1cd039078f160584c3f8ef36c1573c14a9aaf802
153039d5ecb046c0b711281c0992f56c,549259982933952719,FINISHED,file:///home/pborole/timeseries-classification/timeseries-classification/mlruns/549259982933952719/153039d5ecb046c0b711281c0992f56c/artifacts,2026-02-05 16:13:10.252000+00:00,2026-02-05 16:13:45.843000+00:00,0.88268156424581,0.9113924050632911,0.8535564853556485,38.0,0.864,0.9200426439232409,0.9331341781983162,0.3326790841431591,0.9318241687743962,0.3290517270232046,0.9232409381663114,0.9642857142857143,0.888268156424581,57.0,0.9152542372881356,0.8709677419354839,0.3719712049392477,0.9642857142857143,,,,,,,,,,,,,8dabc34533c44865bad5edd4d568bc24,trial_43_fold_3,LOCAL,/home/pborole/timeseries-classification/timeseries-classification/src/modeling/hpo.py,pborole,1cd039078f160584c3f8ef36c1573c14a9aaf802
709bdc53092a4c34892ff7a43f9a9add,549259982933952719,FINISHED,file:///home/pborole/timeseries-classification/timeseries-classification/mlruns/549259982933952719/709bdc53092a4c34892ff7a43f9a9add/artifacts,2026-02-05 16:12:28.001000+00:00,2026-02-05 16:13:10.239000+00:00,0.8044692737430168,0.8559670781893004,0.8675034867503487,46.0,0.7938931297709924,0.843949893390192,0.8463672894481351,0.4739998392552637,0.818503331828111,0.4730960883241792,0.8283582089552239,0.9285714285714286,0.8268156424581006,65.0,0.869198312236287,0.824,0.3606545945715206,0.9196428571428571,,,,,,,,,,,,,8dabc34533c44865bad5edd4d568bc24,trial_43_fold_2,LOCAL,/home/pborole/timeseries-classification/timeseries-classification/src/modeling/hpo.py,pborole,1cd039078f160584c3f8ef36c1573c14a9aaf802
38f92214ec934ea78d4b3ce1d3bcd65b,549259982933952719,FINISHED,file:///home/pborole/timeseries-classification/timeseries-classification/mlruns/549259982933952719/38f92214ec934ea78d4b3ce1d3bcd65b/artifacts,2026-02-05 16:11:54.098000+00:00,2026-02-05 16:12:27.989000+00:00,0.8603351955307262,0.8927038626609443,0.8605299860529986,30.0,0.859504132231405,0.9329690831556503,0.9575585112985849,0.3699318275438341,0.9415335277560786,0.3391575948153128,0.9131130063965884,0.9285714285714286,0.8659217877094972,49.0,0.8974358974358975,0.860655737704918,0.37916244059343884,0.9375,,,,,,,,,,,,,8dabc34533c44865bad5edd4d568bc24,trial_43_fold_1,LOCAL,/home/pborole/timeseries-classification/timeseries-classification/src/modeling/hpo.py,pborole,1cd039078f160584c3f8ef36c1573c14a9aaf802
ff5fefb54c1849f585684be7fbf76eda,549259982933952719,FINISHED,file:///home/pborole/timeseries-classification/timeseries-classification/mlruns/549259982933952719/ff5fefb54c1849f585684be7fbf76eda/artifacts,2026-02-05 16:11:10.657000+00:00,2026-02-05 16:11:54.085000+00:00,0.8277777777777777,0.869198312236287,0.8533519553072626,45.0,0.824,0.8870798319327732,0.8945124449493232,0.4154346661435233,0.886397675545102,0.4307615543405215,0.8814338235294119,0.9196428571428571,0.85,64.0,0.8841201716738197,0.8512396694214877,0.38884951465622675,0.9196428571428571,,,,,,,,,,,,,8dabc34533c44865bad5edd4d568bc24,trial_43_fold_0,LOCAL,/home/pborole/timeseries-classification/timeseries-classification/src/modeling/hpo.py,pborole,1cd039078f160584c3f8ef36c1573c14a9aaf802
8dabc34533c44865bad5edd4d568bc24,549259982933952719,FAILED,file:///home/pborole/timeseries-classification/timeseries-classification/mlruns/549259982933952719/8dabc34533c44865bad5edd4d568bc24/artifacts,2026-02-05 16:11:10.474000+00:00,2026-02-05 16:13:45.880000+00:00,,,,,,,,,,,,,,,,,,,,,1.0,"[20, 10]",20,ts2vec,250,f1,71,0.0011319688443038158,0.20584069036224023,5,,trial_43,LOCAL,/home/pborole/timeseries-classification/timeseries-classification/src/modeling/hpo.py,pborole,1cd039078f160584c3f8ef36c1573c14a9aaf802
8c1beb0409f54bb587b4adc8a2e128f7,549259982933952719,FINISHED,file:///home/pborole/timeseries-classification/timeseries-classification/mlruns/549259982933952719/8c1beb0409f54bb587b4adc8a2e128f7/artifacts,2026-02-05 16:10:44.327000+00:00,2026-02-05 16:11:10.393000+00:00,0.8770949720670391,0.9067796610169492,0.8479776847977685,17.0,0.8629032258064516,0.9252398720682302,0.9305462737282209,0.4307339647628742,0.9313857826075349,0.32368391319360146,0.9212420042643923,0.9553571428571429,0.888268156424581,36.0,0.9130434782608695,0.8898305084745762,0.40372548691897214,0.9375,,,,,,,,,,,,,7d0f9de0a8ed44398b3e335beb2b6ed1,trial_42_fold_3,LOCAL,/home/pborole/timeseries-classification/timeseries-classification/src/modeling/hpo.py,pborole,1cd039078f160584c3f8ef36c1573c14a9aaf802
f5868fd4e1044631878ea8fa008d51ce,549259982933952719,FINISHED,file:///home/pborole/timeseries-classification/timeseries-classification/mlruns/549259982933952719/f5868fd4e1044631878ea8fa008d51ce/artifacts,2026-02-05 16:10:10.781000+00:00,2026-02-05 16:10:44.313000+00:00,0.8212290502793296,0.8571428571428571,0.8368200836820083,26.0,0.8571428571428571,0.8346215351812367,0.8294296254517093,0.5119539988773495,0.8111542390060779,0.48793365552438706,0.8275586353944563,0.8571428571428571,0.8268156424581006,45.0,0.8702928870292888,0.8188976377952756,0.4242552642293555,0.9285714285714286,,,,,,,,,,,,,7d0f9de0a8ed44398b3e335beb2b6ed1,trial_42_fold_2,LOCAL,/home/pborole/timeseries-classification/timeseries-classification/src/modeling/hpo.py,pborole,1cd039078f160584c3f8ef36c1573c14a9aaf802
c305ebe0be7d448b9da1a51eadf95fe0,549259982933952719,FINISHED,file:///home/pborole/timeseries-classification/timeseries-classification/mlruns/549259982933952719/c305ebe0be7d448b9da1a51eadf95fe0/artifacts,2026-02-05 16:09:29.777000+00:00,2026-02-05 16:10:10.762000+00:00,0.8547486033519553,0.8888888888888888,0.8368200836820083,36.0,0.8524590163934426,0.9353678038379531,0.9607107585882366,0.3567753350934503,0.9581172228240156,0.3417346367622887,0.9328358208955223,0.9285714285714286,0.8659217877094972,55.0,0.8983050847457628,0.8548387096774194,0.3842652787349214,0.9464285714285714,,,,,,,,,,,,,7d0f9de0a8ed44398b3e335beb2b6ed1,trial_42_fold_1,LOCAL,/home/pborole/timeseries-classification/timeseries-classification/src/modeling/hpo.py,pborole,1cd039078f160584c3f8ef36c1573c14a9aaf802
fab8f1ab126f4b16b2b6790f58ff0f78,549259982933952719,FINISHED,file:///home/pborole/timeseries-classification/timeseries-classification/mlruns/549259982933952719/fab8f1ab126f4b16b2b6790f58ff0f78/artifacts,2026-02-05 16:08:44.775000+00:00,2026-02-05 16:09:29.765000+00:00,0.8166666666666667,0.8641975308641975,0.8296089385474861,42.0,0.8015267175572519,0.876575630252101,0.88505960784244,0.3888638648721907,0.8878018351149796,0.41093964709175956,0.8816964285714286,0.9375,0.8444444444444444,61.0,0.8793103448275862,0.85,0.41799454420139004,0.9107142857142857,,,,,,,,,,,,,7d0f9de0a8ed44398b3e335beb2b6ed1,trial_42_fold_0,LOCAL,/home/pborole/timeseries-classification/timeseries-classification/src/modeling/hpo.py,pborole,1cd039078f160584c3f8ef36c1573c14a9aaf802
7d0f9de0a8ed44398b3e335beb2b6ed1,549259982933952719,FAILED,file:///home/pborole/timeseries-classification/timeseries-classification/mlruns/549259982933952719/7d0f9de0a8ed44398b3e335beb2b6ed1/artifacts,2026-02-05 16:08:44.598000+00:00,2026-02-05 16:11:10.440000+00:00,,,,,,,,,,,,,,,,,,,,,1.0,"[20, 10]",20,ts2vec,250,f1,65,0.0023139571695495647,0.2370247978244534,5,,trial_42,LOCAL,/home/pborole/timeseries-classification/timeseries-classification/src/modeling/hpo.py,pborole,1cd039078f160584c3f8ef36c1573c14a9aaf802
9ec6e9a16efd4b1a8de04f203d1f5557,549259982933952719,FINISHED,file:///home/pborole/timeseries-classification/timeseries-classification/mlruns/549259982933952719/9ec6e9a16efd4b1a8de04f203d1f5557/artifacts,2026-02-05 16:08:21.850000+00:00,2026-02-05 16:08:44.480000+00:00,0.8659217877094972,0.8983050847457628,0.8507670850767085,12.0,0.8548387096774194,0.9175106609808102,0.9306452634022349,0.5090788809280822,0.9306391653791082,0.37540926563673177,0.9194429637526651,0.9464285714285714,0.8994413407821229,31.0,0.9196428571428571,0.9196428571428571,0.4065743677286922,0.9196428571428571,,,,,,,,,,,,,411697e6c30e4373bed616e336f91509,trial_41_fold_3,LOCAL,/home/pborole/timeseries-classification/timeseries-classification/src/modeling/hpo.py,pborole,1cd039078f160584c3f8ef36c1573c14a9aaf802
c25987b137a34b079cd1be7b305f0c03,549259982933952719,FINISHED,file:///home/pborole/timeseries-classification/timeseries-classification/mlruns/549259982933952719/c25987b137a34b079cd1be7b305f0c03/artifacts,2026-02-05 16:07:30.888000+00:00,2026-02-05 16:08:21.834000+00:00,0.770949720670391,0.842911877394636,0.8145048814504882,54.0,0.738255033557047,0.8622068230277186,0.8689113743161654,0.49096960120693933,0.857589594410979,0.5937979277951757,0.8527452025586354,0.9821428571428571,0.8379888268156425,73.0,0.8765957446808511,0.8373983739837398,0.422625967398847,0.9196428571428571,,,,,,,,,,,,,411697e6c30e4373bed616e336f91509,trial_41_fold_2,LOCAL,/home/pborole/timeseries-classification/timeseries-classification/src/modeling/hpo.py,pborole,1cd039078f160584c3f8ef36c1573c14a9aaf802
9be64868e61c4388b9018896dde00d92,549259982933952719,FINISHED,file:///home/pborole/timeseries-classification/timeseries-classification/mlruns/549259982933952719/9be64868e61c4388b9018896dde00d92/artifacts,2026-02-05 16:06:54.875000+00:00,2026-02-05 16:07:30.874000+00:00,0.8547486033519553,0.8839285714285714,0.8605299860529986,36.0,0.8839285714285714,0.9336353944562901,0.9632833212549602,0.3387519845416426,0.9626852250558386,0.35190113879448875,0.9377665245202559,0.8839285714285714,0.8659217877094972,55.0,0.896551724137931,0.8666666666666667,0.3577584106178962,0.9285714285714286,,,,,,,,,,,,,411697e6c30e4373bed616e336f91509,trial_41_fold_1,LOCAL,/home/pborole/timeseries-classification/timeseries-classification/src/modeling/hpo.py,pborole,1cd039078f160584c3f8ef36c1573c14a9aaf802
2097a2d9082640b6aacbbe5b61ee08be,549259982933952719,FINISHED,file:///home/pborole/timeseries-classification/timeseries-classification/mlruns/549259982933952719/2097a2d9082640b6aacbbe5b61ee08be/artifacts,2026-02-05 16:06:03.631000+00:00,2026-02-05 16:06:54.848000+00:00,0.8388888888888889,0.8755364806866953,0.8631284916201117,73.0,0.8429752066115702,0.8855698529411765,0.8962351669454994,0.39718533158302305,0.8941654364898437,0.4043961857755979,0.8734243697478992,0.9107142857142857,0.8555555555555555,92.0,0.8859649122807017,0.8706896551724138,0.36490870462782554,0.9017857142857143,,,,,,,,,,,,,411697e6c30e4373bed616e336f91509,trial_41_fold_0,LOCAL,/home/pborole/timeseries-classification/timeseries-classification/src/modeling/hpo.py,pborole,1cd039078f160584c3f8ef36c1573c14a9aaf802
411697e6c30e4373bed616e336f91509,549259982933952719,FAILED,file:///home/pborole/timeseries-classification/timeseries-classification/mlruns/549259982933952719/411697e6c30e4373bed616e336f91509/artifacts,2026-02-05 16:06:03.453000+00:00,2026-02-05 16:08:44.502000+00:00,,,,,,,,,,,,,,,,,,,,,1.0,"[20, 10]",20,ts2vec,250,f1,87,0.0039506741923737735,0.2801824366462926,5,,trial_41,LOCAL,/home/pborole/timeseries-classification/timeseries-classification/src/modeling/hpo.py,pborole,1cd039078f160584c3f8ef36c1573c14a9aaf802
6eb94f23644048e59539c7f433e301a5,549259982933952719,FINISHED,file:///home/pborole/timeseries-classification/timeseries-classification/mlruns/549259982933952719/6eb94f23644048e59539c7f433e301a5/artifacts,2026-02-05 16:05:29.339000+00:00,2026-02-05 16:06:03.415000+00:00,0.8770949720670391,0.905982905982906,0.8437935843793585,38.0,0.8688524590163934,0.9268390191897655,0.931908204940493,0.3754614311889563,0.9330882717838147,0.3355024776645213,0.9276385927505331,0.9464285714285714,0.8938547486033519,57.0,0.9170305676855895,0.8974358974358975,0.3921131860345311,0.9375,,,,,,,,,,,,,361833db9a9c4afaadff0cf23eaf4fb2,trial_40_fold_3,LOCAL,/home/pborole/timeseries-classification/timeseries-classification/src/modeling/hpo.py,pborole,1cd039078f160584c3f8ef36c1573c14a9aaf802
1207d6e606114e379da151453104c3ff,549259982933952719,FINISHED,file:///home/pborole/timeseries-classification/timeseries-classification/mlruns/549259982933952719/1207d6e606114e379da151453104c3ff/artifacts,2026-02-05 16:04:45.101000+00:00,2026-02-05 16:05:29.326000+00:00,0.8156424581005587,0.8619246861924686,0.8730822873082287,58.0,0.8110236220472441,0.8411513859275053,0.835215209428378,0.4895382776606682,0.8239205149567573,0.4777055411032458,0.8319562899786781,0.9196428571428571,0.8212290502793296,77.0,0.864406779661017,0.8225806451612904,0.336184931682576,0.9107142857142857,,,,,,,,,,,,,361833db9a9c4afaadff0cf23eaf4fb2,trial_40_fold_2,LOCAL,/home/pborole/timeseries-classification/timeseries-classification/src/modeling/hpo.py,pborole,1cd039078f160584c3f8ef36c1573c14a9aaf802
858396e8182d46aaab3985f5baf00ad5,549259982933952719,FINISHED,file:///home/pborole/timeseries-classification/timeseries-classification/mlruns/549259982933952719/858396e8182d46aaab3985f5baf00ad5/artifacts,2026-02-05 16:04:08.649000+00:00,2026-02-05 16:04:45.088000+00:00,0.8603351955307262,0.8927038626609443,0.8591352859135286,39.0,0.859504132231405,0.9283049040511726,0.9565688364251739,0.45260207546489867,0.9465677007633992,0.4049991808790068,0.9185767590618337,0.9285714285714286,0.8659217877094972,58.0,0.8974358974358975,0.860655737704918,0.42739722776945,0.9375,,,,,,,,,,,,,361833db9a9c4afaadff0cf23eaf4fb2,trial_40_fold_1,LOCAL,/home/pborole/timeseries-classification/timeseries-classification/src/modeling/hpo.py,pborole,1cd039078f160584c3f8ef36c1573c14a9aaf802
be4a87854520416db995caabaabf7aa2,549259982933952719,FINISHED,file:///home/pborole/timeseries-classification/timeseries-classification/mlruns/549259982933952719/be4a87854520416db995caabaabf7aa2/artifacts,2026-02-05 16:03:05.491000+00:00,2026-02-05 16:04:08.638000+00:00,0.8388888888888889,0.8755364806866953,0.8659217877094972,71.0,0.8429752066115702,0.8835346638655461,0.8925029168918218,0.41838326354821526,0.8794538809851753,0.4109046657880147,0.8765756302521008,0.9107142857142857,0.8444444444444444,90.0,0.8793103448275862,0.85,0.3588599717900074,0.9107142857142857,,,,,,,,,,,,,361833db9a9c4afaadff0cf23eaf4fb2,trial_40_fold_0,LOCAL,/home/pborole/timeseries-classification/timeseries-classification/src/modeling/hpo.py,pborole,1cd039078f160584c3f8ef36c1573c14a9aaf802
361833db9a9c4afaadff0cf23eaf4fb2,549259982933952719,FAILED,file:///home/pborole/timeseries-classification/timeseries-classification/mlruns/549259982933952719/361833db9a9c4afaadff0cf23eaf4fb2/artifacts,2026-02-05 16:03:05.317000+00:00,2026-02-05 16:06:03.437000+00:00,,,,,,,,,,,,,,,,,,,,,1.0,"[20, 10]",20,ts2vec,250,f1,38,0.0004098526979893814,0.22207000967123158,5,,trial_40,LOCAL,/home/pborole/timeseries-classification/timeseries-classification/src/modeling/hpo.py,pborole,1cd039078f160584c3f8ef36c1573c14a9aaf802
e93b136dcfa64d47a4111ea2919959a5,549259982933952719,FINISHED,file:///home/pborole/timeseries-classification/timeseries-classification/mlruns/549259982933952719/e93b136dcfa64d47a4111ea2919959a5/artifacts,2026-02-05 16:02:45.379000+00:00,2026-02-05 16:03:05.265000+00:00,0.8659217877094972,0.8909090909090909,0.8437935843793585,10.0,0.9074074074074074,0.9264392324093818,0.9376592137865514,0.38258798628546004,0.934795853986207,0.3331460325078591,0.9256396588486142,0.875,0.8938547486033519,29.0,0.9155555555555556,0.911504424778761,0.3759785935469751,0.9196428571428571,,,,,,,,,,,,,9c6bb832a9da4a789dfe5711ca9f59f1,trial_39_fold_3,LOCAL,/home/pborole/timeseries-classification/timeseries-classification/src/modeling/hpo.py,pborole,1cd039078f160584c3f8ef36c1573c14a9aaf802
c77c2b80536349cd981f53dd6eed8335,549259982933952719,FINISHED,file:///home/pborole/timeseries-classification/timeseries-classification/mlruns/549259982933952719/c77c2b80536349cd981f53dd6eed8335/artifacts,2026-02-05 16:01:51.555000+00:00,2026-02-05 16:02:45.365000+00:00,0.8156424581005587,0.8546255506607929,0.9037656903765691,63.0,0.8434782608695652,0.8566098081023454,0.8684166797921611,0.5038833022117615,0.8635568373256385,0.5189346865069266,0.8538113006396588,0.8660714285714286,0.8491620111731844,82.0,0.8841201716738197,0.8512396694214877,0.2996797415751294,0.9196428571428571,,,,,,,,,,,,,9c6bb832a9da4a789dfe5711ca9f59f1,trial_39_fold_2,LOCAL,/home/pborole/timeseries-classification/timeseries-classification/src/modeling/hpo.py,pborole,1cd039078f160584c3f8ef36c1573c14a9aaf802
6e134104881a4463a3cbb69a19413554,549259982933952719,FINISHED,file:///home/pborole/timeseries-classification/timeseries-classification/mlruns/549259982933952719/6e134104881a4463a3cbb69a19413554/artifacts,2026-02-05 16:01:25.533000+00:00,2026-02-05 16:01:51.542000+00:00,0.8603351955307262,0.8908296943231441,0.8493723849372385,21.0,0.8717948717948718,0.9456289978678037,0.967683262358919,0.33487672387887646,0.9616673295873106,0.30840915986779016,0.9371002132196162,0.9107142857142857,0.8659217877094972,40.0,0.896551724137931,0.8666666666666667,0.37446497025350145,0.9285714285714286,,,,,,,,,,,,,9c6bb832a9da4a789dfe5711ca9f59f1,trial_39_fold_1,LOCAL,/home/pborole/timeseries-classification/timeseries-classification/src/modeling/hpo.py,pborole,1cd039078f160584c3f8ef36c1573c14a9aaf802
39537503c72042c3893bdc96f7f82dcc,549259982933952719,FINISHED,file:///home/pborole/timeseries-classification/timeseries-classification/mlruns/549259982933952719/39537503c72042c3893bdc96f7f82dcc/artifacts,2026-02-05 16:01:05.919000+00:00,2026-02-05 16:01:25.521000+00:00,0.8333333333333334,0.868421052631579,0.8547486033519553,9.0,0.853448275862069,0.8803834033613445,0.8894835801800725,0.48414731754197016,0.8820806430484259,0.4152394165595373,0.8767069327731092,0.8839285714285714,0.85,28.0,0.8841201716738197,0.8512396694214877,0.37662790540876334,0.9196428571428571,,,,,,,,,,,,,9c6bb832a9da4a789dfe5711ca9f59f1,trial_39_fold_0,LOCAL,/home/pborole/timeseries-classification/timeseries-classification/src/modeling/hpo.py,pborole,1cd039078f160584c3f8ef36c1573c14a9aaf802
9c6bb832a9da4a789dfe5711ca9f59f1,549259982933952719,FAILED,file:///home/pborole/timeseries-classification/timeseries-classification/mlruns/549259982933952719/9c6bb832a9da4a789dfe5711ca9f59f1/artifacts,2026-02-05 16:01:05.747000+00:00,2026-02-05 16:03:05.300000+00:00,,,,,,,,,,,,,,,,,,,,,1.0,"[20, 10]",20,ts2vec,250,f1,28,0.002029089301329511,0.3311860310753239,5,,trial_39,LOCAL,/home/pborole/timeseries-classification/timeseries-classification/src/modeling/hpo.py,pborole,1cd039078f160584c3f8ef36c1573c14a9aaf802
a42f9019aec747128f40f726bf3bb342,549259982933952719,FINISHED,file:///home/pborole/timeseries-classification/timeseries-classification/mlruns/549259982933952719/a42f9019aec747128f40f726bf3bb342/artifacts,2026-02-05 16:00:37.205000+00:00,2026-02-05 16:01:05.696000+00:00,0.6256983240223464,0.7697594501718213,0.6206415620641562,19.0,0.6256983240223464,0.742137526652452,0.7721344487861006,0.6821115802786204,0.7182768227889375,0.6709339269046677,0.6359275053304904,1.0,0.6256983240223464,38.0,0.7697594501718213,0.6256983240223464,0.6678127072845044,1.0,,,,,,,,,,,,,ea6f191bf29c464c8c84a6eefa6f2b90,trial_38_fold_2,LOCAL,/home/pborole/timeseries-classification/timeseries-classification/src/modeling/hpo.py,pborole,1cd039078f160584c3f8ef36c1573c14a9aaf802
68e9381c141346d0888e58efadd8f212,549259982933952719,FINISHED,file:///home/pborole/timeseries-classification/timeseries-classification/mlruns/549259982933952719/68e9381c141346d0888e58efadd8f212/artifacts,2026-02-05 16:00:21.985000+00:00,2026-02-05 16:00:37.194000+00:00,0.6256983240223464,0.7697594501718213,0.6248256624825662,1.0,0.6256983240223464,0.6881663113006397,0.7640051691293623,0.6761208696072328,0.6942050838189155,0.6704868131509706,0.5523720682302772,1.0,0.6256983240223464,20.0,0.7697594501718213,0.6256983240223464,0.6714441520233367,1.0,,,,,,,,,,,,,ea6f191bf29c464c8c84a6eefa6f2b90,trial_38_fold_1,LOCAL,/home/pborole/timeseries-classification/timeseries-classification/src/modeling/hpo.py,pborole,1cd039078f160584c3f8ef36c1573c14a9aaf802
1734fbe19ddc4f09b4e90d3f5e1613b8,549259982933952719,FINISHED,file:///home/pborole/timeseries-classification/timeseries-classification/mlruns/549259982933952719/1734fbe19ddc4f09b4e90d3f5e1613b8/artifacts,2026-02-05 16:00:07.035000+00:00,2026-02-05 16:00:21.973000+00:00,0.6222222222222222,0.7671232876712328,0.6103351955307262,1.0,0.6222222222222222,0.6485031512605042,0.7890264869106773,0.6871036065949334,0.6715879002730333,0.6749379634857178,0.4892331932773109,1.0,0.6222222222222222,20.0,0.7671232876712328,0.6222222222222222,0.6772787602587119,1.0,,,,,,,,,,,,,ea6f191bf29c464c8c84a6eefa6f2b90,trial_38_fold_0,LOCAL,/home/pborole/timeseries-classification/timeseries-classification/src/modeling/hpo.py,pborole,1cd039078f160584c3f8ef36c1573c14a9aaf802
ea6f191bf29c464c8c84a6eefa6f2b90,549259982933952719,FAILED,file:///home/pborole/timeseries-classification/timeseries-classification/mlruns/549259982933952719/ea6f191bf29c464c8c84a6eefa6f2b90/artifacts,2026-02-05 16:00:06.853000+00:00,2026-02-05 16:01:05.732000+00:00,,,,,,,,,,,,,,,,,,,,,1.0,"[20, 10]",20,ts2vec,250,f1,22,1.669029073176244e-05,0.38957366581171626,5,,trial_38,LOCAL,/home/pborole/timeseries-classification/timeseries-classification/src/modeling/hpo.py,pborole,1cd039078f160584c3f8ef36c1573c14a9aaf802
b4a66853252d4470aca493e480f46d02,549259982933952719,FINISHED,file:///home/pborole/timeseries-classification/timeseries-classification/mlruns/549259982933952719/b4a66853252d4470aca493e480f46d02/artifacts,2026-02-05 15:59:36.270000+00:00,2026-02-05 16:00:06.789000+00:00,0.8715083798882681,0.8949771689497716,0.8479776847977685,24.0,0.9158878504672897,0.9281716417910448,0.9355350135024578,0.4646763894811023,0.9372591093977513,0.3568586515647739,0.9280383795309168,0.875,0.8938547486033519,43.0,0.9155555555555556,0.911504424778761,0.42491472365965904,0.9196428571428571,,,,,,,,,,,,,6f20fe93611d4cf68bae9be3f30944d9,trial_37_fold_3,LOCAL,/home/pborole/timeseries-classification/timeseries-classification/src/modeling/hpo.py,pborole,1cd039078f160584c3f8ef36c1573c14a9aaf802
fd0e64447df24671b7580e407c138b49,549259982933952719,FINISHED,file:///home/pborole/timeseries-classification/timeseries-classification/mlruns/549259982933952719/fd0e64447df24671b7580e407c138b49/artifacts,2026-02-05 15:59:05.250000+00:00,2026-02-05 15:59:36.257000+00:00,0.8156424581005587,0.8583690987124464,0.8758716875871687,30.0,0.8264462809917356,0.8374200426439233,0.8304294940567094,0.5119804601762548,0.8085508190900285,0.48238174042888193,0.820362473347548,0.8928571428571429,0.8268156424581006,49.0,0.8669527896995708,0.8347107438016529,0.37680694884834925,0.9017857142857143,,,,,,,,,,,,,6f20fe93611d4cf68bae9be3f30944d9,trial_37_fold_2,LOCAL,/home/pborole/timeseries-classification/timeseries-classification/src/modeling/hpo.py,pborole,1cd039078f160584c3f8ef36c1573c14a9aaf802
ffb828c27b8c46d7a8c28f1f4ee38acc,549259982933952719,FINISHED,file:///home/pborole/timeseries-classification/timeseries-classification/mlruns/549259982933952719/ffb828c27b8c46d7a8c28f1f4ee38acc/artifacts,2026-02-05 15:58:37.064000+00:00,2026-02-05 15:59:05.229000+00:00,0.8547486033519553,0.8888888888888888,0.8563458856345886,26.0,0.8524590163934426,0.9269722814498934,0.9542919721273748,0.4780457655810777,0.9302082652199914,0.4061561072005906,0.9055170575692963,0.9285714285714286,0.8659217877094972,45.0,0.9008264462809917,0.8384615384615385,0.43548098655425355,0.9732142857142857,,,,,,,,,,,,,6f20fe93611d4cf68bae9be3f30944d9,trial_37_fold_1,LOCAL,/home/pborole/timeseries-classification/timeseries-classification/src/modeling/hpo.py,pborole,1cd039078f160584c3f8ef36c1573c14a9aaf802
b90fd1c2ae2a4b8fb5032973be17f57c,549259982933952719,FINISHED,file:///home/pborole/timeseries-classification/timeseries-classification/mlruns/549259982933952719/b90fd1c2ae2a4b8fb5032973be17f57c/artifacts,2026-02-05 15:58:00.086000+00:00,2026-02-05 15:58:37.053000+00:00,0.8388888888888889,0.8755364806866953,0.8687150837988827,41.0,0.8429752066115702,0.885110294117647,0.8905749907189324,0.4259223464462492,0.8782957967706343,0.40989080286688273,0.874343487394958,0.9107142857142857,0.85,60.0,0.8841201716738197,0.8512396694214877,0.3845598122843817,0.9196428571428571,,,,,,,,,,,,,6f20fe93611d4cf68bae9be3f30944d9,trial_37_fold_0,LOCAL,/home/pborole/timeseries-classification/timeseries-classification/src/modeling/hpo.py,pborole,1cd039078f160584c3f8ef36c1573c14a9aaf802
6f20fe93611d4cf68bae9be3f30944d9,549259982933952719,FAILED,file:///home/pborole/timeseries-classification/timeseries-classification/mlruns/549259982933952719/6f20fe93611d4cf68bae9be3f30944d9/artifacts,2026-02-05 15:57:59.901000+00:00,2026-02-05 16:00:06.818000+00:00,,,,,,,,,,,,,,,,,,,,,1.0,"[20, 10]",20,ts2vec,250,f1,49,0.0008524315142264206,0.3407434980706122,5,,trial_37,LOCAL,/home/pborole/timeseries-classification/timeseries-classification/src/modeling/hpo.py,pborole,1cd039078f160584c3f8ef36c1573c14a9aaf802
ab3c8b975b7d4ba28bfaab83b0aadcd0,549259982933952719,FINISHED,file:///home/pborole/timeseries-classification/timeseries-classification/mlruns/549259982933952719/ab3c8b975b7d4ba28bfaab83b0aadcd0/artifacts,2026-02-05 15:57:41.872000+00:00,2026-02-05 15:57:59.813000+00:00,0.8770949720670391,0.9026548672566371,0.8507670850767085,12.0,0.8947368421052632,0.9183102345415779,0.9196473690372504,0.37777066447215374,0.907579374843583,0.33359295129776,0.8951226012793176,0.9107142857142857,0.888268156424581,31.0,0.9137931034482759,0.8833333333333333,0.3809418361556081,0.9464285714285714,,,,,,,,,,,,,1e6be95ae10a48e2b51361d7a4169b18,trial_36_fold_4,LOCAL,/home/pborole/timeseries-classification/timeseries-classification/src/modeling/hpo.py,pborole,1cd039078f160584c3f8ef36c1573c14a9aaf802
f60adeb45caa496d94be952cd4183074,549259982933952719,FINISHED,file:///home/pborole/timeseries-classification/timeseries-classification/mlruns/549259982933952719/f60adeb45caa496d94be952cd4183074/artifacts,2026-02-05 15:57:19.987000+00:00,2026-02-05 15:57:41.859000+00:00,0.88268156424581,0.9074889867841409,0.8186889818688982,20.0,0.8956521739130435,0.9283715351812366,0.9365623455529343,0.36088311380847204,0.9328116823417572,0.33476090314667983,0.9271055437100214,0.9196428571428571,0.9050279329608939,39.0,0.9244444444444444,0.9203539823008849,0.419049095159794,0.9285714285714286,,,,,,,,,,,,,1e6be95ae10a48e2b51361d7a4169b18,trial_36_fold_3,LOCAL,/home/pborole/timeseries-classification/timeseries-classification/src/modeling/hpo.py,pborole,1cd039078f160584c3f8ef36c1573c14a9aaf802
4ad5d221c9c4416fb7ed7facd315117f,549259982933952719,FINISHED,file:///home/pborole/timeseries-classification/timeseries-classification/mlruns/549259982933952719/4ad5d221c9c4416fb7ed7facd315117f/artifacts,2026-02-05 15:56:31.589000+00:00,2026-02-05 15:57:19.968000+00:00,0.8044692737430168,0.8401826484018264,0.9079497907949791,67.0,0.8598130841121495,0.8528784648187633,0.8582873585049192,0.5147794901325716,0.8665857834666411,0.5593566892866316,0.8520788912579957,0.8214285714285714,0.8547486033519553,86.0,0.8888888888888888,0.8524590163934426,0.3028353577378405,0.9285714285714286,,,,,,,,,,,,,1e6be95ae10a48e2b51361d7a4169b18,trial_36_fold_2,LOCAL,/home/pborole/timeseries-classification/timeseries-classification/src/modeling/hpo.py,pborole,1cd039078f160584c3f8ef36c1573c14a9aaf802
6ef4eb3671d14553aa6fe23bd570ae20,549259982933952719,FINISHED,file:///home/pborole/timeseries-classification/timeseries-classification/mlruns/549259982933952719/6ef4eb3671d14553aa6fe23bd570ae20/artifacts,2026-02-05 15:56:09.002000+00:00,2026-02-05 15:56:31.576000+00:00,0.8603351955307262,0.8917748917748918,0.8521617852161785,22.0,0.865546218487395,0.9425639658848615,0.9651486298991823,0.34679817046200095,0.953822319518058,0.31700169157715485,0.9285714285714286,0.9196428571428571,0.8659217877094972,41.0,0.8983050847457628,0.8548387096774194,0.36018818355005655,0.9464285714285714,,,,,,,,,,,,,1e6be95ae10a48e2b51361d7a4169b18,trial_36_fold_1,LOCAL,/home/pborole/timeseries-classification/timeseries-classification/src/modeling/hpo.py,pborole,1cd039078f160584c3f8ef36c1573c14a9aaf802
513782ebd05149bcb68ec23a2c688aac,549259982933952719,FINISHED,file:///home/pborole/timeseries-classification/timeseries-classification/mlruns/549259982933952719/513782ebd05149bcb68ec23a2c688aac/artifacts,2026-02-05 15:55:37.456000+00:00,2026-02-05 15:56:08.982000+00:00,0.85,0.8767123287671232,0.8589385474860335,39.0,0.897196261682243,0.8963366596638656,0.906043344871,0.38804243206977845,0.9032323580756653,0.4056913197040558,0.8929884453781513,0.8571428571428571,0.8611111111111112,58.0,0.8878923766816144,0.8918918918918919,0.33719436749399706,0.8839285714285714,,,,,,,,,,,,,1e6be95ae10a48e2b51361d7a4169b18,trial_36_fold_0,LOCAL,/home/pborole/timeseries-classification/timeseries-classification/src/modeling/hpo.py,pborole,1cd039078f160584c3f8ef36c1573c14a9aaf802
1e6be95ae10a48e2b51361d7a4169b18,549259982933952719,FINISHED,file:///home/pborole/timeseries-classification/timeseries-classification/mlruns/549259982933952719/1e6be95ae10a48e2b51361d7a4169b18/artifacts,2026-02-05 15:55:37.275000+00:00,2026-02-05 15:57:59.844000+00:00,,,,,,,,,,,,,,,,,,,0.9026647796417973,51.0,,"[20, 10]",20,ts2vec,250,f1,48,0.002267770658493998,0.33398548502939684,5,,trial_36,LOCAL,/home/pborole/timeseries-classification/timeseries-classification/src/modeling/hpo.py,pborole,1cd039078f160584c3f8ef36c1573c14a9aaf802
e41076a2dd5d436b9a4d1d0f382bcdad,549259982933952719,FINISHED,file:///home/pborole/timeseries-classification/timeseries-classification/mlruns/549259982933952719/e41076a2dd5d436b9a4d1d0f382bcdad/artifacts,2026-02-05 15:55:18.613000+00:00,2026-02-05 15:55:37.182000+00:00,0.7094972067039106,0.7111111111111111,0.8521617852161785,12.0,0.9411764705882353,0.9272388059701493,0.9438259435822376,0.3168015041331339,0.9297568517859915,0.5242400971870849,0.9231076759061834,0.5714285714285714,0.888268156424581,31.0,0.9130434782608695,0.8898305084745762,0.35063243589806925,0.9375,,,,,,,,,,,,,9e63b7df89374d63a292207571164b55,trial_35_fold_3,LOCAL,/home/pborole/timeseries-classification/timeseries-classification/src/modeling/hpo.py,pborole,1cd039078f160584c3f8ef36c1573c14a9aaf802
e60e8af32f194e178b46a14dc7f03992,549259982933952719,FINISHED,file:///home/pborole/timeseries-classification/timeseries-classification/mlruns/549259982933952719/e60e8af32f194e178b46a14dc7f03992/artifacts,2026-02-05 15:55:00.912000+00:00,2026-02-05 15:55:18.600000+00:00,0.7932960893854749,0.8294930875576036,0.898186889818689,10.0,0.8571428571428571,0.8648054371002132,0.8756171512010811,0.4829103826810528,0.8219093918930865,0.5126772113352515,0.8311567164179104,0.8035714285714286,0.8324022346368715,29.0,0.8739495798319328,0.8253968253968254,0.2731371306745411,0.9285714285714286,,,,,,,,,,,,,9e63b7df89374d63a292207571164b55,trial_35_fold_2,LOCAL,/home/pborole/timeseries-classification/timeseries-classification/src/modeling/hpo.py,pborole,1cd039078f160584c3f8ef36c1573c14a9aaf802
9af216b38ab24d80bd918b200ded5aba,549259982933952719,FINISHED,file:///home/pborole/timeseries-classification/timeseries-classification/mlruns/549259982933952719/9af216b38ab24d80bd918b200ded5aba/artifacts,2026-02-05 15:54:32.061000+00:00,2026-02-05 15:55:00.899000+00:00,0.8491620111731844,0.8810572687224669,0.899581589958159,28.0,0.8695652173913043,0.943363539445629,0.9662954242022384,0.3670095544953586,0.9631084061584148,0.3253724638310225,0.9388326226012793,0.8928571428571429,0.8603351955307262,47.0,0.8962655601659751,0.8372093023255814,0.3012364652200058,0.9642857142857143,,,,,,,,,,,,,9e63b7df89374d63a292207571164b55,trial_35_fold_1,LOCAL,/home/pborole/timeseries-classification/timeseries-classification/src/modeling/hpo.py,pborole,1cd039078f160584c3f8ef36c1573c14a9aaf802
a7fe8c0a755c4b379b1adeb56b09fb7c,549259982933952719,FINISHED,file:///home/pborole/timeseries-classification/timeseries-classification/mlruns/549259982933952719/a7fe8c0a755c4b379b1adeb56b09fb7c/artifacts,2026-02-05 15:54:04.426000+00:00,2026-02-05 15:54:32.049000+00:00,0.8222222222222222,0.8699186991869918,0.9008379888268156,30.0,0.7985074626865671,0.895483193277311,0.9129329202535446,0.3941123147805532,0.9138033540782486,0.47652922338909576,0.8998161764705883,0.9553571428571429,0.8666666666666667,49.0,0.8909090909090909,0.9074074074074074,0.2661948135986341,0.875,,,,,,,,,,,,,9e63b7df89374d63a292207571164b55,trial_35_fold_0,LOCAL,/home/pborole/timeseries-classification/timeseries-classification/src/modeling/hpo.py,pborole,1cd039078f160584c3f8ef36c1573c14a9aaf802
9e63b7df89374d63a292207571164b55,549259982933952719,FAILED,file:///home/pborole/timeseries-classification/timeseries-classification/mlruns/549259982933952719/9e63b7df89374d63a292207571164b55/artifacts,2026-02-05 15:54:03.929000+00:00,2026-02-05 15:55:37.256000+00:00,,,,,,,,,,,,,,,,,,,,,1.0,"[20, 10]",20,ts2vec,250,f1,64,0.007135448941529525,0.05263534128945152,5,,trial_35,LOCAL,/home/pborole/timeseries-classification/timeseries-classification/src/modeling/hpo.py,pborole,1cd039078f160584c3f8ef36c1573c14a9aaf802
6ad549f0fe6a4c9db68149397ee040cd,549259982933952719,FINISHED,file:///home/pborole/timeseries-classification/timeseries-classification/mlruns/549259982933952719/6ad549f0fe6a4c9db68149397ee040cd/artifacts,2026-02-05 15:53:46.485000+00:00,2026-02-05 15:54:03.796000+00:00,0.8659217877094972,0.8918918918918919,0.8591352859135286,10.0,0.9,0.9265724946695096,0.9415350533341089,0.33708971872010046,0.9258855536988972,0.3357069290050581,0.9261727078891259,0.8839285714285714,0.888268156424581,29.0,0.9137931034482759,0.8833333333333333,0.32999018158872756,0.9464285714285714,,,,,,,,,,,,,1d1a03823168468b8b5e24303d9e8fc0,trial_34_fold_3,LOCAL,/home/pborole/timeseries-classification/timeseries-classification/src/modeling/hpo.py,pborole,1cd039078f160584c3f8ef36c1573c14a9aaf802
83c08864d5fb4a8ea69877b28d9251fb,549259982933952719,FINISHED,file:///home/pborole/timeseries-classification/timeseries-classification/mlruns/549259982933952719/83c08864d5fb4a8ea69877b28d9251fb/artifacts,2026-02-05 15:53:10.841000+00:00,2026-02-05 15:53:46.472000+00:00,0.8212290502793296,0.8677685950413223,0.905160390516039,43.0,0.8076923076923077,0.8666711087420043,0.8754760532000256,0.5179606952480764,0.8625332528289023,0.5718923579048178,0.8579424307036247,0.9375,0.8435754189944135,62.0,0.8793103448275862,0.85,0.264865445916124,0.9107142857142857,,,,,,,,,,,,,1d1a03823168468b8b5e24303d9e8fc0,trial_34_fold_2,LOCAL,/home/pborole/timeseries-classification/timeseries-classification/src/modeling/hpo.py,pborole,1cd039078f160584c3f8ef36c1573c14a9aaf802
fb565ef70d4f499686ce8a78cb3c8b44,549259982933952719,FINISHED,file:///home/pborole/timeseries-classification/timeseries-classification/mlruns/549259982933952719/fb565ef70d4f499686ce8a78cb3c8b44/artifacts,2026-02-05 15:52:53.780000+00:00,2026-02-05 15:53:10.829000+00:00,0.8491620111731844,0.8810572687224669,0.8744769874476988,13.0,0.8695652173913043,0.9305703624733475,0.9562203297408759,0.37391651842181245,0.9330236244278146,0.3487389129300357,0.9057835820895522,0.8928571428571429,0.8715083798882681,32.0,0.902127659574468,0.8617886178861789,0.33490366005498495,0.9464285714285714,,,,,,,,,,,,,1d1a03823168468b8b5e24303d9e8fc0,trial_34_fold_1,LOCAL,/home/pborole/timeseries-classification/timeseries-classification/src/modeling/hpo.py,pborole,1cd039078f160584c3f8ef36c1573c14a9aaf802
321da64af0ba4e6aaba7e52e506416e4,549259982933952719,FINISHED,file:///home/pborole/timeseries-classification/timeseries-classification/mlruns/549259982933952719/321da64af0ba4e6aaba7e52e506416e4/artifacts,2026-02-05 15:52:22.397000+00:00,2026-02-05 15:52:53.758000+00:00,0.8388888888888889,0.8755364806866953,0.8910614525139665,34.0,0.8429752066115702,0.8865546218487395,0.8988403630159413,0.3917226870854696,0.8925688517436354,0.4073319057623545,0.8876050420168067,0.9107142857142857,0.85,53.0,0.8820960698689956,0.8632478632478633,0.2935883445280224,0.9017857142857143,,,,,,,,,,,,,1d1a03823168468b8b5e24303d9e8fc0,trial_34_fold_0,LOCAL,/home/pborole/timeseries-classification/timeseries-classification/src/modeling/hpo.py,pborole,1cd039078f160584c3f8ef36c1573c14a9aaf802
1d1a03823168468b8b5e24303d9e8fc0,549259982933952719,FAILED,file:///home/pborole/timeseries-classification/timeseries-classification/mlruns/549259982933952719/1d1a03823168468b8b5e24303d9e8fc0/artifacts,2026-02-05 15:52:22.209000+00:00,2026-02-05 15:54:03.868000+00:00,,,,,,,,,,,,,,,,,,,,,1.0,"[20, 10]",20,ts2vec,250,f1,84,0.003247117215357186,0.11739855686739725,5,,trial_34,LOCAL,/home/pborole/timeseries-classification/timeseries-classification/src/modeling/hpo.py,pborole,1cd039078f160584c3f8ef36c1573c14a9aaf802
e132a769b82d490f8ac58b3edde23801,549259982933952719,FINISHED,file:///home/pborole/timeseries-classification/timeseries-classification/mlruns/549259982933952719/e132a769b82d490f8ac58b3edde23801/artifacts,2026-02-05 15:51:52.866000+00:00,2026-02-05 15:52:22.170000+00:00,0.888268156424581,0.9130434782608695,0.8437935843793585,33.0,0.8898305084745762,0.9283049040511727,0.9352767311316419,0.38349230046378835,0.9336021095450355,0.34295310421362935,0.9269722814498934,0.9375,0.888268156424581,52.0,0.9137931034482759,0.8833333333333333,0.4414636450332578,0.9464285714285714,,,,,,,,,,,,,5c9dddd68891469ba3ccf2581bffbabc,trial_33_fold_3,LOCAL,/home/pborole/timeseries-classification/timeseries-classification/src/modeling/hpo.py,pborole,1cd039078f160584c3f8ef36c1573c14a9aaf802
244ff043270646a2a95f4e5023e146e5,549259982933952719,FINISHED,file:///home/pborole/timeseries-classification/timeseries-classification/mlruns/549259982933952719/244ff043270646a2a95f4e5023e146e5/artifacts,2026-02-05 15:51:29.899000+00:00,2026-02-05 15:51:52.853000+00:00,0.8212290502793296,0.8666666666666667,0.8633193863319386,22.0,0.8125,0.8376865671641791,0.8326162983736574,0.4990387106074967,0.80456093070149,0.46849612450466477,0.816231343283582,0.9285714285714286,0.8324022346368715,41.0,0.8728813559322034,0.8306451612903226,0.36996027079087423,0.9196428571428571,,,,,,,,,,,,,5c9dddd68891469ba3ccf2581bffbabc,trial_33_fold_2,LOCAL,/home/pborole/timeseries-classification/timeseries-classification/src/modeling/hpo.py,pborole,1cd039078f160584c3f8ef36c1573c14a9aaf802
858526a8b2e54fd4ab22f43d6e9a8d16,549259982933952719,FINISHED,file:///home/pborole/timeseries-classification/timeseries-classification/mlruns/549259982933952719/858526a8b2e54fd4ab22f43d6e9a8d16/artifacts,2026-02-05 15:51:07.338000+00:00,2026-02-05 15:51:29.889000+00:00,0.8659217877094972,0.896551724137931,0.8396094839609484,23.0,0.8666666666666667,0.9281716417910448,0.956163850867393,0.46605314006352555,0.9320983948346565,0.3707654023303666,0.9056503198294243,0.9285714285714286,0.8715083798882681,42.0,0.9029535864978903,0.856,0.41964344599256953,0.9553571428571429,,,,,,,,,,,,,5c9dddd68891469ba3ccf2581bffbabc,trial_33_fold_1,LOCAL,/home/pborole/timeseries-classification/timeseries-classification/src/modeling/hpo.py,pborole,1cd039078f160584c3f8ef36c1573c14a9aaf802
14477dda0492493ab11d9eff8b52a16e,549259982933952719,FINISHED,file:///home/pborole/timeseries-classification/timeseries-classification/mlruns/549259982933952719/14477dda0492493ab11d9eff8b52a16e/artifacts,2026-02-05 15:50:22.124000+00:00,2026-02-05 15:51:07.326000+00:00,0.8444444444444444,0.8793103448275862,0.888268156424581,67.0,0.85,0.8927258403361346,0.9089780936107077,0.38990090489387513,0.9034148112341182,0.4020093689362208,0.8912815126050421,0.9107142857142857,0.8555555555555555,86.0,0.8869565217391304,0.864406779661017,0.31417582246511344,0.9107142857142857,,,,,,,,,,,,,5c9dddd68891469ba3ccf2581bffbabc,trial_33_fold_0,LOCAL,/home/pborole/timeseries-classification/timeseries-classification/src/modeling/hpo.py,pborole,1cd039078f160584c3f8ef36c1573c14a9aaf802
5c9dddd68891469ba3ccf2581bffbabc,549259982933952719,FAILED,file:///home/pborole/timeseries-classification/timeseries-classification/mlruns/549259982933952719/5c9dddd68891469ba3ccf2581bffbabc/artifacts,2026-02-05 15:50:21.958000+00:00,2026-02-05 15:52:22.192000+00:00,,,,,,,,,,,,,,,,,,,,,1.0,"[20, 10]",20,ts2vec,250,f1,111,0.0016859603729202372,0.28663843302389086,5,,trial_33,LOCAL,/home/pborole/timeseries-classification/timeseries-classification/src/modeling/hpo.py,pborole,1cd039078f160584c3f8ef36c1573c14a9aaf802
602f6927095e4b34bf775fd9dea9d282,549259982933952719,FINISHED,file:///home/pborole/timeseries-classification/timeseries-classification/mlruns/549259982933952719/602f6927095e4b34bf775fd9dea9d282/artifacts,2026-02-05 15:49:50.319000+00:00,2026-02-05 15:50:21.909000+00:00,0.8659217877094972,0.8928571428571429,0.8688981868898187,39.0,0.8928571428571429,0.9224413646055437,0.9271475659552272,0.36184379275284667,0.929756519872577,0.3522640178656445,0.9232409381663114,0.8928571428571429,0.8770949720670391,58.0,0.9090909090909091,0.8461538461538461,0.3563560513439205,0.9821428571428571,,,,,,,,,,,,,83f51527c7e949789ae5a6bc202398c4,trial_32_fold_4,LOCAL,/home/pborole/timeseries-classification/timeseries-classification/src/modeling/hpo.py,pborole,1cd039078f160584c3f8ef36c1573c14a9aaf802
a420cd2b9d804f9c9dc13679e8f6d1cb,549259982933952719,FINISHED,file:///home/pborole/timeseries-classification/timeseries-classification/mlruns/549259982933952719/a420cd2b9d804f9c9dc13679e8f6d1cb/artifacts,2026-02-05 15:49:31.258000+00:00,2026-02-05 15:49:50.305000+00:00,0.8770949720670391,0.905982905982906,0.803347280334728,14.0,0.8688524590163934,0.9243070362473348,0.9383356923843731,0.431753776093435,0.9339299418816389,0.342577434285393,0.9263726012793179,0.9464285714285714,0.888268156424581,33.0,0.9145299145299145,0.8770491803278688,0.45201771362389814,0.9553571428571429,,,,,,,,,,,,,83f51527c7e949789ae5a6bc202398c4,trial_32_fold_3,LOCAL,/home/pborole/timeseries-classification/timeseries-classification/src/modeling/hpo.py,pborole,1cd039078f160584c3f8ef36c1573c14a9aaf802
b79fee959ea149fbb995ebf37de8e81d,549259982933952719,FINISHED,file:///home/pborole/timeseries-classification/timeseries-classification/mlruns/549259982933952719/b79fee959ea149fbb995ebf37de8e81d/artifacts,2026-02-05 15:48:35.785000+00:00,2026-02-05 15:49:31.248000+00:00,0.8156424581005587,0.8506787330316742,0.8647140864714087,80.0,0.8623853211009175,0.867337420042644,0.8661457019519082,0.5948347434318265,0.8698834363819962,0.6234116401086306,0.8642723880597014,0.8392857142857143,0.8435754189944135,99.0,0.8803418803418803,0.8442622950819673,0.3507589836873769,0.9196428571428571,,,,,,,,,,,,,83f51527c7e949789ae5a6bc202398c4,trial_32_fold_2,LOCAL,/home/pborole/timeseries-classification/timeseries-classification/src/modeling/hpo.py,pborole,1cd039078f160584c3f8ef36c1573c14a9aaf802
d8957fdbb7f6445981984d2a407a3d29,549259982933952719,FINISHED,file:///home/pborole/timeseries-classification/timeseries-classification/mlruns/549259982933952719/d8957fdbb7f6445981984d2a407a3d29/artifacts,2026-02-05 15:47:58.819000+00:00,2026-02-05 15:48:35.772000+00:00,0.8547486033519553,0.8916666666666667,0.8368200836820083,52.0,0.8359375,0.9448294243070363,0.9680247474151491,0.3407772168433866,0.9675875532738024,0.35174234286366896,0.9457622601279319,0.9553571428571429,0.8715083798882681,71.0,0.8995633187772926,0.8803418803418803,0.40596337028294593,0.9196428571428571,,,,,,,,,,,,,83f51527c7e949789ae5a6bc202398c4,trial_32_fold_1,LOCAL,/home/pborole/timeseries-classification/timeseries-classification/src/modeling/hpo.py,pborole,1cd039078f160584c3f8ef36c1573c14a9aaf802
79ec1283f7a94f8a95d7e35e474185f3,549259982933952719,FINISHED,file:///home/pborole/timeseries-classification/timeseries-classification/mlruns/549259982933952719/79ec1283f7a94f8a95d7e35e474185f3/artifacts,2026-02-05 15:47:32.773000+00:00,2026-02-05 15:47:58.806000+00:00,0.8444444444444444,0.8813559322033898,0.8659217877094972,25.0,0.8387096774193549,0.8941701680672269,0.9079121363032232,0.40558094216717616,0.8954865088419713,0.4187424893180529,0.8904936974789917,0.9285714285714286,0.8611111111111112,44.0,0.8878923766816144,0.8918918918918919,0.36382146294140283,0.8839285714285714,,,,,,,,,,,,,83f51527c7e949789ae5a6bc202398c4,trial_32_fold_0,LOCAL,/home/pborole/timeseries-classification/timeseries-classification/src/modeling/hpo.py,pborole,1cd039078f160584c3f8ef36c1573c14a9aaf802
83f51527c7e949789ae5a6bc202398c4,549259982933952719,FAILED,file:///home/pborole/timeseries-classification/timeseries-classification/mlruns/549259982933952719/83f51527c7e949789ae5a6bc202398c4/artifacts,2026-02-05 15:47:32.589000+00:00,2026-02-05 15:50:21.923000+00:00,,,,,,,,,,,,,,,,,,,,,1.0,"[20, 10]",20,ts2vec,250,f1,101,0.0036197537690010203,0.17653068656168014,5,,trial_32,LOCAL,/home/pborole/timeseries-classification/timeseries-classification/src/modeling/hpo.py,pborole,1cd039078f160584c3f8ef36c1573c14a9aaf802
b1bc9f3ece5a4026ae94879005f35cb8,549259982933952719,FINISHED,file:///home/pborole/timeseries-classification/timeseries-classification/mlruns/549259982933952719/b1bc9f3ece5a4026ae94879005f35cb8/artifacts,2026-02-05 15:47:14.612000+00:00,2026-02-05 15:47:32.552000+00:00,0.8324022346368715,0.8571428571428571,0.8633193863319386,12.0,0.9183673469387755,0.9255063965884862,0.9395207109901821,0.3677106364812265,0.928899291970445,0.3670111100433925,0.9260394456289979,0.8035714285714286,0.8938547486033519,31.0,0.9170305676855895,0.8974358974358975,0.3347505141501646,0.9375,,,,,,,,,,,,,265d6ac9e66445eb93df19c59db28465,trial_31_fold_3,LOCAL,/home/pborole/timeseries-classification/timeseries-classification/src/modeling/hpo.py,pborole,1cd039078f160584c3f8ef36c1573c14a9aaf802
8739ba627026475695ed778ae0bdf59b,549259982933952719,FINISHED,file:///home/pborole/timeseries-classification/timeseries-classification/mlruns/549259982933952719/8739ba627026475695ed778ae0bdf59b/artifacts,2026-02-05 15:46:44.648000+00:00,2026-02-05 15:47:14.587000+00:00,0.7988826815642458,0.8524590163934426,0.8758716875871687,35.0,0.7878787878787878,0.8668043710021321,0.8801695658790749,0.489800293019364,0.8676031474207,0.572060713221907,0.861273987206823,0.9285714285714286,0.8324022346368715,54.0,0.8739495798319328,0.8253968253968254,0.2745386630795491,0.9285714285714286,,,,,,,,,,,,,265d6ac9e66445eb93df19c59db28465,trial_31_fold_2,LOCAL,/home/pborole/timeseries-classification/timeseries-classification/src/modeling/hpo.py,pborole,1cd039078f160584c3f8ef36c1573c14a9aaf802
01d7244ce94840d69f21d885da368155,549259982933952719,FINISHED,file:///home/pborole/timeseries-classification/timeseries-classification/mlruns/549259982933952719/01d7244ce94840d69f21d885da368155/artifacts,2026-02-05 15:46:21.878000+00:00,2026-02-05 15:46:44.637000+00:00,0.8491620111731844,0.8841201716738197,0.8758716875871687,22.0,0.8512396694214877,0.9441631130063965,0.9671531006424373,0.33531104885666063,0.9602373259515443,0.324488895232451,0.9356343283582089,0.9196428571428571,0.8659217877094972,41.0,0.896551724137931,0.8666666666666667,0.3396480425132368,0.9285714285714286,,,,,,,,,,,,,265d6ac9e66445eb93df19c59db28465,trial_31_fold_1,LOCAL,/home/pborole/timeseries-classification/timeseries-classification/src/modeling/hpo.py,pborole,1cd039078f160584c3f8ef36c1573c14a9aaf802
68637a9d79d840f8a02b8d912d2c3f4e,549259982933952719,FINISHED,file:///home/pborole/timeseries-classification/timeseries-classification/mlruns/549259982933952719/68637a9d79d840f8a02b8d912d2c3f4e/artifacts,2026-02-05 15:45:56.140000+00:00,2026-02-05 15:46:21.864000+00:00,0.8333333333333334,0.8706896551724138,0.8491620111731844,27.0,0.8416666666666667,0.8889180672268907,0.8985275360198491,0.40266953309377035,0.8801648323905988,0.3923819462458293,0.8780199579831933,0.9017857142857143,0.85,46.0,0.8831168831168831,0.8571428571428571,0.34989711975252163,0.9107142857142857,,,,,,,,,,,,,265d6ac9e66445eb93df19c59db28465,trial_31_fold_0,LOCAL,/home/pborole/timeseries-classification/timeseries-classification/src/modeling/hpo.py,pborole,1cd039078f160584c3f8ef36c1573c14a9aaf802
265d6ac9e66445eb93df19c59db28465,549259982933952719,FAILED,file:///home/pborole/timeseries-classification/timeseries-classification/mlruns/549259982933952719/265d6ac9e66445eb93df19c59db28465/artifacts,2026-02-05 15:45:55.970000+00:00,2026-02-05 15:47:32.574000+00:00,,,,,,,,,,,,,,,,,,,,,1.0,"[20, 10]",20,ts2vec,250,f1,96,0.006706829264655632,0.18631304989245115,5,,trial_31,LOCAL,/home/pborole/timeseries-classification/timeseries-classification/src/modeling/hpo.py,pborole,1cd039078f160584c3f8ef36c1573c14a9aaf802
0d26563ab95e4141b71b4adb1ba1188d,549259982933952719,FINISHED,file:///home/pborole/timeseries-classification/timeseries-classification/mlruns/549259982933952719/0d26563ab95e4141b71b4adb1ba1188d/artifacts,2026-02-05 15:45:21.736000+00:00,2026-02-05 15:45:55.909000+00:00,0.88268156424581,0.9023255813953488,0.8577405857740585,35.0,0.941747572815534,0.9309701492537313,0.9419075496232001,0.32212431246008955,0.9374357519342071,0.35157053980081443,0.9221082089552238,0.8660714285714286,0.8938547486033519,54.0,0.9191489361702128,0.8780487804878049,0.3552552420474495,0.9642857142857143,,,,,,,,,,,,,404fd828c444472d98e4e16b89482b3b,trial_30_fold_3,LOCAL,/home/pborole/timeseries-classification/timeseries-classification/src/modeling/hpo.py,pborole,1cd039078f160584c3f8ef36c1573c14a9aaf802
a20656141b8941428d23caa65f3af273,549259982933952719,FINISHED,file:///home/pborole/timeseries-classification/timeseries-classification/mlruns/549259982933952719/a20656141b8941428d23caa65f3af273/artifacts,2026-02-05 15:44:53.538000+00:00,2026-02-05 15:45:21.708000+00:00,0.8100558659217877,0.8508771929824561,0.7656903765690377,25.0,0.8362068965517241,0.8484808102345416,0.8483227721185727,0.4655212526880829,0.8630715489010818,0.49068882911564915,0.8548773987206822,0.8660714285714286,0.8212290502793296,44.0,0.8677685950413223,0.8076923076923077,0.4179483439716169,0.9375,,,,,,,,,,,,,404fd828c444472d98e4e16b89482b3b,trial_30_fold_2,LOCAL,/home/pborole/timeseries-classification/timeseries-classification/src/modeling/hpo.py,pborole,1cd039078f160584c3f8ef36c1573c14a9aaf802
a2319848a4a046db981e554852dedb5a,549259982933952719,FINISHED,file:///home/pborole/timeseries-classification/timeseries-classification/mlruns/549259982933952719/a2319848a4a046db981e554852dedb5a/artifacts,2026-02-05 15:44:31.492000+00:00,2026-02-05 15:44:53.526000+00:00,0.8659217877094972,0.8974358974358975,0.8465829846582985,14.0,0.860655737704918,0.945095948827292,0.9663103016326539,0.3542199612662779,0.9548270273519877,0.31483060437873756,0.9292377398720681,0.9375,0.8715083798882681,33.0,0.9012875536480687,0.8677685950413223,0.36445362406628234,0.9375,,,,,,,,,,,,,404fd828c444472d98e4e16b89482b3b,trial_30_fold_1,LOCAL,/home/pborole/timeseries-classification/timeseries-classification/src/modeling/hpo.py,pborole,1cd039078f160584c3f8ef36c1573c14a9aaf802
d566e5d97ac248fdaedd88e8291e2cc3,549259982933952719,FINISHED,file:///home/pborole/timeseries-classification/timeseries-classification/mlruns/549259982933952719/d566e5d97ac248fdaedd88e8291e2cc3/artifacts,2026-02-05 15:44:02.545000+00:00,2026-02-05 15:44:31.481000+00:00,0.8111111111111111,0.860655737704918,0.8072625698324022,26.0,0.7954545454545454,0.8872111344537815,0.8954610987558458,0.39921553598509896,0.8966439344973892,0.41146055857340497,0.8889180672268908,0.9375,0.85,45.0,0.8841201716738197,0.8512396694214877,0.40333091746495425,0.9196428571428571,,,,,,,,,,,,,404fd828c444472d98e4e16b89482b3b,trial_30_fold_0,LOCAL,/home/pborole/timeseries-classification/timeseries-classification/src/modeling/hpo.py,pborole,1cd039078f160584c3f8ef36c1573c14a9aaf802
404fd828c444472d98e4e16b89482b3b,549259982933952719,FAILED,file:///home/pborole/timeseries-classification/timeseries-classification/mlruns/549259982933952719/404fd828c444472d98e4e16b89482b3b/artifacts,2026-02-05 15:44:02.369000+00:00,2026-02-05 15:45:55.930000+00:00,,,,,,,,,,,,,,,,,,,,,1.0,"[20, 10]",20,ts2vec,250,f1,20,0.00592470424391524,0.25751465479705116,5,,trial_30,LOCAL,/home/pborole/timeseries-classification/timeseries-classification/src/modeling/hpo.py,pborole,1cd039078f160584c3f8ef36c1573c14a9aaf802
43a6a2d38585423ea20712e2787df8d9,549259982933952719,FINISHED,file:///home/pborole/timeseries-classification/timeseries-classification/mlruns/549259982933952719/43a6a2d38585423ea20712e2787df8d9/artifacts,2026-02-05 15:43:36.146000+00:00,2026-02-05 15:44:02.326000+00:00,0.8770949720670391,0.9035087719298246,0.8521617852161785,24.0,0.8879310344827587,0.919909381663113,0.9206671216165083,0.337943020812626,0.9171322726031647,0.33226675194734967,0.9057835820895522,0.9196428571428571,0.888268156424581,43.0,0.9130434782608695,0.8898305084745762,0.3499378708699092,0.9375,,,,,,,,,,,,,8f15c2b13d6b4ff9ad6c3accbbe74ac9,trial_29_fold_4,LOCAL,/home/pborole/timeseries-classification/timeseries-classification/src/modeling/hpo.py,pborole,1cd039078f160584c3f8ef36c1573c14a9aaf802
4c768b51ba0c492ab70d8b33550bbc90,549259982933952719,FINISHED,file:///home/pborole/timeseries-classification/timeseries-classification/mlruns/549259982933952719/4c768b51ba0c492ab70d8b33550bbc90/artifacts,2026-02-05 15:43:18.188000+00:00,2026-02-05 15:43:36.133000+00:00,0.88268156424581,0.9082969432314411,0.8549511854951185,12.0,0.8888888888888888,0.9263059701492538,0.934688654710986,0.41271155439941576,0.9322482405107351,0.32284320882578804,0.9245735607675906,0.9285714285714286,0.888268156424581,31.0,0.9145299145299145,0.8770491803278688,0.369056948391796,0.9553571428571429,,,,,,,,,,,,,8f15c2b13d6b4ff9ad6c3accbbe74ac9,trial_29_fold_3,LOCAL,/home/pborole/timeseries-classification/timeseries-classification/src/modeling/hpo.py,pborole,1cd039078f160584c3f8ef36c1573c14a9aaf802
40f9977b744c4650b287ae18af49a3ca,549259982933952719,FINISHED,file:///home/pborole/timeseries-classification/timeseries-classification/mlruns/549259982933952719/40f9977b744c4650b287ae18af49a3ca/artifacts,2026-02-05 15:42:17.491000+00:00,2026-02-05 15:43:18.176000+00:00,0.8324022346368715,0.8739495798319328,0.900976290097629,82.0,0.8253968253968254,0.8562100213219617,0.869130081318205,0.49889763232382983,0.8661358962809463,0.5171945509630874,0.8520788912579957,0.9285714285714286,0.8547486033519553,101.0,0.8888888888888888,0.8524590163934426,0.2759618333942222,0.9285714285714286,,,,,,,,,,,,,8f15c2b13d6b4ff9ad6c3accbbe74ac9,trial_29_fold_2,LOCAL,/home/pborole/timeseries-classification/timeseries-classification/src/modeling/hpo.py,pborole,1cd039078f160584c3f8ef36c1573c14a9aaf802
f0cbca615b5040e496d646436ec8c00f,549259982933952719,FINISHED,file:///home/pborole/timeseries-classification/timeseries-classification/mlruns/549259982933952719/f0cbca615b5040e496d646436ec8c00f/artifacts,2026-02-05 15:41:39.696000+00:00,2026-02-05 15:42:17.480000+00:00,0.8547486033519553,0.8828828828828829,0.8842398884239888,45.0,0.8909090909090909,0.9442963752665244,0.9666294108481979,0.3256813322698604,0.9639566610075143,0.3183889891848218,0.9401652452025586,0.875,0.8715083798882681,64.0,0.8986784140969163,0.8869565217391304,0.3034061000187527,0.9107142857142857,,,,,,,,,,,,,8f15c2b13d6b4ff9ad6c3accbbe74ac9,trial_29_fold_1,LOCAL,/home/pborole/timeseries-classification/timeseries-classification/src/modeling/hpo.py,pborole,1cd039078f160584c3f8ef36c1573c14a9aaf802
0c99334654cd4528b17d69250ae29647,549259982933952719,FINISHED,file:///home/pborole/timeseries-classification/timeseries-classification/mlruns/549259982933952719/0c99334654cd4528b17d69250ae29647/artifacts,2026-02-05 15:41:05.395000+00:00,2026-02-05 15:41:39.681000+00:00,0.85,0.88,0.8952513966480447,39.0,0.8761061946902655,0.8945640756302521,0.9068890646109391,0.40006269216537477,0.8915144413191723,0.40118402375115286,0.8845850840336135,0.8839285714285714,0.8555555555555555,58.0,0.8859649122807017,0.8706896551724138,0.28363976831542714,0.9017857142857143,,,,,,,,,,,,,8f15c2b13d6b4ff9ad6c3accbbe74ac9,trial_29_fold_0,LOCAL,/home/pborole/timeseries-classification/timeseries-classification/src/modeling/hpo.py,pborole,1cd039078f160584c3f8ef36c1573c14a9aaf802
8f15c2b13d6b4ff9ad6c3accbbe74ac9,549259982933952719,FINISHED,file:///home/pborole/timeseries-classification/timeseries-classification/mlruns/549259982933952719/8f15c2b13d6b4ff9ad6c3accbbe74ac9/artifacts,2026-02-05 15:41:05.226000+00:00,2026-02-05 15:44:02.354000+00:00,,,,,,,,,,,,,,,,,,,0.9002211216114582,59.0,,"[20, 10]",20,ts2vec,250,f1,16,0.0007726556738189388,0.14330586931515293,5,,trial_29,LOCAL,/home/pborole/timeseries-classification/timeseries-classification/src/modeling/hpo.py,pborole,1cd039078f160584c3f8ef36c1573c14a9aaf802
4529b6ea0f854c2aa73a23ad5ad059f4,549259982933952719,FINISHED,file:///home/pborole/timeseries-classification/timeseries-classification/mlruns/549259982933952719/4529b6ea0f854c2aa73a23ad5ad059f4/artifacts,2026-02-05 15:40:10.958000+00:00,2026-02-05 15:41:05.169000+00:00,0.8100558659217877,0.859504132231405,0.8702928870292888,75.0,0.8,0.8323560767590618,0.8293588737041321,0.4862599820731072,0.8163153438317263,0.4782143826258249,0.824227078891258,0.9285714285714286,0.8268156424581006,94.0,0.8702928870292888,0.8188976377952756,0.32749169722012395,0.9285714285714286,,,,,,,,,,,,,379b491c90434e8ebd6106cfa8ef740e,trial_28_fold_2,LOCAL,/home/pborole/timeseries-classification/timeseries-classification/src/modeling/hpo.py,pborole,1cd039078f160584c3f8ef36c1573c14a9aaf802
3bb3dc5e70fe4ab68016210e71843d46,549259982933952719,FINISHED,file:///home/pborole/timeseries-classification/timeseries-classification/mlruns/549259982933952719/3bb3dc5e70fe4ab68016210e71843d46/artifacts,2026-02-05 15:39:36.457000+00:00,2026-02-05 15:40:10.947000+00:00,0.8547486033519553,0.8869565217391304,0.8396094839609484,41.0,0.864406779661017,0.9020522388059702,0.9280019501375393,0.47367044800486646,0.9116289855232166,0.3950506788392307,0.8883262260127932,0.9107142857142857,0.8603351955307262,60.0,0.895397489539749,0.84251968503937,0.4155225665665737,0.9553571428571429,,,,,,,,,,,,,379b491c90434e8ebd6106cfa8ef740e,trial_28_fold_1,LOCAL,/home/pborole/timeseries-classification/timeseries-classification/src/modeling/hpo.py,pborole,1cd039078f160584c3f8ef36c1573c14a9aaf802
21e0d2e0a762435a837052c974ff5b69,549259982933952719,FINISHED,file:///home/pborole/timeseries-classification/timeseries-classification/mlruns/549259982933952719/21e0d2e0a762435a837052c974ff5b69/artifacts,2026-02-05 15:38:44.300000+00:00,2026-02-05 15:39:36.444000+00:00,0.8333333333333334,0.8728813559322034,0.8631284916201117,74.0,0.8306451612903226,0.8765756302521008,0.8889660081470834,0.40192631483078,0.876639392172553,0.39628364592790605,0.8726365546218487,0.9196428571428571,0.8388888888888889,93.0,0.8765957446808511,0.8373983739837398,0.34173381615783915,0.9196428571428571,,,,,,,,,,,,,379b491c90434e8ebd6106cfa8ef740e,trial_28_fold_0,LOCAL,/home/pborole/timeseries-classification/timeseries-classification/src/modeling/hpo.py,pborole,1cd039078f160584c3f8ef36c1573c14a9aaf802
379b491c90434e8ebd6106cfa8ef740e,549259982933952719,FAILED,file:///home/pborole/timeseries-classification/timeseries-classification/mlruns/549259982933952719/379b491c90434e8ebd6106cfa8ef740e/artifacts,2026-02-05 15:38:44.134000+00:00,2026-02-05 15:41:05.192000+00:00,,,,,,,,,,,,,,,,,,,,,1.0,"[20, 10]",20,ts2vec,250,f1,41,0.00017934530926791672,0.005935410475891134,5,,trial_28,LOCAL,/home/pborole/timeseries-classification/timeseries-classification/src/modeling/hpo.py,pborole,1cd039078f160584c3f8ef36c1573c14a9aaf802
eb71afcf859c4a7c9aabb0a36fb77ac8,549259982933952719,FINISHED,file:///home/pborole/timeseries-classification/timeseries-classification/mlruns/549259982933952719/eb71afcf859c4a7c9aabb0a36fb77ac8/artifacts,2026-02-05 15:38:23.621000+00:00,2026-02-05 15:38:44.075000+00:00,0.8770949720670391,0.9083333333333333,0.8647140864714087,17.0,0.8515625,0.923640724946695,0.9286505186916647,0.3582558455413946,0.9235987668924992,0.34881327763283054,0.9097814498933902,0.9732142857142857,0.88268156424581,36.0,0.9090909090909091,0.8823529411764706,0.3599268259322128,0.9375,,,,,,,,,,,,,693c1ceb124e4054a8ca95455246fbc0,trial_27_fold_4,LOCAL,/home/pborole/timeseries-classification/timeseries-classification/src/modeling/hpo.py,pborole,1cd039078f160584c3f8ef36c1573c14a9aaf802
938e6f5a6222446bbcbe5db1d218ffe1,549259982933952719,FINISHED,file:///home/pborole/timeseries-classification/timeseries-classification/mlruns/549259982933952719/938e6f5a6222446bbcbe5db1d218ffe1/artifacts,2026-02-05 15:38:06.778000+00:00,2026-02-05 15:38:23.610000+00:00,0.8770949720670391,0.9043478260869565,0.8647140864714087,10.0,0.8813559322033898,0.9268390191897655,0.9412169769393735,0.35609011343737557,0.9317533101888815,0.3208341920675512,0.9236407249466951,0.9285714285714286,0.8938547486033519,29.0,0.9170305676855895,0.8974358974358975,0.3496746042200378,0.9375,,,,,,,,,,,,,693c1ceb124e4054a8ca95455246fbc0,trial_27_fold_3,LOCAL,/home/pborole/timeseries-classification/timeseries-classification/src/modeling/hpo.py,pborole,1cd039078f160584c3f8ef36c1573c14a9aaf802
949a22827c6143f1930b50936c20a047,549259982933952719,FINISHED,file:///home/pborole/timeseries-classification/timeseries-classification/mlruns/549259982933952719/949a22827c6143f1930b50936c20a047/artifacts,2026-02-05 15:37:29.914000+00:00,2026-02-05 15:38:06.758000+00:00,0.8379888268156425,0.8755364806866953,0.8800557880055788,48.0,0.8429752066115702,0.8568763326226012,0.869384768180724,0.560354003526645,0.8458876820400286,0.606858502553162,0.8470815565031984,0.9107142857142857,0.8379888268156425,67.0,0.8765957446808511,0.8373983739837398,0.30556745600667123,0.9196428571428571,,,,,,,,,,,,,693c1ceb124e4054a8ca95455246fbc0,trial_27_fold_2,LOCAL,/home/pborole/timeseries-classification/timeseries-classification/src/modeling/hpo.py,pborole,1cd039078f160584c3f8ef36c1573c14a9aaf802
25c706bbb8fe448291bdf319fdf29540,549259982933952719,FINISHED,file:///home/pborole/timeseries-classification/timeseries-classification/mlruns/549259982933952719/25c706bbb8fe448291bdf319fdf29540/artifacts,2026-02-05 15:37:11.996000+00:00,2026-02-05 15:37:29.901000+00:00,0.8603351955307262,0.8917748917748918,0.8619246861924686,13.0,0.865546218487395,0.9378997867803838,0.9628592097353149,0.40553052565238995,0.9405745027719603,0.33328893347825417,0.9128464818763327,0.9196428571428571,0.8659217877094972,32.0,0.8974358974358975,0.860655737704918,0.3657838805283795,0.9375,,,,,,,,,,,,,693c1ceb124e4054a8ca95455246fbc0,trial_27_fold_1,LOCAL,/home/pborole/timeseries-classification/timeseries-classification/src/modeling/hpo.py,pborole,1cd039078f160584c3f8ef36c1573c14a9aaf802
551399b9474349fc8df3fda67f2fa4a7,549259982933952719,FINISHED,file:///home/pborole/timeseries-classification/timeseries-classification/mlruns/549259982933952719/551399b9474349fc8df3fda67f2fa4a7/artifacts,2026-02-05 15:36:37.083000+00:00,2026-02-05 15:37:11.984000+00:00,0.85,0.8831168831168831,0.9022346368715084,49.0,0.8571428571428571,0.8957457983193278,0.9133643167867749,0.3969343074493938,0.9082598634838422,0.4096214872267511,0.8949579831932772,0.9107142857142857,0.8611111111111112,68.0,0.8917748917748918,0.865546218487395,0.23845933895953542,0.9196428571428571,,,,,,,,,,,,,693c1ceb124e4054a8ca95455246fbc0,trial_27_fold_0,LOCAL,/home/pborole/timeseries-classification/timeseries-classification/src/modeling/hpo.py,pborole,1cd039078f160584c3f8ef36c1573c14a9aaf802
693c1ceb124e4054a8ca95455246fbc0,549259982933952719,FINISHED,file:///home/pborole/timeseries-classification/timeseries-classification/mlruns/549259982933952719/693c1ceb124e4054a8ca95455246fbc0/artifacts,2026-02-05 15:36:36.904000+00:00,2026-02-05 15:38:44.104000+00:00,,,,,,,,,,,,,,,,,,,0.8983856021336278,46.0,,"[20, 10]",20,ts2vec,250,f1,61,0.003015118587843231,0.19779095512697,5,,trial_27,LOCAL,/home/pborole/timeseries-classification/timeseries-classification/src/modeling/hpo.py,pborole,1cd039078f160584c3f8ef36c1573c14a9aaf802
e440678ee73f45c9bf575993e56d0f7a,549259982933952719,FINISHED,file:///home/pborole/timeseries-classification/timeseries-classification/mlruns/549259982933952719/e440678ee73f45c9bf575993e56d0f7a/artifacts,2026-02-05 15:36:09.765000+00:00,2026-02-05 15:36:36.847000+00:00,0.888268156424581,0.9130434782608695,0.8521617852161785,30.0,0.8898305084745762,0.9216417910447762,0.9311391514571599,0.4275485150640903,0.9316030815281232,0.3757859410187386,0.9251066098081024,0.9375,0.888268156424581,49.0,0.9137931034482759,0.8833333333333333,0.4191422999902749,0.9464285714285714,,,,,,,,,,,,,403e3674cb564a4985b2c8416d5f0425,trial_26_fold_3,LOCAL,/home/pborole/timeseries-classification/timeseries-classification/src/modeling/hpo.py,pborole,1cd039078f160584c3f8ef36c1573c14a9aaf802
371fed2c89b340cda01799a53f3e799c,549259982933952719,FINISHED,file:///home/pborole/timeseries-classification/timeseries-classification/mlruns/549259982933952719/371fed2c89b340cda01799a53f3e799c/artifacts,2026-02-05 15:35:35.576000+00:00,2026-02-05 15:36:09.735000+00:00,0.8212290502793296,0.8632478632478633,0.8577405857740585,43.0,0.8278688524590164,0.8362206823027719,0.8290522208316266,0.5031074235559175,0.8132910000168602,0.48373958518385224,0.8234275053304905,0.9017857142857143,0.8324022346368715,62.0,0.8739495798319328,0.8253968253968254,0.36120036763958685,0.9285714285714286,,,,,,,,,,,,,403e3674cb564a4985b2c8416d5f0425,trial_26_fold_2,LOCAL,/home/pborole/timeseries-classification/timeseries-classification/src/modeling/hpo.py,pborole,1cd039078f160584c3f8ef36c1573c14a9aaf802
6c60d68ea03c41ae8275b8bd2a7ce144,549259982933952719,FINISHED,file:///home/pborole/timeseries-classification/timeseries-classification/mlruns/549259982933952719/6c60d68ea03c41ae8275b8bd2a7ce144/artifacts,2026-02-05 15:35:05.602000+00:00,2026-02-05 15:35:35.563000+00:00,0.8324022346368715,0.8672566371681416,0.8326359832635983,35.0,0.8596491228070176,0.923840618336887,0.9525505030272762,0.4627901557104548,0.938547543162759,0.4020566782138867,0.9101146055437099,0.875,0.8659217877094972,54.0,0.8983050847457628,0.8548387096774194,0.4458190025644821,0.9464285714285714,,,,,,,,,,,,,403e3674cb564a4985b2c8416d5f0425,trial_26_fold_1,LOCAL,/home/pborole/timeseries-classification/timeseries-classification/src/modeling/hpo.py,pborole,1cd039078f160584c3f8ef36c1573c14a9aaf802
0b013063d4e841298679769b391cf56b,549259982933952719,FINISHED,file:///home/pborole/timeseries-classification/timeseries-classification/mlruns/549259982933952719/0b013063d4e841298679769b391cf56b/artifacts,2026-02-05 15:34:33.842000+00:00,2026-02-05 15:35:05.592000+00:00,0.8444444444444444,0.8793103448275862,0.8645251396648045,40.0,0.85,0.8866859243697478,0.8880325193018842,0.437806632121404,0.8766445180893433,0.4090956317053901,0.8776260504201681,0.9107142857142857,0.85,59.0,0.8841201716738197,0.8512396694214877,0.37203482992156256,0.9196428571428571,,,,,,,,,,,,,403e3674cb564a4985b2c8416d5f0425,trial_26_fold_0,LOCAL,/home/pborole/timeseries-classification/timeseries-classification/src/modeling/hpo.py,pborole,1cd039078f160584c3f8ef36c1573c14a9aaf802
403e3674cb564a4985b2c8416d5f0425,549259982933952719,FAILED,file:///home/pborole/timeseries-classification/timeseries-classification/mlruns/549259982933952719/403e3674cb564a4985b2c8416d5f0425/artifacts,2026-02-05 15:34:33.664000+00:00,2026-02-05 15:36:36.868000+00:00,,,,,,,,,,,,,,,,,,,,,1.0,"[20, 10]",20,ts2vec,250,f1,124,0.0014131495100517932,0.3629041826814533,5,,trial_26,LOCAL,/home/pborole/timeseries-classification/timeseries-classification/src/modeling/hpo.py,pborole,1cd039078f160584c3f8ef36c1573c14a9aaf802
5f20943e9de64a57bc188bd0459d3b9c,549259982933952719,FINISHED,file:///home/pborole/timeseries-classification/timeseries-classification/mlruns/549259982933952719/5f20943e9de64a57bc188bd0459d3b9c/artifacts,2026-02-05 15:33:59.044000+00:00,2026-02-05 15:34:33.613000+00:00,0.8491620111731844,0.8810572687224669,0.895397489539749,44.0,0.8695652173913043,0.9224413646055437,0.9259003332443976,0.3486335357474215,0.9289055511281494,0.35125416866893877,0.9229744136460555,0.8928571428571429,0.88268156424581,63.0,0.9128630705394191,0.8527131782945736,0.30513962978598463,0.9821428571428571,,,,,,,,,,,,,6bc5a710bf4f4b74af55bca37c7f7135,trial_25_fold_4,LOCAL,/home/pborole/timeseries-classification/timeseries-classification/src/modeling/hpo.py,pborole,1cd039078f160584c3f8ef36c1573c14a9aaf802
1454ce4266074a5583349a02f47da586,549259982933952719,FINISHED,file:///home/pborole/timeseries-classification/timeseries-classification/mlruns/549259982933952719/1454ce4266074a5583349a02f47da586/artifacts,2026-02-05 15:33:37.778000+00:00,2026-02-05 15:33:59.032000+00:00,0.888268156424581,0.9122807017543859,0.8702928870292888,19.0,0.896551724137931,0.9232409381663114,0.9347305919129074,0.3414672764652934,0.9293924544344129,0.3185325509676054,0.9272388059701493,0.9285714285714286,0.8994413407821229,38.0,0.9203539823008849,0.9122807017543859,0.34379518904945344,0.9285714285714286,,,,,,,,,,,,,6bc5a710bf4f4b74af55bca37c7f7135,trial_25_fold_3,LOCAL,/home/pborole/timeseries-classification/timeseries-classification/src/modeling/hpo.py,pborole,1cd039078f160584c3f8ef36c1573c14a9aaf802
9716c1d3db3b416ea49c7cc60713c6e1,549259982933952719,FINISHED,file:///home/pborole/timeseries-classification/timeseries-classification/mlruns/549259982933952719/9716c1d3db3b416ea49c7cc60713c6e1/artifacts,2026-02-05 15:32:47.176000+00:00,2026-02-05 15:33:37.764000+00:00,0.776536312849162,0.8412698412698413,0.8898186889818689,72.0,0.7571428571428571,0.865271855010661,0.8707190176050661,0.4973435861438346,0.8679873767504377,0.6293543703729214,0.8628731343283582,0.9464285714285714,0.8547486033519553,91.0,0.8888888888888888,0.8524590163934426,0.29272440013526374,0.9285714285714286,,,,,,,,,,,,,6bc5a710bf4f4b74af55bca37c7f7135,trial_25_fold_2,LOCAL,/home/pborole/timeseries-classification/timeseries-classification/src/modeling/hpo.py,pborole,1cd039078f160584c3f8ef36c1573c14a9aaf802
2996e6ac342249fca03e5566ff322e23,549259982933952719,FINISHED,file:///home/pborole/timeseries-classification/timeseries-classification/mlruns/549259982933952719/2996e6ac342249fca03e5566ff322e23/artifacts,2026-02-05 15:32:26.670000+00:00,2026-02-05 15:32:47.165000+00:00,0.8547486033519553,0.8869565217391304,0.8577405857740585,17.0,0.864406779661017,0.9385660980810234,0.9634271963338783,0.4369970526775168,0.925123187951398,0.34313372976287115,0.9009861407249466,0.9107142857142857,0.8659217877094972,36.0,0.8983050847457628,0.8548387096774194,0.36920500736855066,0.9464285714285714,,,,,,,,,,,,,6bc5a710bf4f4b74af55bca37c7f7135,trial_25_fold_1,LOCAL,/home/pborole/timeseries-classification/timeseries-classification/src/modeling/hpo.py,pborole,1cd039078f160584c3f8ef36c1573c14a9aaf802
0dca5ea5038340f5991e5e2f26cdf817,549259982933952719,FINISHED,file:///home/pborole/timeseries-classification/timeseries-classification/mlruns/549259982933952719/0dca5ea5038340f5991e5e2f26cdf817/artifacts,2026-02-05 15:31:48.950000+00:00,2026-02-05 15:32:26.658000+00:00,0.8388888888888889,0.8786610878661087,0.8910614525139665,48.0,0.8267716535433071,0.8932510504201681,0.9103868502694779,0.39167829354604083,0.9027158468166436,0.4567747712135315,0.8910189075630252,0.9375,0.8611111111111112,67.0,0.8878923766816144,0.8918918918918919,0.276611601673691,0.8839285714285714,,,,,,,,,,,,,6bc5a710bf4f4b74af55bca37c7f7135,trial_25_fold_0,LOCAL,/home/pborole/timeseries-classification/timeseries-classification/src/modeling/hpo.py,pborole,1cd039078f160584c3f8ef36c1573c14a9aaf802
6bc5a710bf4f4b74af55bca37c7f7135,549259982933952719,FINISHED,file:///home/pborole/timeseries-classification/timeseries-classification/mlruns/549259982933952719/6bc5a710bf4f4b74af55bca37c7f7135/artifacts,2026-02-05 15:31:48.776000+00:00,2026-02-05 15:34:33.643000+00:00,,,,,,,,,,,,,,,,,,,0.901660680631314,59.0,,"[20, 10]",20,ts2vec,250,f1,120,0.003423762363887445,0.1885895881996716,5,,trial_25,LOCAL,/home/pborole/timeseries-classification/timeseries-classification/src/modeling/hpo.py,pborole,1cd039078f160584c3f8ef36c1573c14a9aaf802
7f219369e1a547b98ab6f15acb194884,549259982933952719,FINISHED,file:///home/pborole/timeseries-classification/timeseries-classification/mlruns/549259982933952719/7f219369e1a547b98ab6f15acb194884/artifacts,2026-02-05 15:31:21.807000+00:00,2026-02-05 15:31:48.723000+00:00,0.88268156424581,0.9082969432314411,0.800557880055788,20.0,0.8888888888888888,0.9348347547974414,0.958492448330569,0.38224652842436424,0.9404070426326131,0.34124547193170257,0.9001865671641791,0.9285714285714286,0.8938547486033519,39.0,0.9191489361702128,0.8780487804878049,0.4840473874759142,0.9642857142857143,,,,,,,,,,,,,74b8a2e8868b4b32ab8d9233672ab639,trial_24_fold_3,LOCAL,/home/pborole/timeseries-classification/timeseries-classification/src/modeling/hpo.py,pborole,1cd039078f160584c3f8ef36c1573c14a9aaf802
2d6ca853089042dbbd117ad361b59a93,549259982933952719,FINISHED,file:///home/pborole/timeseries-classification/timeseries-classification/mlruns/549259982933952719/2d6ca853089042dbbd117ad361b59a93/artifacts,2026-02-05 15:30:42.039000+00:00,2026-02-05 15:31:21.795000+00:00,0.8100558659217877,0.8482142857142857,0.7642956764295676,41.0,0.8482142857142857,0.8520788912579957,0.8632013355806362,0.5755913561449371,0.8554676242916484,0.5523656718224786,0.8503464818763327,0.8482142857142857,0.8379888268156425,60.0,0.8765957446808511,0.8373983739837398,0.49494482148724456,0.9196428571428571,,,,,,,,,,,,,74b8a2e8868b4b32ab8d9233672ab639,trial_24_fold_2,LOCAL,/home/pborole/timeseries-classification/timeseries-classification/src/modeling/hpo.py,pborole,1cd039078f160584c3f8ef36c1573c14a9aaf802
2578aa5c08bc4bd78458dc0bcd863e13,549259982933952719,FINISHED,file:///home/pborole/timeseries-classification/timeseries-classification/mlruns/549259982933952719/2578aa5c08bc4bd78458dc0bcd863e13/artifacts,2026-02-05 15:30:26.056000+00:00,2026-02-05 15:30:42.027000+00:00,0.8491620111731844,0.8851063829787233,0.698744769874477,4.0,0.8455284552845529,0.9339019189765458,0.9623029376500016,0.4300155801147056,0.9419642882897071,0.4205094184622418,0.9157782515991472,0.9285714285714286,0.8603351955307262,23.0,0.895397489539749,0.84251968503937,0.5546022905049797,0.9553571428571429,,,,,,,,,,,,,74b8a2e8868b4b32ab8d9233672ab639,trial_24_fold_1,LOCAL,/home/pborole/timeseries-classification/timeseries-classification/src/modeling/hpo.py,pborole,1cd039078f160584c3f8ef36c1573c14a9aaf802
c4feb4e31e9f4c9dacefc2e48548c19d,549259982933952719,FINISHED,file:///home/pborole/timeseries-classification/timeseries-classification/mlruns/549259982933952719/c4feb4e31e9f4c9dacefc2e48548c19d/artifacts,2026-02-05 15:29:40.800000+00:00,2026-02-05 15:30:26.045000+00:00,0.8444444444444444,0.8771929824561403,0.8240223463687151,50.0,0.8620689655172413,0.8825498949579832,0.9048994841844535,0.41277170322007606,0.9133199028121893,0.44246083721518514,0.8962710084033613,0.8928571428571429,0.8555555555555555,69.0,0.8879310344827587,0.8583333333333333,0.41608846156374035,0.9196428571428571,,,,,,,,,,,,,74b8a2e8868b4b32ab8d9233672ab639,trial_24_fold_0,LOCAL,/home/pborole/timeseries-classification/timeseries-classification/src/modeling/hpo.py,pborole,1cd039078f160584c3f8ef36c1573c14a9aaf802
74b8a2e8868b4b32ab8d9233672ab639,549259982933952719,FAILED,file:///home/pborole/timeseries-classification/timeseries-classification/mlruns/549259982933952719/74b8a2e8868b4b32ab8d9233672ab639/artifacts,2026-02-05 15:29:40.613000+00:00,2026-02-05 15:31:48.743000+00:00,,,,,,,,,,,,,,,,,,,,,1.0,"[20, 10]",20,ts2vec,250,f1,19,0.009707502782575452,0.27939929152165716,5,,trial_24,LOCAL,/home/pborole/timeseries-classification/timeseries-classification/src/modeling/hpo.py,pborole,1cd039078f160584c3f8ef36c1573c14a9aaf802
290ca624bda6467fb27657ef8f4d7358,549259982933952719,FINISHED,file:///home/pborole/timeseries-classification/timeseries-classification/mlruns/549259982933952719/290ca624bda6467fb27657ef8f4d7358/artifacts,2026-02-05 15:29:22.108000+00:00,2026-02-05 15:29:40.534000+00:00,0.8715083798882681,0.9037656903765691,0.8675034867503487,13.0,0.8503937007874016,0.9197761194029851,0.924581339718369,0.4095163590082243,0.9049293631541171,0.35638876267651604,0.8921908315565032,0.9642857142857143,0.88268156424581,32.0,0.9098712446351931,0.8760330578512396,0.39511901842666636,0.9464285714285714,,,,,,,,,,,,,b2c3ad1cafd2434298c854f750d83f2f,trial_23_fold_4,LOCAL,/home/pborole/timeseries-classification/timeseries-classification/src/modeling/hpo.py,pborole,1cd039078f160584c3f8ef36c1573c14a9aaf802
625261cbecb0410788ed8526517c13c4,549259982933952719,FINISHED,file:///home/pborole/timeseries-classification/timeseries-classification/mlruns/549259982933952719/625261cbecb0410788ed8526517c13c4/artifacts,2026-02-05 15:29:06.448000+00:00,2026-02-05 15:29:22.096000+00:00,0.888268156424581,0.9137931034482759,0.8535564853556485,9.0,0.8833333333333333,0.9221748400852878,0.9389371501062502,0.35417402356696526,0.9340286899637811,0.3310784725836535,0.9244402985074627,0.9464285714285714,0.8938547486033519,28.0,0.9170305676855895,0.8974358974358975,0.3813223508361992,0.9375,,,,,,,,,,,,,b2c3ad1cafd2434298c854f750d83f2f,trial_23_fold_3,LOCAL,/home/pborole/timeseries-classification/timeseries-classification/src/modeling/hpo.py,pborole,1cd039078f160584c3f8ef36c1573c14a9aaf802
5fdb332541864c22b82e8db8bc8c3ac3,549259982933952719,FINISHED,file:///home/pborole/timeseries-classification/timeseries-classification/mlruns/549259982933952719/5fdb332541864c22b82e8db8bc8c3ac3/artifacts,2026-02-05 15:28:16.648000+00:00,2026-02-05 15:29:06.429000+00:00,0.8268156424581006,0.8658008658008658,0.9079497907949791,69.0,0.8403361344537815,0.8624067164179104,0.8714776427408579,0.5260705704795582,0.8774473139824925,0.5908134446463771,0.8648054371002132,0.8928571428571429,0.8491620111731844,88.0,0.8851063829787233,0.8455284552845529,0.2702162932485051,0.9285714285714286,,,,,,,,,,,,,b2c3ad1cafd2434298c854f750d83f2f,trial_23_fold_2,LOCAL,/home/pborole/timeseries-classification/timeseries-classification/src/modeling/hpo.py,pborole,1cd039078f160584c3f8ef36c1573c14a9aaf802
d1d3e727648e4d62ba85c13d35f4b0f5,549259982933952719,FINISHED,file:///home/pborole/timeseries-classification/timeseries-classification/mlruns/549259982933952719/d1d3e727648e4d62ba85c13d35f4b0f5/artifacts,2026-02-05 15:28:01.331000+00:00,2026-02-05 15:28:16.636000+00:00,0.8379888268156425,0.8651162790697674,0.8786610878661087,8.0,0.9029126213592233,0.941231343283582,0.9646797022523828,0.39790948409607957,0.9334218202223058,0.3521995459521949,0.9068496801705757,0.8303571428571429,0.8659217877094972,27.0,0.896551724137931,0.8666666666666667,0.34600909488636744,0.9285714285714286,,,,,,,,,,,,,b2c3ad1cafd2434298c854f750d83f2f,trial_23_fold_1,LOCAL,/home/pborole/timeseries-classification/timeseries-classification/src/modeling/hpo.py,pborole,1cd039078f160584c3f8ef36c1573c14a9aaf802
f3266a9cb72c4b618bb7c12527fcfc1c,549259982933952719,FINISHED,file:///home/pborole/timeseries-classification/timeseries-classification/mlruns/549259982933952719/f3266a9cb72c4b618bb7c12527fcfc1c/artifacts,2026-02-05 15:27:18.877000+00:00,2026-02-05 15:28:01.320000+00:00,0.8444444444444444,0.8793103448275862,0.8743016759776536,59.0,0.85,0.8912815126050421,0.9110405457848794,0.4039732290638818,0.9061747236923443,0.3967656483252843,0.895220588235294,0.9107142857142857,0.8555555555555555,78.0,0.8869565217391304,0.864406779661017,0.2866051937947726,0.9107142857142857,,,,,,,,,,,,,b2c3ad1cafd2434298c854f750d83f2f,trial_23_fold_0,LOCAL,/home/pborole/timeseries-classification/timeseries-classification/src/modeling/hpo.py,pborole,1cd039078f160584c3f8ef36c1573c14a9aaf802
b2c3ad1cafd2434298c854f750d83f2f,549259982933952719,FINISHED,file:///home/pborole/timeseries-classification/timeseries-classification/mlruns/549259982933952719/b2c3ad1cafd2434298c854f750d83f2f/artifacts,2026-02-05 15:27:18.712000+00:00,2026-02-05 15:29:40.579000+00:00,,,,,,,,,,,,,,,,,,,0.8991032882353135,50.0,,"[20, 10]",20,ts2vec,250,f1,76,0.0047926752188910396,0.21533360122076034,5,,trial_23,LOCAL,/home/pborole/timeseries-classification/timeseries-classification/src/modeling/hpo.py,pborole,1cd039078f160584c3f8ef36c1573c14a9aaf802
7c1cdcb131634d38a9902402ce14fe86,549259982933952719,FINISHED,file:///home/pborole/timeseries-classification/timeseries-classification/mlruns/549259982933952719/7c1cdcb131634d38a9902402ce14fe86/artifacts,2026-02-05 15:26:56.915000+00:00,2026-02-05 15:27:18.646000+00:00,0.8715083798882681,0.8995633187772926,0.8675034867503487,14.0,0.8803418803418803,0.9243070362473348,0.9314641461408865,0.3391655825036864,0.9243026241862695,0.3231546044682657,0.9109808102345416,0.9196428571428571,0.88268156424581,33.0,0.9082969432314411,0.8888888888888888,0.3306812716640189,0.9285714285714286,,,,,,,,,,,,,a56566f3249e4bc4ad18b3ce5a2dbd35,trial_22_fold_4,LOCAL,/home/pborole/timeseries-classification/timeseries-classification/src/modeling/hpo.py,pborole,1cd039078f160584c3f8ef36c1573c14a9aaf802
af074bad2e874aefafe0fb84358d8a58,549259982933952719,FINISHED,file:///home/pborole/timeseries-classification/timeseries-classification/mlruns/549259982933952719/af074bad2e874aefafe0fb84358d8a58/artifacts,2026-02-05 15:26:40.928000+00:00,2026-02-05 15:26:56.893000+00:00,0.8547486033519553,0.8818181818181818,0.8647140864714087,8.0,0.8981481481481481,0.9228411513859275,0.9389545533981805,0.3928580016064244,0.9347496153558723,0.34044204477491324,0.9285714285714286,0.8660714285714286,0.888268156424581,27.0,0.9145299145299145,0.8770491803278688,0.32520911978710976,0.9553571428571429,,,,,,,,,,,,,a56566f3249e4bc4ad18b3ce5a2dbd35,trial_22_fold_3,LOCAL,/home/pborole/timeseries-classification/timeseries-classification/src/modeling/hpo.py,pborole,1cd039078f160584c3f8ef36c1573c14a9aaf802
974a90021bc245898d7d53fe7c4c1355,549259982933952719,FINISHED,file:///home/pborole/timeseries-classification/timeseries-classification/mlruns/549259982933952719/974a90021bc245898d7d53fe7c4c1355/artifacts,2026-02-05 15:26:06.670000+00:00,2026-02-05 15:26:40.909000+00:00,0.7821229050279329,0.8151658767772512,0.9093444909344491,36.0,0.8686868686868687,0.8487473347547974,0.8582743262360879,0.49591036315736825,0.8562721772601195,0.5827712086991891,0.8535447761194029,0.7678571428571429,0.8435754189944135,55.0,0.8803418803418803,0.8442622950819673,0.25085222045663674,0.9196428571428571,,,,,,,,,,,,,a56566f3249e4bc4ad18b3ce5a2dbd35,trial_22_fold_2,LOCAL,/home/pborole/timeseries-classification/timeseries-classification/src/modeling/hpo.py,pborole,1cd039078f160584c3f8ef36c1573c14a9aaf802
0f4c1ae3587a419c80664ad2ef1b3741,549259982933952719,FINISHED,file:///home/pborole/timeseries-classification/timeseries-classification/mlruns/549259982933952719/0f4c1ae3587a419c80664ad2ef1b3741/artifacts,2026-02-05 15:25:50.765000+00:00,2026-02-05 15:26:06.657000+00:00,0.8547486033519553,0.8879310344827587,0.8786610878661087,8.0,0.8583333333333333,0.9390991471215352,0.9636720777430914,0.4015856298654439,0.9440727841338485,0.33038336504771054,0.9167110874200427,0.9196428571428571,0.8659217877094972,27.0,0.8974358974358975,0.860655737704918,0.34638750440904786,0.9375,,,,,,,,,,,,,a56566f3249e4bc4ad18b3ce5a2dbd35,trial_22_fold_1,LOCAL,/home/pborole/timeseries-classification/timeseries-classification/src/modeling/hpo.py,pborole,1cd039078f160584c3f8ef36c1573c14a9aaf802
6d0f8c20bbf44c4f9f043dcdee50297c,549259982933952719,FINISHED,file:///home/pborole/timeseries-classification/timeseries-classification/mlruns/549259982933952719/6d0f8c20bbf44c4f9f043dcdee50297c/artifacts,2026-02-05 15:25:08.488000+00:00,2026-02-05 15:25:50.739000+00:00,0.85,0.8860759493670886,0.8868715083798883,48.0,0.84,0.8890493697478992,0.9094506346693854,0.3999681770801544,0.9099511403787522,0.4882149808936649,0.8935136554621849,0.9375,0.8666666666666667,67.0,0.8956521739130435,0.8728813559322034,0.26215121886750176,0.9196428571428571,,,,,,,,,,,,,a56566f3249e4bc4ad18b3ce5a2dbd35,trial_22_fold_0,LOCAL,/home/pborole/timeseries-classification/timeseries-classification/src/modeling/hpo.py,pborole,1cd039078f160584c3f8ef36c1573c14a9aaf802
a56566f3249e4bc4ad18b3ce5a2dbd35,549259982933952719,FINISHED,file:///home/pborole/timeseries-classification/timeseries-classification/mlruns/549259982933952719/a56566f3249e4bc4ad18b3ce5a2dbd35/artifacts,2026-02-05 15:25:08.315000+00:00,2026-02-05 15:27:18.676000+00:00,,,,,,,,,,,,,,,,,,,0.8992513618904354,41.0,,"[20, 10]",20,ts2vec,250,f1,26,0.0021036746391113956,0.11025179444163102,5,,trial_22,LOCAL,/home/pborole/timeseries-classification/timeseries-classification/src/modeling/hpo.py,pborole,1cd039078f160584c3f8ef36c1573c14a9aaf802
f01f82eb0bf749d79e8a86a87dad730c,549259982933952719,FINISHED,file:///home/pborole/timeseries-classification/timeseries-classification/mlruns/549259982933952719/f01f82eb0bf749d79e8a86a87dad730c/artifacts,2026-02-05 15:24:51.026000+00:00,2026-02-05 15:25:08.280000+00:00,0.88268156424581,0.9023255813953488,0.8521617852161785,8.0,0.941747572815534,0.9313699360341151,0.9419828916056472,0.3358450332167428,0.9262407182538415,0.35035429278898506,0.9268390191897655,0.8660714285714286,0.8938547486033519,27.0,0.9170305676855895,0.8974358974358975,0.3548126859977488,0.9375,,,,,,,,,,,,,dde9db4021764fd2b0c34187aced694b,trial_21_fold_3,LOCAL,/home/pborole/timeseries-classification/timeseries-classification/src/modeling/hpo.py,pborole,1cd039078f160584c3f8ef36c1573c14a9aaf802
2019ba80092141b0aed9c5e3758fc895,549259982933952719,FINISHED,file:///home/pborole/timeseries-classification/timeseries-classification/mlruns/549259982933952719/2019ba80092141b0aed9c5e3758fc895/artifacts,2026-02-05 15:24:34.670000+00:00,2026-02-05 15:24:51.015000+00:00,0.776536312849162,0.84375,0.8591352859135286,5.0,0.75,0.8470149253731344,0.846331810583941,0.5396197075284394,0.7983095675047069,0.5487457022653611,0.8126998933901919,0.9642857142857143,0.8212290502793296,24.0,0.865546218487395,0.8174603174603174,0.3570005789586191,0.9196428571428571,,,,,,,,,,,,,dde9db4021764fd2b0c34187aced694b,trial_21_fold_2,LOCAL,/home/pborole/timeseries-classification/timeseries-classification/src/modeling/hpo.py,pborole,1cd039078f160584c3f8ef36c1573c14a9aaf802
53ccd37b8fa34301886159484d6ca6a5,549259982933952719,FINISHED,file:///home/pborole/timeseries-classification/timeseries-classification/mlruns/549259982933952719/53ccd37b8fa34301886159484d6ca6a5/artifacts,2026-02-05 15:23:57.105000+00:00,2026-02-05 15:24:34.659000+00:00,0.8379888268156425,0.8755364806866953,0.8577405857740585,42.0,0.8429752066115702,0.931769722814499,0.9631867518892723,0.3228712548090759,0.968906933983392,0.36517354862650014,0.9466950959488273,0.9107142857142857,0.8659217877094972,61.0,0.8974358974358975,0.860655737704918,0.37251195220102656,0.9375,,,,,,,,,,,,,dde9db4021764fd2b0c34187aced694b,trial_21_fold_1,LOCAL,/home/pborole/timeseries-classification/timeseries-classification/src/modeling/hpo.py,pborole,1cd039078f160584c3f8ef36c1573c14a9aaf802
9f3384a0f3d14ccea61ca56c009619b9,549259982933952719,FINISHED,file:///home/pborole/timeseries-classification/timeseries-classification/mlruns/549259982933952719/9f3384a0f3d14ccea61ca56c009619b9/artifacts,2026-02-05 15:23:38.339000+00:00,2026-02-05 15:23:57.095000+00:00,0.8277777777777777,0.8713692946058091,0.8505586592178771,9.0,0.813953488372093,0.891938025210084,0.900835057892317,0.419579502609041,0.8806014748247818,0.43543774551815456,0.8792016806722689,0.9375,0.8611111111111112,28.0,0.8888888888888888,0.8849557522123894,0.36271320233464904,0.8928571428571429,,,,,,,,,,,,,dde9db4021764fd2b0c34187aced694b,trial_21_fold_0,LOCAL,/home/pborole/timeseries-classification/timeseries-classification/src/modeling/hpo.py,pborole,1cd039078f160584c3f8ef36c1573c14a9aaf802
dde9db4021764fd2b0c34187aced694b,549259982933952719,FAILED,file:///home/pborole/timeseries-classification/timeseries-classification/mlruns/549259982933952719/dde9db4021764fd2b0c34187aced694b/artifacts,2026-02-05 15:23:38.167000+00:00,2026-02-05 15:25:08.300000+00:00,,,,,,,,,,,,,,,,,,,,,1.0,"[20, 10]",20,ts2vec,250,f1,20,0.00505213066262323,0.1701942552613308,5,,trial_21,LOCAL,/home/pborole/timeseries-classification/timeseries-classification/src/modeling/hpo.py,pborole,1cd039078f160584c3f8ef36c1573c14a9aaf802
8271602bf93c45dc8ead25acdbb8d150,549259982933952719,FINISHED,file:///home/pborole/timeseries-classification/timeseries-classification/mlruns/549259982933952719/8271602bf93c45dc8ead25acdbb8d150/artifacts,2026-02-05 15:23:26.415000+00:00,2026-02-05 15:23:38.107000+00:00,0.6256983240223464,0.7697594501718213,0.6290097629009763,1.0,0.6256983240223464,0.910314498933902,0.9284545670079649,0.6747469818791864,0.6526942357244613,0.55094079831459,0.5241204690831557,1.0,0.6256983240223464,20.0,0.7697594501718213,0.6256983240223464,0.58910778426725,1.0,,,,,,,,,,,,,b9d1140371a64e66a2f426774d1410b9,trial_20_fold_3,LOCAL,/home/pborole/timeseries-classification/timeseries-classification/src/modeling/hpo.py,pborole,1cd039078f160584c3f8ef36c1573c14a9aaf802
74514037d175493c8ae1b405c9aa19a5,549259982933952719,FINISHED,file:///home/pborole/timeseries-classification/timeseries-classification/mlruns/549259982933952719/74514037d175493c8ae1b405c9aa19a5/artifacts,2026-02-05 15:22:23.457000+00:00,2026-02-05 15:23:26.404000+00:00,0.8156424581005587,0.8595744680851064,0.8396094839609484,88.0,0.8211382113821138,0.8348880597014925,0.832321096178477,0.5501033204227852,0.8225533003213823,0.5433354828943754,0.8291577825159915,0.9017857142857143,0.8324022346368715,107.0,0.8717948717948718,0.8360655737704918,0.4329814777464049,0.9107142857142857,,,,,,,,,,,,,b9d1140371a64e66a2f426774d1410b9,trial_20_fold_2,LOCAL,/home/pborole/timeseries-classification/timeseries-classification/src/modeling/hpo.py,pborole,1cd039078f160584c3f8ef36c1573c14a9aaf802
a29b8eb388114c0da4032ffd4b1e32d0,549259982933952719,FINISHED,file:///home/pborole/timeseries-classification/timeseries-classification/mlruns/549259982933952719/a29b8eb388114c0da4032ffd4b1e32d0/artifacts,2026-02-05 15:21:46.049000+00:00,2026-02-05 15:22:23.446000+00:00,0.8547486033519553,0.8869565217391304,0.8284518828451883,49.0,0.864406779661017,0.9217750533049041,0.9509445131407801,0.4457759182879379,0.9413986911297707,0.41439810262046045,0.9143123667377399,0.9107142857142857,0.8659217877094972,68.0,0.9,0.84375,0.4682949029085859,0.9642857142857143,,,,,,,,,,,,,b9d1140371a64e66a2f426774d1410b9,trial_20_fold_1,LOCAL,/home/pborole/timeseries-classification/timeseries-classification/src/modeling/hpo.py,pborole,1cd039078f160584c3f8ef36c1573c14a9aaf802
b1e2ad95b5e44cd798183b081b363829,549259982933952719,FINISHED,file:///home/pborole/timeseries-classification/timeseries-classification/mlruns/549259982933952719/b1e2ad95b5e44cd798183b081b363829/artifacts,2026-02-05 15:20:52.748000+00:00,2026-02-05 15:21:46.038000+00:00,0.8444444444444444,0.8793103448275862,0.8379888268156425,71.0,0.85,0.881171218487395,0.8852112010316486,0.4333658615748088,0.8826562927399744,0.4198523196909163,0.8780199579831933,0.9107142857142857,0.8444444444444444,90.0,0.8793103448275862,0.85,0.44312485136799307,0.9107142857142857,,,,,,,,,,,,,b9d1140371a64e66a2f426774d1410b9,trial_20_fold_0,LOCAL,/home/pborole/timeseries-classification/timeseries-classification/src/modeling/hpo.py,pborole,1cd039078f160584c3f8ef36c1573c14a9aaf802
b9d1140371a64e66a2f426774d1410b9,549259982933952719,FAILED,file:///home/pborole/timeseries-classification/timeseries-classification/mlruns/549259982933952719/b9d1140371a64e66a2f426774d1410b9/artifacts,2026-02-05 15:20:52.579000+00:00,2026-02-05 15:23:38.129000+00:00,,,,,,,,,,,,,,,,,,,,,1.0,"[20, 10]",20,ts2vec,250,f1,40,0.0005042952375728808,0.4996812193207757,5,,trial_20,LOCAL,/home/pborole/timeseries-classification/timeseries-classification/src/modeling/hpo.py,pborole,1cd039078f160584c3f8ef36c1573c14a9aaf802
2e3df61f709c4b3b996f1847d10974be,549259982933952719,FINISHED,file:///home/pborole/timeseries-classification/timeseries-classification/mlruns/549259982933952719/2e3df61f709c4b3b996f1847d10974be/artifacts,2026-02-05 15:20:34.726000+00:00,2026-02-05 15:20:52.544000+00:00,0.8603351955307262,0.8837209302325582,0.8382147838214784,13.0,0.9223300970873787,0.9264392324093816,0.9378387401189823,0.3541400174521867,0.9326520821405472,0.34865526405459674,0.925772921108742,0.8482142857142857,0.8938547486033519,32.0,0.9170305676855895,0.8974358974358975,0.38938176133143854,0.9375,,,,,,,,,,,,,26af358d54a8486aadbd6caf4a088f7a,trial_19_fold_3,LOCAL,/home/pborole/timeseries-classification/timeseries-classification/src/modeling/hpo.py,pborole,1cd039078f160584c3f8ef36c1573c14a9aaf802
9c77be2b86bd40dab8bd17f6a3ecb929,549259982933952719,FINISHED,file:///home/pborole/timeseries-classification/timeseries-classification/mlruns/549259982933952719/9c77be2b86bd40dab8bd17f6a3ecb929/artifacts,2026-02-05 15:20:05.124000+00:00,2026-02-05 15:20:34.714000+00:00,0.8212290502793296,0.8666666666666667,0.8814504881450488,31.0,0.8125,0.8514125799573561,0.8563958484467056,0.4862813851770076,0.8329954104824104,0.4761551093289306,0.8395522388059702,0.9285714285714286,0.8324022346368715,50.0,0.8728813559322034,0.8306451612903226,0.33688192709636156,0.9196428571428571,,,,,,,,,,,,,26af358d54a8486aadbd6caf4a088f7a,trial_19_fold_2,LOCAL,/home/pborole/timeseries-classification/timeseries-classification/src/modeling/hpo.py,pborole,1cd039078f160584c3f8ef36c1573c14a9aaf802
922d96fe1dc9472a94531b09f5231d08,549259982933952719,FINISHED,file:///home/pborole/timeseries-classification/timeseries-classification/mlruns/549259982933952719/922d96fe1dc9472a94531b09f5231d08/artifacts,2026-02-05 15:19:44.620000+00:00,2026-02-05 15:20:05.113000+00:00,0.8659217877094972,0.896551724137931,0.8563458856345886,17.0,0.8666666666666667,0.9348347547974414,0.9599737743415809,0.373239742727253,0.9429249504811036,0.33785631486823436,0.9149786780383795,0.9285714285714286,0.8659217877094972,36.0,0.8974358974358975,0.860655737704918,0.35917271231008874,0.9375,,,,,,,,,,,,,26af358d54a8486aadbd6caf4a088f7a,trial_19_fold_1,LOCAL,/home/pborole/timeseries-classification/timeseries-classification/src/modeling/hpo.py,pborole,1cd039078f160584c3f8ef36c1573c14a9aaf802
e089b5c6b2054f49ab031157f4653e49,549259982933952719,FINISHED,file:///home/pborole/timeseries-classification/timeseries-classification/mlruns/549259982933952719/e089b5c6b2054f49ab031157f4653e49/artifacts,2026-02-05 15:19:23.709000+00:00,2026-02-05 15:19:44.607000+00:00,0.8388888888888889,0.8744588744588745,0.8756983240223464,17.0,0.8487394957983193,0.8895745798319328,0.9028815866930646,0.4123223180572192,0.8774873278787703,0.39240481009085976,0.8725052521008403,0.9017857142857143,0.8444444444444444,36.0,0.8803418803418803,0.8442622950819673,0.32493979105070314,0.9196428571428571,,,,,,,,,,,,,26af358d54a8486aadbd6caf4a088f7a,trial_19_fold_0,LOCAL,/home/pborole/timeseries-classification/timeseries-classification/src/modeling/hpo.py,pborole,1cd039078f160584c3f8ef36c1573c14a9aaf802
26af358d54a8486aadbd6caf4a088f7a,549259982933952719,FAILED,file:///home/pborole/timeseries-classification/timeseries-classification/mlruns/549259982933952719/26af358d54a8486aadbd6caf4a088f7a/artifacts,2026-02-05 15:19:23.539000+00:00,2026-02-05 15:20:52.565000+00:00,,,,,,,,,,,,,,,,,,,,,1.0,"[20, 10]",20,ts2vec,250,f1,29,0.0014184029204839304,0.23205796451284322,5,,trial_19,LOCAL,/home/pborole/timeseries-classification/timeseries-classification/src/modeling/hpo.py,pborole,1cd039078f160584c3f8ef36c1573c14a9aaf802
1ac5dae349444c49a5a018e5034a5327,549259982933952719,FINISHED,file:///home/pborole/timeseries-classification/timeseries-classification/mlruns/549259982933952719/1ac5dae349444c49a5a018e5034a5327/artifacts,2026-02-05 15:19:02.409000+00:00,2026-02-05 15:19:23.480000+00:00,0.8212290502793296,0.8461538461538461,0.7642956764295676,18.0,0.9166666666666666,0.8897921108742004,0.919415720001575,0.4617635196480671,0.9253410315175462,0.47859132772717394,0.9088486140724946,0.7857142857142857,0.8715083798882681,37.0,0.9045643153526971,0.8449612403100775,0.4860483890963066,0.9732142857142857,,,,,,,,,,,,,2bd66b10b833448fa84d9f319ddc9c2c,trial_18_fold_4,LOCAL,/home/pborole/timeseries-classification/timeseries-classification/src/modeling/hpo.py,pborole,1cd039078f160584c3f8ef36c1573c14a9aaf802
1f9fd21ab799448d8c5510819d7446b6,549259982933952719,FINISHED,file:///home/pborole/timeseries-classification/timeseries-classification/mlruns/549259982933952719/1f9fd21ab799448d8c5510819d7446b6/artifacts,2026-02-05 15:18:32.308000+00:00,2026-02-05 15:19:02.399000+00:00,0.8659217877094972,0.8974358974358975,0.8647140864714087,30.0,0.860655737704918,0.9172441364605544,0.9365159842384311,0.33933747289234034,0.9341140700011363,0.36408529234998055,0.9179104477611939,0.9375,0.8938547486033519,49.0,0.9177489177489178,0.8907563025210085,0.363894436295395,0.9464285714285714,,,,,,,,,,,,,2bd66b10b833448fa84d9f319ddc9c2c,trial_18_fold_3,LOCAL,/home/pborole/timeseries-classification/timeseries-classification/src/modeling/hpo.py,pborole,1cd039078f160584c3f8ef36c1573c14a9aaf802
f636ae26510a477dab40b22331393d63,549259982933952719,FINISHED,file:///home/pborole/timeseries-classification/timeseries-classification/mlruns/549259982933952719/f636ae26510a477dab40b22331393d63/artifacts,2026-02-05 15:17:47.196000+00:00,2026-02-05 15:18:32.294000+00:00,0.8324022346368715,0.8706896551724138,0.8368200836820083,59.0,0.8416666666666667,0.8702025586353944,0.875896145559043,0.48205122934373396,0.8656490880955563,0.5089744965457383,0.8618736673773987,0.9017857142857143,0.8379888268156425,78.0,0.8755364806866953,0.8429752066115702,0.34452187524513556,0.9107142857142857,,,,,,,,,,,,,2bd66b10b833448fa84d9f319ddc9c2c,trial_18_fold_2,LOCAL,/home/pborole/timeseries-classification/timeseries-classification/src/modeling/hpo.py,pborole,1cd039078f160584c3f8ef36c1573c14a9aaf802
122cfc540e434eb6b5f612c12e0209f3,549259982933952719,FINISHED,file:///home/pborole/timeseries-classification/timeseries-classification/mlruns/549259982933952719/122cfc540e434eb6b5f612c12e0209f3/artifacts,2026-02-05 15:17:25.733000+00:00,2026-02-05 15:17:47.184000+00:00,0.8435754189944135,0.8782608695652174,0.8521617852161785,14.0,0.8559322033898306,0.9398987206823028,0.964523948462226,0.3577671769444503,0.9562048383867351,0.34362009084424494,0.9292377398720681,0.9017857142857143,0.8659217877094972,33.0,0.896551724137931,0.8666666666666667,0.39508171468931597,0.9285714285714286,,,,,,,,,,,,,2bd66b10b833448fa84d9f319ddc9c2c,trial_18_fold_1,LOCAL,/home/pborole/timeseries-classification/timeseries-classification/src/modeling/hpo.py,pborole,1cd039078f160584c3f8ef36c1573c14a9aaf802
3f1473f9f1f94df2871289521f14f228,549259982933952719,FINISHED,file:///home/pborole/timeseries-classification/timeseries-classification/mlruns/549259982933952719/3f1473f9f1f94df2871289521f14f228/artifacts,2026-02-05 15:16:47.379000+00:00,2026-02-05 15:17:25.722000+00:00,0.8333333333333334,0.8706896551724138,0.8756983240223464,42.0,0.8416666666666667,0.8704700630252101,0.8950276915462275,0.4101737439632416,0.8956354535613645,0.4326528252826797,0.8780199579831932,0.9017857142857143,0.8722222222222222,61.0,0.8977777777777778,0.8938053097345132,0.3520310714258162,0.9017857142857143,,,,,,,,,,,,,2bd66b10b833448fa84d9f319ddc9c2c,trial_18_fold_0,LOCAL,/home/pborole/timeseries-classification/timeseries-classification/src/modeling/hpo.py,pborole,1cd039078f160584c3f8ef36c1573c14a9aaf802
2bd66b10b833448fa84d9f319ddc9c2c,549259982933952719,FINISHED,file:///home/pborole/timeseries-classification/timeseries-classification/mlruns/549259982933952719/2bd66b10b833448fa84d9f319ddc9c2c/artifacts,2026-02-05 15:16:47.193000+00:00,2026-02-05 15:19:23.509000+00:00,,,,,,,,,,,,,,,,,,,0.8984358431408038,51.0,,"[20, 10]",20,ts2vec,250,f1,16,0.002861261945197449,0.30995168084723357,5,,trial_18,LOCAL,/home/pborole/timeseries-classification/timeseries-classification/src/modeling/hpo.py,pborole,1cd039078f160584c3f8ef36c1573c14a9aaf802
c52301459b734a9e9d6deb186d570afc,549259982933952719,FINISHED,file:///home/pborole/timeseries-classification/timeseries-classification/mlruns/549259982933952719/c52301459b734a9e9d6deb186d570afc/artifacts,2026-02-05 15:16:17.695000+00:00,2026-02-05 15:16:47.142000+00:00,0.888268156424581,0.9137931034482759,0.8019525801952581,32.0,0.8833333333333333,0.9248400852878464,0.9289164069700027,0.4201020776559521,0.9340072646752305,0.3490534132585845,0.9247068230277186,0.9464285714285714,0.8938547486033519,51.0,0.9170305676855895,0.8974358974358975,0.44020202169857264,0.9375,,,,,,,,,,,,,42830eb4d305465989482800995ae948,trial_17_fold_3,LOCAL,/home/pborole/timeseries-classification/timeseries-classification/src/modeling/hpo.py,pborole,1cd039078f160584c3f8ef36c1573c14a9aaf802
3ae59ffca63c46478d3841ed0ff1ccf1,549259982933952719,FINISHED,file:///home/pborole/timeseries-classification/timeseries-classification/mlruns/549259982933952719/3ae59ffca63c46478d3841ed0ff1ccf1/artifacts,2026-02-05 15:15:28.211000+00:00,2026-02-05 15:16:17.678000+00:00,0.8100558659217877,0.859504132231405,0.8535564853556485,60.0,0.8,0.8278251599147122,0.8142636511186125,0.4797568119770988,0.8028797404846795,0.47521511619317464,0.8184968017057569,0.9285714285714286,0.8212290502793296,79.0,0.8608695652173913,0.8389830508474576,0.40307884485651757,0.8839285714285714,,,,,,,,,,,,,42830eb4d305465989482800995ae948,trial_17_fold_2,LOCAL,/home/pborole/timeseries-classification/timeseries-classification/src/modeling/hpo.py,pborole,1cd039078f160584c3f8ef36c1573c14a9aaf802
107cfe9e8ddb47c0a3fab7b7319d073c,549259982933952719,FINISHED,file:///home/pborole/timeseries-classification/timeseries-classification/mlruns/549259982933952719/107cfe9e8ddb47c0a3fab7b7319d073c/artifacts,2026-02-05 15:15:01.689000+00:00,2026-02-05 15:15:28.191000+00:00,0.8491620111731844,0.8810572687224669,0.8326359832635983,26.0,0.8695652173913043,0.9144456289978679,0.942435134908434,0.47493748674845565,0.9168238047893079,0.3951730837202605,0.8936567164179104,0.8928571428571429,0.8659217877094972,45.0,0.9008264462809917,0.8384615384615385,0.4522028572888554,0.9732142857142857,,,,,,,,,,,,,42830eb4d305465989482800995ae948,trial_17_fold_1,LOCAL,/home/pborole/timeseries-classification/timeseries-classification/src/modeling/hpo.py,pborole,1cd039078f160584c3f8ef36c1573c14a9aaf802
47d8a6702de6495f9ded0af6a09e52e9,549259982933952719,FINISHED,file:///home/pborole/timeseries-classification/timeseries-classification/mlruns/549259982933952719/47d8a6702de6495f9ded0af6a09e52e9/artifacts,2026-02-05 15:14:09.492000+00:00,2026-02-05 15:15:01.677000+00:00,0.8277777777777777,0.8702928870292888,0.8505586592178771,66.0,0.8188976377952756,0.8809086134453781,0.8856452591500326,0.43379822572072346,0.8742467808803883,0.43244144320487976,0.8740808823529412,0.9285714285714286,0.8388888888888889,85.0,0.8765957446808511,0.8373983739837398,0.4324254346959418,0.9196428571428571,,,,,,,,,,,,,42830eb4d305465989482800995ae948,trial_17_fold_0,LOCAL,/home/pborole/timeseries-classification/timeseries-classification/src/modeling/hpo.py,pborole,1cd039078f160584c3f8ef36c1573c14a9aaf802
42830eb4d305465989482800995ae948,549259982933952719,FAILED,file:///home/pborole/timeseries-classification/timeseries-classification/mlruns/549259982933952719/42830eb4d305465989482800995ae948/artifacts,2026-02-05 15:14:09.322000+00:00,2026-02-05 15:16:47.160000+00:00,,,,,,,,,,,,,,,,,,,,,1.0,"[20, 10]",20,ts2vec,250,f1,24,0.00028635004499203873,0.3954178991106393,5,,trial_17,LOCAL,/home/pborole/timeseries-classification/timeseries-classification/src/modeling/hpo.py,pborole,1cd039078f160584c3f8ef36c1573c14a9aaf802
46bb3d6b79254fbf8ebc7b1532e9ded1,549259982933952719,FINISHED,file:///home/pborole/timeseries-classification/timeseries-classification/mlruns/549259982933952719/46bb3d6b79254fbf8ebc7b1532e9ded1/artifacts,2026-02-05 15:13:43.437000+00:00,2026-02-05 15:14:09.269000+00:00,0.8659217877094972,0.8983050847457628,0.8605299860529986,18.0,0.8548387096774194,0.9243070362473348,0.9295862013405731,0.34924203690203875,0.9186949059294099,0.330730710865399,0.9053837953091683,0.9464285714285714,0.888268156424581,37.0,0.9137931034482759,0.8833333333333333,0.36401437515992996,0.9464285714285714,,,,,,,,,,,,,a3502228249a4987b5956d0d49b2325e,trial_16_fold_4,LOCAL,/home/pborole/timeseries-classification/timeseries-classification/src/modeling/hpo.py,pborole,1cd039078f160584c3f8ef36c1573c14a9aaf802
4444f347775748c0a59577d9e53da962,549259982933952719,FINISHED,file:///home/pborole/timeseries-classification/timeseries-classification/mlruns/549259982933952719/4444f347775748c0a59577d9e53da962/artifacts,2026-02-05 15:13:20.952000+00:00,2026-02-05 15:13:43.425000+00:00,0.8770949720670391,0.9051724137931034,0.8521617852161785,16.0,0.875,0.9275053304904051,0.9364613641886621,0.40073788965214563,0.9366041244070926,0.3283368775298476,0.9305703624733475,0.9375,0.8994413407821229,35.0,0.9210526315789473,0.9051724137931034,0.3961581319695237,0.9375,,,,,,,,,,,,,a3502228249a4987b5956d0d49b2325e,trial_16_fold_3,LOCAL,/home/pborole/timeseries-classification/timeseries-classification/src/modeling/hpo.py,pborole,1cd039078f160584c3f8ef36c1573c14a9aaf802
388ea1061bba4e3fa7b91731c5a9f3c8,549259982933952719,FINISHED,file:///home/pborole/timeseries-classification/timeseries-classification/mlruns/549259982933952719/388ea1061bba4e3fa7b91731c5a9f3c8/artifacts,2026-02-05 15:12:34.425000+00:00,2026-02-05 15:13:20.934000+00:00,0.8044692737430168,0.8387096774193549,0.8926080892608089,48.0,0.8666666666666667,0.857409381663113,0.867015761512677,0.47529467773837086,0.8503965844218258,0.4915955574485843,0.8498134328358209,0.8125,0.8379888268156425,67.0,0.8744588744588745,0.8487394957983193,0.2981217333026012,0.9017857142857143,,,,,,,,,,,,,a3502228249a4987b5956d0d49b2325e,trial_16_fold_2,LOCAL,/home/pborole/timeseries-classification/timeseries-classification/src/modeling/hpo.py,pborole,1cd039078f160584c3f8ef36c1573c14a9aaf802
cffd7de3c5fb4f1f932f842a93763429,549259982933952719,FINISHED,file:///home/pborole/timeseries-classification/timeseries-classification/mlruns/549259982933952719/cffd7de3c5fb4f1f932f842a93763429/artifacts,2026-02-05 15:12:14.940000+00:00,2026-02-05 15:12:34.415000+00:00,0.8547486033519553,0.8869565217391304,0.8577405857740585,11.0,0.864406779661017,0.9356343283582089,0.9601896184634974,0.3880143731666011,0.9403157873038515,0.3385434253921722,0.9131130063965885,0.9107142857142857,0.8659217877094972,30.0,0.8983050847457628,0.8548387096774194,0.3780978591372278,0.9464285714285714,,,,,,,,,,,,,a3502228249a4987b5956d0d49b2325e,trial_16_fold_1,LOCAL,/home/pborole/timeseries-classification/timeseries-classification/src/modeling/hpo.py,pborole,1cd039078f160584c3f8ef36c1573c14a9aaf802
859dab171c674c12b62b13faa9b62dd5,549259982933952719,FINISHED,file:///home/pborole/timeseries-classification/timeseries-classification/mlruns/549259982933952719/859dab171c674c12b62b13faa9b62dd5/artifacts,2026-02-05 15:11:33.665000+00:00,2026-02-05 15:12:14.929000+00:00,0.8388888888888889,0.8755364806866953,0.8924581005586593,40.0,0.8429752066115702,0.8945640756302521,0.906753379311547,0.3850982218980789,0.8993071927246616,0.4024632930755615,0.8903623949579832,0.9107142857142857,0.8555555555555555,59.0,0.8879310344827587,0.8583333333333333,0.31204964963500725,0.9196428571428571,,,,,,,,,,,,,a3502228249a4987b5956d0d49b2325e,trial_16_fold_0,LOCAL,/home/pborole/timeseries-classification/timeseries-classification/src/modeling/hpo.py,pborole,1cd039078f160584c3f8ef36c1573c14a9aaf802
a3502228249a4987b5956d0d49b2325e,549259982933952719,FINISHED,file:///home/pborole/timeseries-classification/timeseries-classification/mlruns/549259982933952719/a3502228249a4987b5956d0d49b2325e/artifacts,2026-02-05 15:11:33.509000+00:00,2026-02-05 15:14:09.296000+00:00,,,,,,,,,,,,,,,,,,,0.8991081457429239,45.0,,"[20, 10]",20,ts2vec,250,f1,18,0.0008661025596666058,0.25603422293575595,5,,trial_16,LOCAL,/home/pborole/timeseries-classification/timeseries-classification/src/modeling/hpo.py,pborole,1cd039078f160584c3f8ef36c1573c14a9aaf802
54d9c2a46d9843dcbbf5da3fdeed9c67,549259982933952719,FINISHED,file:///home/pborole/timeseries-classification/timeseries-classification/mlruns/549259982933952719/54d9c2a46d9843dcbbf5da3fdeed9c67/artifacts,2026-02-05 15:11:15.974000+00:00,2026-02-05 15:11:33.421000+00:00,0.8715083798882681,0.9029535864978903,0.8591352859135286,9.0,0.856,0.9225746268656717,0.9267645858035997,0.35445245442776707,0.9249386212670475,0.34440856366600403,0.9116471215351812,0.9553571428571429,0.888268156424581,28.0,0.9130434782608695,0.8898305084745762,0.3575436838875256,0.9375,,,,,,,,,,,,,d9506084dcba43dd8574c2a3cd4a6bef,trial_15_fold_4,LOCAL,/home/pborole/timeseries-classification/timeseries-classification/src/modeling/hpo.py,pborole,1cd039078f160584c3f8ef36c1573c14a9aaf802
a47c31c6e50c4f2b9c3d74e653930854,549259982933952719,FINISHED,file:///home/pborole/timeseries-classification/timeseries-classification/mlruns/549259982933952719/a47c31c6e50c4f2b9c3d74e653930854/artifacts,2026-02-05 15:10:51.617000+00:00,2026-02-05 15:11:15.963000+00:00,0.88268156424581,0.9082969432314411,0.8158995815899581,26.0,0.8888888888888888,0.9245735607675906,0.940666567963639,0.3147470594784401,0.9379004191978743,0.32813354452562066,0.9261727078891258,0.9285714285714286,0.8938547486033519,45.0,0.9177489177489178,0.8907563025210085,0.41155307520716095,0.9464285714285714,,,,,,,,,,,,,d9506084dcba43dd8574c2a3cd4a6bef,trial_15_fold_3,LOCAL,/home/pborole/timeseries-classification/timeseries-classification/src/modeling/hpo.py,pborole,1cd039078f160584c3f8ef36c1573c14a9aaf802
c436ebd6c1374e0eaa2a75c35c0efe5d,549259982933952719,FINISHED,file:///home/pborole/timeseries-classification/timeseries-classification/mlruns/549259982933952719/c436ebd6c1374e0eaa2a75c35c0efe5d/artifacts,2026-02-05 15:10:12.106000+00:00,2026-02-05 15:10:51.604000+00:00,0.8156424581005587,0.8630705394190872,0.8870292887029289,46.0,0.8062015503875969,0.8546775053304904,0.8624280902448348,0.5114209906681956,0.8536545517241252,0.5331074542173461,0.8470815565031983,0.9285714285714286,0.8547486033519553,65.0,0.8888888888888888,0.8524590163934426,0.31165119136892766,0.9285714285714286,,,,,,,,,,,,,d9506084dcba43dd8574c2a3cd4a6bef,trial_15_fold_2,LOCAL,/home/pborole/timeseries-classification/timeseries-classification/src/modeling/hpo.py,pborole,1cd039078f160584c3f8ef36c1573c14a9aaf802
ac261ab3217a4d55951c51c9f1c242d8,549259982933952719,FINISHED,file:///home/pborole/timeseries-classification/timeseries-classification/mlruns/549259982933952719/ac261ab3217a4d55951c51c9f1c242d8/artifacts,2026-02-05 15:09:49.473000+00:00,2026-02-05 15:10:12.096000+00:00,0.8603351955307262,0.8936170212765957,0.8577405857740585,17.0,0.8536585365853658,0.9273720682302773,0.9576843818672337,0.35278095862718933,0.9614624999995821,0.36502163744838545,0.9364339019189766,0.9375,0.8603351955307262,36.0,0.8962655601659751,0.8372093023255814,0.36700546874494566,0.9642857142857143,,,,,,,,,,,,,d9506084dcba43dd8574c2a3cd4a6bef,trial_15_fold_1,LOCAL,/home/pborole/timeseries-classification/timeseries-classification/src/modeling/hpo.py,pborole,1cd039078f160584c3f8ef36c1573c14a9aaf802
ce4b5fb5f8e04c22b4bc2e02c56c2eeb,549259982933952719,FINISHED,file:///home/pborole/timeseries-classification/timeseries-classification/mlruns/549259982933952719/ce4b5fb5f8e04c22b4bc2e02c56c2eeb/artifacts,2026-02-05 15:09:10.753000+00:00,2026-02-05 15:09:49.463000+00:00,0.8444444444444444,0.8823529411764706,0.8896648044692738,46.0,0.8333333333333334,0.8965336134453782,0.9125196908767792,0.391949216193623,0.9100362533040162,0.4725174482083983,0.8969275210084033,0.9375,0.8611111111111112,65.0,0.8917748917748918,0.865546218487395,0.29175508305347164,0.9196428571428571,,,,,,,,,,,,,d9506084dcba43dd8574c2a3cd4a6bef,trial_15_fold_0,LOCAL,/home/pborole/timeseries-classification/timeseries-classification/src/modeling/hpo.py,pborole,1cd039078f160584c3f8ef36c1573c14a9aaf802
d9506084dcba43dd8574c2a3cd4a6bef,549259982933952719,FINISHED,file:///home/pborole/timeseries-classification/timeseries-classification/mlruns/549259982933952719/d9506084dcba43dd8574c2a3cd4a6bef/artifacts,2026-02-05 15:09:10.601000+00:00,2026-02-05 15:11:33.463000+00:00,,,,,,,,,,,,,,,,,,,0.9015443473679087,47.0,,"[20, 10]",20,ts2vec,250,f1,16,0.0028830214491266434,0.25202878701697345,5,,trial_15,LOCAL,/home/pborole/timeseries-classification/timeseries-classification/src/modeling/hpo.py,pborole,1cd039078f160584c3f8ef36c1573c14a9aaf802
b5a9bfa0daec4a07913dbd8623f2078c,549259982933952719,FINISHED,file:///home/pborole/timeseries-classification/timeseries-classification/mlruns/549259982933952719/b5a9bfa0daec4a07913dbd8623f2078c/artifacts,2026-02-05 15:08:22.120000+00:00,2026-02-05 15:09:10.564000+00:00,0.8938547486033519,0.9170305676855895,0.8563458856345886,55.0,0.8974358974358975,0.9247068230277186,0.9276369030449519,0.3291468754327497,0.9227085689029844,0.31975713655269344,0.9243070362473347,0.9375,0.8938547486033519,74.0,0.9177489177489178,0.8907563025210085,0.37012859256197717,0.9464285714285714,,,,,,,,,,,,,b8269315db6445d28f04aa2b54a2aa1c,trial_14_fold_3,LOCAL,/home/pborole/timeseries-classification/timeseries-classification/src/modeling/hpo.py,pborole,1cd039078f160584c3f8ef36c1573c14a9aaf802
c6a7decfd3564d98a9795d5e1692924b,549259982933952719,FINISHED,file:///home/pborole/timeseries-classification/timeseries-classification/mlruns/549259982933952719/c6a7decfd3564d98a9795d5e1692924b/artifacts,2026-02-05 15:07:51.594000+00:00,2026-02-05 15:08:22.110000+00:00,0.7988826815642458,0.8524590163934426,0.8493723849372385,29.0,0.7878787878787878,0.824227078891258,0.8140937042996208,0.536318763507811,0.7924626021623735,0.5041096060635657,0.8085021321961621,0.9285714285714286,0.8156424581005587,48.0,0.8595744680851064,0.8211382113821138,0.38000887844353043,0.9017857142857143,,,,,,,,,,,,,b8269315db6445d28f04aa2b54a2aa1c,trial_14_fold_2,LOCAL,/home/pborole/timeseries-classification/timeseries-classification/src/modeling/hpo.py,pborole,1cd039078f160584c3f8ef36c1573c14a9aaf802
3b1c82fe442d4de587de340e2797eb97,549259982933952719,FINISHED,file:///home/pborole/timeseries-classification/timeseries-classification/mlruns/549259982933952719/3b1c82fe442d4de587de340e2797eb97/artifacts,2026-02-05 15:07:26.911000+00:00,2026-02-05 15:07:51.583000+00:00,0.8379888268156425,0.8722466960352423,0.8256624825662483,22.0,0.8608695652173913,0.9115138592750532,0.9387503079763517,0.4689454254824356,0.9137360004647923,0.38712281737913634,0.8909914712153518,0.8839285714285714,0.8659217877094972,41.0,0.9008264462809917,0.8384615384615385,0.4220262111230874,0.9732142857142857,,,,,,,,,,,,,b8269315db6445d28f04aa2b54a2aa1c,trial_14_fold_1,LOCAL,/home/pborole/timeseries-classification/timeseries-classification/src/modeling/hpo.py,pborole,1cd039078f160584c3f8ef36c1573c14a9aaf802
57082ff4f00f4463bad1411c63a4859f,549259982933952719,FINISHED,file:///home/pborole/timeseries-classification/timeseries-classification/mlruns/549259982933952719/57082ff4f00f4463bad1411c63a4859f/artifacts,2026-02-05 15:06:29.773000+00:00,2026-02-05 15:07:26.901000+00:00,0.8333333333333334,0.8739495798319328,0.8729050279329609,67.0,0.8253968253968254,0.8900997899159664,0.8942035571438807,0.3891356701652209,0.8811398763884553,0.397085157285134,0.8819590336134454,0.9285714285714286,0.85,86.0,0.8841201716738197,0.8512396694214877,0.32685385417588597,0.9196428571428571,,,,,,,,,,,,,b8269315db6445d28f04aa2b54a2aa1c,trial_14_fold_0,LOCAL,/home/pborole/timeseries-classification/timeseries-classification/src/modeling/hpo.py,pborole,1cd039078f160584c3f8ef36c1573c14a9aaf802
b8269315db6445d28f04aa2b54a2aa1c,549259982933952719,FAILED,file:///home/pborole/timeseries-classification/timeseries-classification/mlruns/549259982933952719/b8269315db6445d28f04aa2b54a2aa1c/artifacts,2026-02-05 15:06:29.592000+00:00,2026-02-05 15:09:10.581000+00:00,,,,,,,,,,,,,,,,,,,,,1.0,"[20, 10]",20,ts2vec,250,f1,33,0.0002865939262449999,0.1429271542225496,5,,trial_14,LOCAL,/home/pborole/timeseries-classification/timeseries-classification/src/modeling/hpo.py,pborole,1cd039078f160584c3f8ef36c1573c14a9aaf802
124cf4a6597a4ab9b83228f169497a08,549259982933952719,FINISHED,file:///home/pborole/timeseries-classification/timeseries-classification/mlruns/549259982933952719/124cf4a6597a4ab9b83228f169497a08/artifacts,2026-02-05 15:06:10.450000+00:00,2026-02-05 15:06:29.526000+00:00,0.8715083798882681,0.8986784140969163,0.8312412831241283,14.0,0.8869565217391304,0.9176439232409381,0.9208910642402715,0.3513825497480744,0.9157512903902054,0.33680119993966384,0.9009861407249466,0.9107142857142857,0.88268156424581,33.0,0.9098712446351931,0.8760330578512396,0.38606810183205864,0.9464285714285714,,,,,,,,,,,,,4d72a98342964960a0fc0386c161c615,trial_13_fold_4,LOCAL,/home/pborole/timeseries-classification/timeseries-classification/src/modeling/hpo.py,pborole,1cd039078f160584c3f8ef36c1573c14a9aaf802
9498175d69f4410d9b98f3bccac71a1d,549259982933952719,FINISHED,file:///home/pborole/timeseries-classification/timeseries-classification/mlruns/549259982933952719/9498175d69f4410d9b98f3bccac71a1d/artifacts,2026-02-05 15:05:47.597000+00:00,2026-02-05 15:06:10.424000+00:00,0.8212290502793296,0.8461538461538461,0.8186889818688982,24.0,0.9166666666666666,0.9065831556503199,0.9338947738182634,0.3831511155686565,0.9335891143724829,0.4202150004869067,0.9125799573560768,0.7857142857142857,0.8938547486033519,43.0,0.9177489177489178,0.8907563025210085,0.42336603030666314,0.9464285714285714,,,,,,,,,,,,,4d72a98342964960a0fc0386c161c615,trial_13_fold_3,LOCAL,/home/pborole/timeseries-classification/timeseries-classification/src/modeling/hpo.py,pborole,1cd039078f160584c3f8ef36c1573c14a9aaf802
c951f73f80c7458a9b8f33ae36cf81f0,549259982933952719,FINISHED,file:///home/pborole/timeseries-classification/timeseries-classification/mlruns/549259982933952719/c951f73f80c7458a9b8f33ae36cf81f0/artifacts,2026-02-05 15:05:27.521000+00:00,2026-02-05 15:05:47.584000+00:00,0.8044692737430168,0.8416289592760181,0.8284518828451883,17.0,0.8532110091743119,0.841751066098081,0.8274227757674255,0.4846637908306868,0.8348740365190956,0.5471338879462727,0.8408848614072495,0.8303571428571429,0.8379888268156425,36.0,0.8755364806866953,0.8429752066115702,0.3878396568687391,0.9107142857142857,,,,,,,,,,,,,4d72a98342964960a0fc0386c161c615,trial_13_fold_2,LOCAL,/home/pborole/timeseries-classification/timeseries-classification/src/modeling/hpo.py,pborole,1cd039078f160584c3f8ef36c1573c14a9aaf802
879486a6019f44869ceeb9536a5a2e84,549259982933952719,FINISHED,file:///home/pborole/timeseries-classification/timeseries-classification/mlruns/549259982933952719/879486a6019f44869ceeb9536a5a2e84/artifacts,2026-02-05 15:05:01.476000+00:00,2026-02-05 15:05:27.509000+00:00,0.8603351955307262,0.8878923766816144,0.8340306834030683,31.0,0.8918918918918919,0.9468283582089552,0.9687344758966255,0.3197223564099999,0.9663268508101513,0.33403482550349317,0.9428304904051172,0.8839285714285714,0.8659217877094972,50.0,0.8956521739130435,0.8728813559322034,0.3854727703075196,0.9196428571428571,,,,,,,,,,,,,4d72a98342964960a0fc0386c161c615,trial_13_fold_1,LOCAL,/home/pborole/timeseries-classification/timeseries-classification/src/modeling/hpo.py,pborole,1cd039078f160584c3f8ef36c1573c14a9aaf802
b335ba587d3143b196db70b41aa9bffc,549259982933952719,FINISHED,file:///home/pborole/timeseries-classification/timeseries-classification/mlruns/549259982933952719/b335ba587d3143b196db70b41aa9bffc/artifacts,2026-02-05 15:04:38.474000+00:00,2026-02-05 15:05:01.464000+00:00,0.8166666666666667,0.8674698795180723,0.8421787709497207,26.0,0.7883211678832117,0.8839285714285714,0.8959641633941364,0.3938588003317515,0.9008193418701025,0.4366370704438951,0.8883928571428571,0.9642857142857143,0.8666666666666667,45.0,0.8918918918918919,0.9,0.3893342630823231,0.8839285714285714,,,,,,,,,,,,,4d72a98342964960a0fc0386c161c615,trial_13_fold_0,LOCAL,/home/pborole/timeseries-classification/timeseries-classification/src/modeling/hpo.py,pborole,1cd039078f160584c3f8ef36c1573c14a9aaf802
4d72a98342964960a0fc0386c161c615,549259982933952719,FINISHED,file:///home/pborole/timeseries-classification/timeseries-classification/mlruns/549259982933952719/4d72a98342964960a0fc0386c161c615/artifacts,2026-02-05 15:04:38.303000+00:00,2026-02-05 15:06:29.557000+00:00,,,,,,,,,,,,,,,,,,,0.8981401417751483,41.0,,"[20, 10]",20,ts2vec,250,f1,80,0.009719755484779342,0.3175585671392509,5,,trial_13,LOCAL,/home/pborole/timeseries-classification/timeseries-classification/src/modeling/hpo.py,pborole,1cd039078f160584c3f8ef36c1573c14a9aaf802
d6d32c992851469f9e583b6beff62054,549259982933952719,FINISHED,file:///home/pborole/timeseries-classification/timeseries-classification/mlruns/549259982933952719/d6d32c992851469f9e583b6beff62054/artifacts,2026-02-05 15:04:16.337000+00:00,2026-02-05 15:04:38.254000+00:00,0.88268156424581,0.9082969432314411,0.8591352859135286,21.0,0.8888888888888888,0.9145788912579957,0.9236066003600456,0.380211618193035,0.9009267557463867,0.33686762681886473,0.8873933901918977,0.9285714285714286,0.88268156424581,40.0,0.9090909090909091,0.8823529411764706,0.37303745551255624,0.9375,,,,,,,,,,,,,5f27f08f7da84759a2ce46c5360aca17,trial_12_fold_4,LOCAL,/home/pborole/timeseries-classification/timeseries-classification/src/modeling/hpo.py,pborole,1cd039078f160584c3f8ef36c1573c14a9aaf802
72e537d68a7448809961740859291d48,549259982933952719,FINISHED,file:///home/pborole/timeseries-classification/timeseries-classification/mlruns/549259982933952719/72e537d68a7448809961740859291d48/artifacts,2026-02-05 15:03:55.411000+00:00,2026-02-05 15:04:16.326000+00:00,0.888268156424581,0.9122807017543859,0.8451882845188284,19.0,0.896551724137931,0.9256396588486141,0.9296522366544798,0.40144492644171476,0.9330192166932045,0.33453088682457055,0.9271055437100214,0.9285714285714286,0.8938547486033519,38.0,0.9162995594713657,0.9043478260869565,0.38294811370149984,0.9285714285714286,,,,,,,,,,,,,5f27f08f7da84759a2ce46c5360aca17,trial_12_fold_3,LOCAL,/home/pborole/timeseries-classification/timeseries-classification/src/modeling/hpo.py,pborole,1cd039078f160584c3f8ef36c1573c14a9aaf802
e648635c68d94942a0240a33b811d831,549259982933952719,FINISHED,file:///home/pborole/timeseries-classification/timeseries-classification/mlruns/549259982933952719/e648635c68d94942a0240a33b811d831/artifacts,2026-02-05 15:03:19.734000+00:00,2026-02-05 15:03:55.399000+00:00,0.8324022346368715,0.8695652173913043,0.8884239888423989,50.0,0.847457627118644,0.855410447761194,0.8579585185596581,0.45720306122103216,0.8604210855293617,0.4863203187894555,0.8543443496801706,0.8928571428571429,0.8379888268156425,69.0,0.8744588744588745,0.8487394957983193,0.2828937517466073,0.9017857142857143,,,,,,,,,,,,,5f27f08f7da84759a2ce46c5360aca17,trial_12_fold_2,LOCAL,/home/pborole/timeseries-classification/timeseries-classification/src/modeling/hpo.py,pborole,1cd039078f160584c3f8ef36c1573c14a9aaf802
1cb635337b4f480fb1cd52a748d4ccec,549259982933952719,FINISHED,file:///home/pborole/timeseries-classification/timeseries-classification/mlruns/549259982933952719/1cb635337b4f480fb1cd52a748d4ccec/artifacts,2026-02-05 15:02:59.060000+00:00,2026-02-05 15:03:19.722000+00:00,0.8547486033519553,0.8879310344827587,0.8661087866108786,21.0,0.8583333333333333,0.9308368869936035,0.9563514905588292,0.3670680058402056,0.942285740469988,0.34368499647305667,0.914045842217484,0.9196428571428571,0.8715083798882681,40.0,0.902127659574468,0.8617886178861789,0.38499785704094,0.9464285714285714,,,,,,,,,,,,,5f27f08f7da84759a2ce46c5360aca17,trial_12_fold_1,LOCAL,/home/pborole/timeseries-classification/timeseries-classification/src/modeling/hpo.py,pborole,1cd039078f160584c3f8ef36c1573c14a9aaf802
0a2d7f7f49ab4fd893cd36e79ff2b28b,549259982933952719,FINISHED,file:///home/pborole/timeseries-classification/timeseries-classification/mlruns/549259982933952719/0a2d7f7f49ab4fd893cd36e79ff2b28b/artifacts,2026-02-05 15:02:23.525000+00:00,2026-02-05 15:02:59.048000+00:00,0.8277777777777777,0.8669527896995708,0.8868715083798883,50.0,0.8347107438016529,0.8911502100840336,0.9019176093304246,0.39416289660665726,0.89007185527077,0.40527287787861294,0.884453781512605,0.9017857142857143,0.8555555555555555,69.0,0.8859649122807017,0.8706896551724138,0.29706184224709453,0.9017857142857143,,,,,,,,,,,,,5f27f08f7da84759a2ce46c5360aca17,trial_12_fold_0,LOCAL,/home/pborole/timeseries-classification/timeseries-classification/src/modeling/hpo.py,pborole,1cd039078f160584c3f8ef36c1573c14a9aaf802
5f27f08f7da84759a2ce46c5360aca17,549259982933952719,FINISHED,file:///home/pborole/timeseries-classification/timeseries-classification/mlruns/549259982933952719/5f27f08f7da84759a2ce46c5360aca17/artifacts,2026-02-05 15:02:23.361000+00:00,2026-02-05 15:04:38.286000+00:00,,,,,,,,,,,,,,,,,,,0.8975883829752638,51.0,,"[20, 10]",20,ts2vec,250,f1,100,0.0021718033840903753,0.14421271676748135,5,,trial_12,LOCAL,/home/pborole/timeseries-classification/timeseries-classification/src/modeling/hpo.py,pborole,1cd039078f160584c3f8ef36c1573c14a9aaf802
43075680377d47d5a8b52388df611bda,549259982933952719,FINISHED,file:///home/pborole/timeseries-classification/timeseries-classification/mlruns/549259982933952719/43075680377d47d5a8b52388df611bda/artifacts,2026-02-05 15:02:05.674000+00:00,2026-02-05 15:02:23.316000+00:00,0.8715083798882681,0.8986784140969163,0.8647140864714087,10.0,0.8869565217391304,0.9225746268656716,0.92656071519905,0.39090169724805396,0.9215687695118366,0.3457657626554287,0.9093816631130064,0.9107142857142857,0.88268156424581,29.0,0.9106382978723404,0.8699186991869918,0.33640967207639955,0.9553571428571429,,,,,,,,,,,,,4444fb2d1c3f4bb9978709083051c248,trial_11_fold_4,LOCAL,/home/pborole/timeseries-classification/timeseries-classification/src/modeling/hpo.py,pborole,1cd039078f160584c3f8ef36c1573c14a9aaf802
c6384243401d4820aaee67c89fee6578,549259982933952719,FINISHED,file:///home/pborole/timeseries-classification/timeseries-classification/mlruns/549259982933952719/c6384243401d4820aaee67c89fee6578/artifacts,2026-02-05 15:01:40.428000+00:00,2026-02-05 15:02:05.661000+00:00,0.8435754189944135,0.8691588785046729,0.8716875871687587,27.0,0.9117647058823529,0.9176439232409381,0.937468686463788,0.35910251270459354,0.9349576210725756,0.3783956609624724,0.9181769722814499,0.8303571428571429,0.8938547486033519,46.0,0.9177489177489178,0.8907563025210085,0.3444016315822322,0.9464285714285714,,,,,,,,,,,,,4444fb2d1c3f4bb9978709083051c248,trial_11_fold_3,LOCAL,/home/pborole/timeseries-classification/timeseries-classification/src/modeling/hpo.py,pborole,1cd039078f160584c3f8ef36c1573c14a9aaf802
c16793dcf9894c9cb535bb8080354250,549259982933952719,FINISHED,file:///home/pborole/timeseries-classification/timeseries-classification/mlruns/549259982933952719/c16793dcf9894c9cb535bb8080354250/artifacts,2026-02-05 15:00:53.248000+00:00,2026-02-05 15:01:40.416000+00:00,0.8100558659217877,0.8521739130434782,0.8688981868898187,63.0,0.8305084745762712,0.8570095948827292,0.8601169899115229,0.6421727731241195,0.8665938312494246,0.7317282587456304,0.8537446695095949,0.875,0.8491620111731844,82.0,0.8841201716738197,0.8512396694214877,0.30160611508364793,0.9196428571428571,,,,,,,,,,,,,4444fb2d1c3f4bb9978709083051c248,trial_11_fold_2,LOCAL,/home/pborole/timeseries-classification/timeseries-classification/src/modeling/hpo.py,pborole,1cd039078f160584c3f8ef36c1573c14a9aaf802
495ed6632d1b47cca6fe949884a543ed,549259982933952719,FINISHED,file:///home/pborole/timeseries-classification/timeseries-classification/mlruns/549259982933952719/495ed6632d1b47cca6fe949884a543ed/artifacts,2026-02-05 15:00:36.081000+00:00,2026-02-05 15:00:53.236000+00:00,0.8491620111731844,0.8860759493670886,0.8549511854951185,13.0,0.84,0.9406982942430703,0.9647768882267613,0.3547142547602094,0.945351871134793,0.33905272760204763,0.917910447761194,0.9375,0.8659217877094972,32.0,0.8983050847457628,0.8548387096774194,0.36202698950155676,0.9464285714285714,,,,,,,,,,,,,4444fb2d1c3f4bb9978709083051c248,trial_11_fold_1,LOCAL,/home/pborole/timeseries-classification/timeseries-classification/src/modeling/hpo.py,pborole,1cd039078f160584c3f8ef36c1573c14a9aaf802
6cc231e26be94cdbabffc4627fde6df9,549259982933952719,FINISHED,file:///home/pborole/timeseries-classification/timeseries-classification/mlruns/549259982933952719/6cc231e26be94cdbabffc4627fde6df9/artifacts,2026-02-05 15:00:15.886000+00:00,2026-02-05 15:00:36.070000+00:00,0.8555555555555555,0.8879310344827587,0.8701117318435754,19.0,0.8583333333333333,0.8973214285714286,0.9075975708535173,0.41115401354100967,0.8997349918418234,0.3847177674372991,0.8903623949579832,0.9196428571428571,0.8666666666666667,38.0,0.8909090909090909,0.9074074074074074,0.31172750804927096,0.875,,,,,,,,,,,,,4444fb2d1c3f4bb9978709083051c248,trial_11_fold_0,LOCAL,/home/pborole/timeseries-classification/timeseries-classification/src/modeling/hpo.py,pborole,1cd039078f160584c3f8ef36c1573c14a9aaf802
4444fb2d1c3f4bb9978709083051c248,549259982933952719,FINISHED,file:///home/pborole/timeseries-classification/timeseries-classification/mlruns/549259982933952719/4444fb2d1c3f4bb9978709083051c248/artifacts,2026-02-05 15:00:15.692000+00:00,2026-02-05 15:02:23.346000+00:00,,,,,,,,,,,,,,,,,,,0.9003443125899864,45.0,,"[20, 10]",20,ts2vec,250,f1,85,0.009336898139653308,0.17342544570331092,5,,trial_11,LOCAL,/home/pborole/timeseries-classification/timeseries-classification/src/modeling/hpo.py,pborole,1cd039078f160584c3f8ef36c1573c14a9aaf802
f6be0f2ba1a440539d67ab8b6f6aa435,549259982933952719,FINISHED,file:///home/pborole/timeseries-classification/timeseries-classification/mlruns/549259982933952719/f6be0f2ba1a440539d67ab8b6f6aa435/artifacts,2026-02-05 14:59:39.565000+00:00,2026-02-05 15:00:15.617000+00:00,0.8770949720670391,0.9035087719298246,0.8479776847977685,49.0,0.8879310344827587,0.9128464818763327,0.9146056937613609,0.33876370717693305,0.9239941908868639,0.3415574011023484,0.9187100213219617,0.9196428571428571,0.888268156424581,68.0,0.9130434782608695,0.8898305084745762,0.3983501436778525,0.9375,,,,,,,,,,,,,df67011af7cd44449dc0513cbdc82b5d,trial_10_fold_4,LOCAL,/home/pborole/timeseries-classification/timeseries-classification/src/modeling/hpo.py,pborole,1cd039078f160584c3f8ef36c1573c14a9aaf802
cd6f44ad449248e0aaab7fc5d263d3b4,549259982933952719,FINISHED,file:///home/pborole/timeseries-classification/timeseries-classification/mlruns/549259982933952719/cd6f44ad449248e0aaab7fc5d263d3b4/artifacts,2026-02-05 14:59:16.857000+00:00,2026-02-05 14:59:39.551000+00:00,0.888268156424581,0.9130434782608695,0.793584379358438,20.0,0.8898305084745762,0.9275053304904051,0.9344227000207262,0.3705571377077582,0.9334759664152531,0.33592398389757677,0.928038379530917,0.9375,0.8994413407821229,39.0,0.9210526315789473,0.9051724137931034,0.4524514833088533,0.9375,,,,,,,,,,,,,df67011af7cd44449dc0513cbdc82b5d,trial_10_fold_3,LOCAL,/home/pborole/timeseries-classification/timeseries-classification/src/modeling/hpo.py,pborole,1cd039078f160584c3f8ef36c1573c14a9aaf802
5c8496a22de84ccdae0dccde509eeaed,549259982933952719,FINISHED,file:///home/pborole/timeseries-classification/timeseries-classification/mlruns/549259982933952719/5c8496a22de84ccdae0dccde509eeaed/artifacts,2026-02-05 14:58:46.223000+00:00,2026-02-05 14:59:16.829000+00:00,0.7988826815642458,0.8536585365853658,0.8451882845188284,34.0,0.7835820895522388,0.8311567164179104,0.8228854264051289,0.5245036158148803,0.81757896762037,0.573718180786298,0.8258262260127932,0.9375,0.8268156424581006,53.0,0.8702928870292888,0.8188976377952756,0.42458589460227947,0.9285714285714286,,,,,,,,,,,,,df67011af7cd44449dc0513cbdc82b5d,trial_10_fold_2,LOCAL,/home/pborole/timeseries-classification/timeseries-classification/src/modeling/hpo.py,pborole,1cd039078f160584c3f8ef36c1573c14a9aaf802
200de47514494989b55eb481e2f4f9d1,549259982933952719,FINISHED,file:///home/pborole/timeseries-classification/timeseries-classification/mlruns/549259982933952719/200de47514494989b55eb481e2f4f9d1/artifacts,2026-02-05 14:58:28.715000+00:00,2026-02-05 14:58:46.211000+00:00,0.8491620111731844,0.8879668049792531,0.8186889818688982,13.0,0.8294573643410853,0.9297707889125799,0.9561514985972324,0.49107580577861,0.9182083844364385,0.3725287898459248,0.8955223880597014,0.9553571428571429,0.8659217877094972,32.0,0.8991596638655462,0.8492063492063492,0.4570475170801873,0.9553571428571429,,,,,,,,,,,,,df67011af7cd44449dc0513cbdc82b5d,trial_10_fold_1,LOCAL,/home/pborole/timeseries-classification/timeseries-classification/src/modeling/hpo.py,pborole,1cd039078f160584c3f8ef36c1573c14a9aaf802
6c1cfafb10e84047bb729d3694276d43,549259982933952719,FINISHED,file:///home/pborole/timeseries-classification/timeseries-classification/mlruns/549259982933952719/6c1cfafb10e84047bb729d3694276d43/artifacts,2026-02-05 14:58:09.899000+00:00,2026-02-05 14:58:28.704000+00:00,0.7888888888888889,0.8538461538461538,0.8156424581005587,16.0,0.75,0.876313025210084,0.8807591083635055,0.5103756792015499,0.8766232315534134,0.5078372405634985,0.8725052521008403,0.9910714285714286,0.85,35.0,0.8831168831168831,0.8571428571428571,0.4572819577706926,0.9107142857142857,,,,,,,,,,,,,df67011af7cd44449dc0513cbdc82b5d,trial_10_fold_0,LOCAL,/home/pborole/timeseries-classification/timeseries-classification/src/modeling/hpo.py,pborole,1cd039078f160584c3f8ef36c1573c14a9aaf802
df67011af7cd44449dc0513cbdc82b5d,549259982933952719,FINISHED,file:///home/pborole/timeseries-classification/timeseries-classification/mlruns/549259982933952719/df67011af7cd44449dc0513cbdc82b5d/artifacts,2026-02-05 14:58:09.724000+00:00,2026-02-05 15:00:15.649000+00:00,,,,,,,,,,,,,,,,,,,0.8973331087703069,45.0,,"[20, 10]",20,ts2vec,250,f1,31,0.0012578389235983671,0.4725682721151933,5,,trial_10,LOCAL,/home/pborole/timeseries-classification/timeseries-classification/src/modeling/hpo.py,pborole,1cd039078f160584c3f8ef36c1573c14a9aaf802
a4eef878b4b74facb9c9c6f6c14f4ebd,549259982933952719,FINISHED,file:///home/pborole/timeseries-classification/timeseries-classification/mlruns/549259982933952719/a4eef878b4b74facb9c9c6f6c14f4ebd/artifacts,2026-02-05 14:57:44.303000+00:00,2026-02-05 14:58:09.650000+00:00,0.8770949720670391,0.9043478260869565,0.8507670850767085,16.0,0.8813559322033898,0.9185767590618337,0.9246988406368442,0.4008003383375413,0.9074319614419546,0.33467323270589944,0.894589552238806,0.9285714285714286,0.88268156424581,35.0,0.9098712446351931,0.8760330578512396,0.3875360772263056,0.9464285714285714,,,,,,,,,,,,,d7ffa5eb532e47d5a5110deaed9fbf27,trial_9_fold_4,LOCAL,/home/pborole/timeseries-classification/timeseries-classification/src/modeling/hpo.py,pborole,1cd039078f160584c3f8ef36c1573c14a9aaf802
b3bd6e64d9c849248f7102eeb47c06a7,549259982933952719,FINISHED,file:///home/pborole/timeseries-classification/timeseries-classification/mlruns/549259982933952719/b3bd6e64d9c849248f7102eeb47c06a7/artifacts,2026-02-05 14:57:16.048000+00:00,2026-02-05 14:57:44.293000+00:00,0.8770949720670391,0.907563025210084,0.8368200836820083,20.0,0.8571428571428571,0.9231076759061834,0.9331017820747416,0.3608196939669508,0.9337668540047297,0.3435491920349984,0.9248400852878464,0.9642857142857143,0.888268156424581,39.0,0.9145299145299145,0.8770491803278688,0.4135977985802388,0.9553571428571429,,,,,,,,,,,,,d7ffa5eb532e47d5a5110deaed9fbf27,trial_9_fold_3,LOCAL,/home/pborole/timeseries-classification/timeseries-classification/src/modeling/hpo.py,pborole,1cd039078f160584c3f8ef36c1573c14a9aaf802
022e89affa8d46c5932939cbfc8319d5,549259982933952719,FINISHED,file:///home/pborole/timeseries-classification/timeseries-classification/mlruns/549259982933952719/022e89affa8d46c5932939cbfc8319d5/artifacts,2026-02-05 14:55:47.789000+00:00,2026-02-05 14:57:16.036000+00:00,0.8268156424581006,0.8646288209606987,0.9149232914923291,102.0,0.8461538461538461,0.861407249466951,0.8670791949522235,0.4942936479379345,0.8737494518988502,0.5298551008022031,0.8640724946695096,0.8839285714285714,0.8491620111731844,121.0,0.8851063829787233,0.8455284552845529,0.2554357217591012,0.9285714285714286,,,,,,,,,,,,,d7ffa5eb532e47d5a5110deaed9fbf27,trial_9_fold_2,LOCAL,/home/pborole/timeseries-classification/timeseries-classification/src/modeling/hpo.py,pborole,1cd039078f160584c3f8ef36c1573c14a9aaf802
e2d8789fc09d4dc1b5ab572c24916871,549259982933952719,FINISHED,file:///home/pborole/timeseries-classification/timeseries-classification/mlruns/549259982933952719/e2d8789fc09d4dc1b5ab572c24916871/artifacts,2026-02-05 14:55:23.676000+00:00,2026-02-05 14:55:47.777000+00:00,0.8435754189944135,0.8761061946902655,0.8465829846582985,13.0,0.868421052631579,0.931636460554371,0.9572911341725353,0.40673894505927016,0.9301932091529337,0.3520328790448897,0.9037846481876333,0.8839285714285714,0.8603351955307262,32.0,0.8962655601659751,0.8372093023255814,0.39334713527348253,0.9642857142857143,,,,,,,,,,,,,d7ffa5eb532e47d5a5110deaed9fbf27,trial_9_fold_1,LOCAL,/home/pborole/timeseries-classification/timeseries-classification/src/modeling/hpo.py,pborole,1cd039078f160584c3f8ef36c1573c14a9aaf802
cd3c2c11e34a4189bd205c627fc8f001,549259982933952719,FINISHED,file:///home/pborole/timeseries-classification/timeseries-classification/mlruns/549259982933952719/cd3c2c11e34a4189bd205c627fc8f001/artifacts,2026-02-05 14:54:41.235000+00:00,2026-02-05 14:55:23.665000+00:00,0.8277777777777777,0.869198312236287,0.861731843575419,40.0,0.824,0.8872111344537815,0.8951999822209337,0.41134317268927895,0.8871453966975453,0.42451050298081505,0.8815651260504203,0.9196428571428571,0.8444444444444444,59.0,0.8793103448275862,0.85,0.3866953263735638,0.9107142857142857,,,,,,,,,,,,,d7ffa5eb532e47d5a5110deaed9fbf27,trial_9_fold_0,LOCAL,/home/pborole/timeseries-classification/timeseries-classification/src/modeling/hpo.py,pborole,1cd039078f160584c3f8ef36c1573c14a9aaf802
d7ffa5eb532e47d5a5110deaed9fbf27,549259982933952719,FINISHED,file:///home/pborole/timeseries-classification/timeseries-classification/mlruns/549259982933952719/d7ffa5eb532e47d5a5110deaed9fbf27/artifacts,2026-02-05 14:54:41.106000+00:00,2026-02-05 14:58:09.680000+00:00,,,,,,,,,,,,,,,,,,,0.8970166894274785,57.0,,"[20, 10]",20,ts2vec,250,f1,17,0.0005987474910461401,0.2571172192068058,5,,trial_9,LOCAL,/home/pborole/timeseries-classification/timeseries-classification/src/modeling/hpo.py,pborole,1cd039078f160584c3f8ef36c1573c14a9aaf802
a68bea8bf5df49d980ff2b6044af62d9,549259982933952719,FINISHED,file:///home/pborole/timeseries-classification/timeseries-classification/mlruns/549259982933952719/a68bea8bf5df49d980ff2b6044af62d9/artifacts,2026-02-05 14:54:21.043000+00:00,2026-02-05 14:54:41.068000+00:00,0.8715083798882681,0.9053497942386831,0.8563458856345886,15.0,0.8396946564885496,0.9245735607675906,0.9283726869218147,0.35686580412214697,0.9145943933541881,0.35750836516891776,0.9029850746268656,0.9821428571428571,0.888268156424581,34.0,0.9137931034482759,0.8833333333333333,0.35172736644744873,0.9464285714285714,,,,,,,,,,,,,2272ccd89d1644079cf5771b25981c6c,trial_8_fold_4,LOCAL,/home/pborole/timeseries-classification/timeseries-classification/src/modeling/hpo.py,pborole,1cd039078f160584c3f8ef36c1573c14a9aaf802
52430a0a942a42a5ac97a70f7e7d1038,549259982933952719,FINISHED,file:///home/pborole/timeseries-classification/timeseries-classification/mlruns/549259982933952719/52430a0a942a42a5ac97a70f7e7d1038/artifacts,2026-02-05 14:54:05.454000+00:00,2026-02-05 14:54:21.032000+00:00,0.88268156424581,0.9106382978723404,0.8465829846582985,8.0,0.8699186991869918,0.9220415778251599,0.9353531298962007,0.3420107844155594,0.9283007520296982,0.3262173826468057,0.9236407249466951,0.9553571428571429,0.888268156424581,27.0,0.9130434782608695,0.8898305084745762,0.3561221987133744,0.9375,,,,,,,,,,,,,2272ccd89d1644079cf5771b25981c6c,trial_8_fold_3,LOCAL,/home/pborole/timeseries-classification/timeseries-classification/src/modeling/hpo.py,pborole,1cd039078f160584c3f8ef36c1573c14a9aaf802
58a7b1fdef404c718fce350f331cc1e7,549259982933952719,FINISHED,file:///home/pborole/timeseries-classification/timeseries-classification/mlruns/549259982933952719/58a7b1fdef404c718fce350f331cc1e7/artifacts,2026-02-05 14:53:14.235000+00:00,2026-02-05 14:54:05.442000+00:00,0.8435754189944135,0.8803418803418803,0.898186889818689,66.0,0.8442622950819673,0.861340618336887,0.8754282536310314,0.4907534701864147,0.8675802616001895,0.5386482630362058,0.853544776119403,0.9196428571428571,0.8491620111731844,85.0,0.8851063829787233,0.8455284552845529,0.2813539921489221,0.9285714285714286,,,,,,,,,,,,,2272ccd89d1644079cf5771b25981c6c,trial_8_fold_2,LOCAL,/home/pborole/timeseries-classification/timeseries-classification/src/modeling/hpo.py,pborole,1cd039078f160584c3f8ef36c1573c14a9aaf802
12ecab7ce90644eeba8e959898daaddb,549259982933952719,FINISHED,file:///home/pborole/timeseries-classification/timeseries-classification/mlruns/549259982933952719/12ecab7ce90644eeba8e959898daaddb/artifacts,2026-02-05 14:52:49.841000+00:00,2026-02-05 14:53:14.222000+00:00,0.8603351955307262,0.8888888888888888,0.8675034867503487,23.0,0.8849557522123894,0.9371002132196162,0.9618217632496081,0.34311083708395507,0.9564815195772083,0.3320254523660884,0.9309701492537313,0.8928571428571429,0.8715083798882681,42.0,0.9004329004329005,0.8739495798319328,0.33226480431636507,0.9285714285714286,,,,,,,,,,,,,2272ccd89d1644079cf5771b25981c6c,trial_8_fold_1,LOCAL,/home/pborole/timeseries-classification/timeseries-classification/src/modeling/hpo.py,pborole,1cd039078f160584c3f8ef36c1573c14a9aaf802
7b94860c228d447b9778d36ecd0caa85,549259982933952719,FINISHED,file:///home/pborole/timeseries-classification/timeseries-classification/mlruns/549259982933952719/7b94860c228d447b9778d36ecd0caa85/artifacts,2026-02-05 14:51:45.943000+00:00,2026-02-05 14:52:49.825000+00:00,0.8333333333333334,0.8660714285714286,0.909217877094972,85.0,0.8660714285714286,0.8814338235294118,0.9074342085339275,0.4648321549097697,0.911150255348646,0.4777827108899752,0.8937762605042017,0.8660714285714286,0.8611111111111112,104.0,0.8936170212765957,0.8536585365853658,0.2441936884096215,0.9375,,,,,,,,,,,,,2272ccd89d1644079cf5771b25981c6c,trial_8_fold_0,LOCAL,/home/pborole/timeseries-classification/timeseries-classification/src/modeling/hpo.py,pborole,1cd039078f160584c3f8ef36c1573c14a9aaf802
2272ccd89d1644079cf5771b25981c6c,549259982933952719,FINISHED,file:///home/pborole/timeseries-classification/timeseries-classification/mlruns/549259982933952719/2272ccd89d1644079cf5771b25981c6c/artifacts,2026-02-05 14:51:45.773000+00:00,2026-02-05 14:54:41.097000+00:00,,,,,,,,,,,,,,,,,,,0.9011985772794731,58.0,,"[20, 10]",20,ts2vec,250,f1,24,0.0022673986523780395,0.22803499210851796,5,,trial_8,LOCAL,/home/pborole/timeseries-classification/timeseries-classification/src/modeling/hpo.py,pborole,1cd039078f160584c3f8ef36c1573c14a9aaf802
704923bbe6884ba3ac423b07a0b1b9a8,549259982933952719,FINISHED,file:///home/pborole/timeseries-classification/timeseries-classification/mlruns/549259982933952719/704923bbe6884ba3ac423b07a0b1b9a8/artifacts,2026-02-05 14:51:31.575000+00:00,2026-02-05 14:51:45.712000+00:00,0.6256983240223464,0.7697594501718213,0.6248256624825662,3.0,0.6256983240223464,0.8310234541577826,0.8386553913077772,0.6814021944333721,0.834277177429012,0.6439851442528837,0.7645255863539445,1.0,0.6256983240223464,22.0,0.7697594501718213,0.6256983240223464,0.6431106925010681,1.0,,,,,,,,,,,,,047893716fae42d0ba1a996c3a9ca3fa,trial_7_fold_4,LOCAL,/home/pborole/timeseries-classification/timeseries-classification/src/modeling/hpo.py,pborole,1cd039078f160584c3f8ef36c1573c14a9aaf802
5f9be2ae326c46caa374386f917de545,549259982933952719,FINISHED,file:///home/pborole/timeseries-classification/timeseries-classification/mlruns/549259982933952719/5f9be2ae326c46caa374386f917de545/artifacts,2026-02-05 14:51:16.344000+00:00,2026-02-05 14:51:31.562000+00:00,0.6256983240223464,0.7697594501718213,0.6220362622036262,7.0,0.6256983240223464,0.86340618336887,0.8675367131992344,0.6863665221123721,0.6150025541469444,0.6467281696516708,0.5082622601279319,1.0,0.6256983240223464,26.0,0.7697594501718213,0.6256983240223464,0.6491380611556677,1.0,,,,,,,,,,,,,047893716fae42d0ba1a996c3a9ca3fa,trial_7_fold_3,LOCAL,/home/pborole/timeseries-classification/timeseries-classification/src/modeling/hpo.py,pborole,1cd039078f160584c3f8ef36c1573c14a9aaf802
79d24888f002431cb1165ba93d09093e,549259982933952719,FINISHED,file:///home/pborole/timeseries-classification/timeseries-classification/mlruns/549259982933952719/79d24888f002431cb1165ba93d09093e/artifacts,2026-02-05 14:51:03.034000+00:00,2026-02-05 14:51:16.330000+00:00,0.6256983240223464,0.7697594501718213,0.6401673640167364,1.0,0.6256983240223464,0.7817164179104478,0.80658189676961,0.6840832656322244,0.6035079831014953,0.6566691268755737,0.44656183368869934,1.0,0.6256983240223464,20.0,0.7697594501718213,0.6256983240223464,0.6548085848656658,1.0,,,,,,,,,,,,,047893716fae42d0ba1a996c3a9ca3fa,trial_7_fold_2,LOCAL,/home/pborole/timeseries-classification/timeseries-classification/src/modeling/hpo.py,pborole,1cd039078f160584c3f8ef36c1573c14a9aaf802
3992b7c5454e4fcf919d559cc70ba272,549259982933952719,FINISHED,file:///home/pborole/timeseries-classification/timeseries-classification/mlruns/549259982933952719/3992b7c5454e4fcf919d559cc70ba272/artifacts,2026-02-05 14:49:49.203000+00:00,2026-02-05 14:51:03.023000+00:00,0.8491620111731844,0.8831168831168831,0.8535564853556485,98.0,0.8571428571428571,0.9053837953091685,0.9321917651562,0.43518137998421097,0.9215473540700124,0.40771281902350526,0.8979211087420043,0.9107142857142857,0.8659217877094972,117.0,0.8991596638655462,0.8492063492063492,0.4299186734973636,0.9553571428571429,,,,,,,,,,,,,047893716fae42d0ba1a996c3a9ca3fa,trial_7_fold_1,LOCAL,/home/pborole/timeseries-classification/timeseries-classification/src/modeling/hpo.py,pborole,1cd039078f160584c3f8ef36c1573c14a9aaf802
139930e04046418e9d32c78a6186e043,549259982933952719,FINISHED,file:///home/pborole/timeseries-classification/timeseries-classification/mlruns/549259982933952719/139930e04046418e9d32c78a6186e043/artifacts,2026-02-05 14:49:36.546000+00:00,2026-02-05 14:49:49.188000+00:00,0.6222222222222222,0.7671232876712328,0.6256983240223464,1.0,0.6222222222222222,0.8680409663865546,0.8929790706958065,0.6616668072011735,0.8396261291076186,0.6391730659537845,0.7296481092436975,1.0,0.6222222222222222,20.0,0.7671232876712328,0.6222222222222222,0.639511832811313,1.0,,,,,,,,,,,,,047893716fae42d0ba1a996c3a9ca3fa,trial_7_fold_0,LOCAL,/home/pborole/timeseries-classification/timeseries-classification/src/modeling/hpo.py,pborole,1cd039078f160584c3f8ef36c1573c14a9aaf802
047893716fae42d0ba1a996c3a9ca3fa,549259982933952719,FINISHED,file:///home/pborole/timeseries-classification/timeseries-classification/mlruns/549259982933952719/047893716fae42d0ba1a996c3a9ca3fa/artifacts,2026-02-05 14:49:36.385000+00:00,2026-02-05 14:51:45.759000+00:00,,,,,,,,,,,,,,,,,,,0.7951122604104486,41.0,,"[20, 10]",20,ts2vec,250,f1,34,7.52374288453485e-05,0.06974693032602092,5,,trial_7,LOCAL,/home/pborole/timeseries-classification/timeseries-classification/src/modeling/hpo.py,pborole,1cd039078f160584c3f8ef36c1573c14a9aaf802
2bb3cd8d0a6a4c50b4b88bb5d0d2b286,549259982933952719,FINISHED,file:///home/pborole/timeseries-classification/timeseries-classification/mlruns/549259982933952719/2bb3cd8d0a6a4c50b4b88bb5d0d2b286/artifacts,2026-02-05 14:49:24.223000+00:00,2026-02-05 14:49:36.334000+00:00,0.6256983240223464,0.7697594501718213,0.6248256624825662,1.0,0.6256983240223464,0.7519989339019191,0.7480790038023407,0.6724256530154351,0.6249895842308522,0.6589551521413153,0.4582889125799574,1.0,0.6256983240223464,20.0,0.7697594501718213,0.6256983240223464,0.6564992087655487,1.0,,,,,,,,,,,,,594ae7b89f514bb38ecd08659b67d572,trial_6_fold_2,LOCAL,/home/pborole/timeseries-classification/timeseries-classification/src/modeling/hpo.py,pborole,1cd039078f160584c3f8ef36c1573c14a9aaf802
dabb302a89b0417c861d729e2ac24785,549259982933952719,FINISHED,file:///home/pborole/timeseries-classification/timeseries-classification/mlruns/549259982933952719/dabb302a89b0417c861d729e2ac24785/artifacts,2026-02-05 14:49:01.656000+00:00,2026-02-05 14:49:24.199000+00:00,0.6256983240223464,0.7697594501718213,0.6178521617852162,19.0,0.6256983240223464,0.8334221748400853,0.8696805471674719,0.6706568971692517,0.7283468864091436,0.6499194526139584,0.6186034115138592,1.0,0.6256983240223464,38.0,0.7697594501718213,0.6256983240223464,0.6572897928030421,1.0,,,,,,,,,,,,,594ae7b89f514bb38ecd08659b67d572,trial_6_fold_1,LOCAL,/home/pborole/timeseries-classification/timeseries-classification/src/modeling/hpo.py,pborole,1cd039078f160584c3f8ef36c1573c14a9aaf802
5bbb3723cedf468aad9bb65ad63b7f16,549259982933952719,FINISHED,file:///home/pborole/timeseries-classification/timeseries-classification/mlruns/549259982933952719/5bbb3723cedf468aad9bb65ad63b7f16/artifacts,2026-02-05 14:48:45.291000+00:00,2026-02-05 14:49:01.640000+00:00,0.6222222222222222,0.7671232876712328,0.6075418994413407,8.0,0.6222222222222222,0.7401523109243698,0.8380897847324259,0.6895453999439876,0.5976970593692854,0.6612394511699676,0.3932510504201681,1.0,0.6222222222222222,27.0,0.7671232876712328,0.6222222222222222,0.6668792405274994,1.0,,,,,,,,,,,,,594ae7b89f514bb38ecd08659b67d572,trial_6_fold_0,LOCAL,/home/pborole/timeseries-classification/timeseries-classification/src/modeling/hpo.py,pborole,1cd039078f160584c3f8ef36c1573c14a9aaf802
594ae7b89f514bb38ecd08659b67d572,549259982933952719,FAILED,file:///home/pborole/timeseries-classification/timeseries-classification/mlruns/549259982933952719/594ae7b89f514bb38ecd08659b67d572/artifacts,2026-02-05 14:48:45.116000+00:00,2026-02-05 14:49:36.357000+00:00,,,,,,,,,,,,,,,,,,,,,1.0,"[20, 10]",20,ts2vec,250,f1,57,7.476312062252303e-05,0.21597250932105788,5,,trial_6,LOCAL,/home/pborole/timeseries-classification/timeseries-classification/src/modeling/hpo.py,pborole,1cd039078f160584c3f8ef36c1573c14a9aaf802
e3e2d8d268e04f59810a4473f37c04dd,549259982933952719,FINISHED,file:///home/pborole/timeseries-classification/timeseries-classification/mlruns/549259982933952719/e3e2d8d268e04f59810a4473f37c04dd/artifacts,2026-02-05 14:48:21.065000+00:00,2026-02-05 14:48:45.072000+00:00,0.6256983240223464,0.7697594501718213,0.6276150627615062,22.0,0.6256983240223464,0.65271855010661,0.7823754705190877,0.6838822604557655,0.5690229252828686,0.6582761300342709,0.35127931769722814,1.0,0.6256983240223464,41.0,0.7697594501718213,0.6256983240223464,0.6651373239574406,1.0,,,,,,,,,,,,,827c86dc6e61465883f386c0a83d368e,trial_5_fold_4,LOCAL,/home/pborole/timeseries-classification/timeseries-classification/src/modeling/hpo.py,pborole,1cd039078f160584c3f8ef36c1573c14a9aaf802
cbec76bc0bad4258ae480febec24604a,549259982933952719,FINISHED,file:///home/pborole/timeseries-classification/timeseries-classification/mlruns/549259982933952719/cbec76bc0bad4258ae480febec24604a/artifacts,2026-02-05 14:48:08.691000+00:00,2026-02-05 14:48:21.053000+00:00,0.6256983240223464,0.7697594501718213,0.6248256624825662,1.0,0.6256983240223464,0.8772654584221748,0.9084424884152364,0.6608930353345818,0.8415666242117321,0.6523076608860293,0.7627931769722814,1.0,0.6256983240223464,20.0,0.7697594501718213,0.6256983240223464,0.6545623380436225,1.0,,,,,,,,,,,,,827c86dc6e61465883f386c0a83d368e,trial_5_fold_3,LOCAL,/home/pborole/timeseries-classification/timeseries-classification/src/modeling/hpo.py,pborole,1cd039078f160584c3f8ef36c1573c14a9aaf802
00f98709e4d947c78844048f7900bed7,549259982933952719,FINISHED,file:///home/pborole/timeseries-classification/timeseries-classification/mlruns/549259982933952719/00f98709e4d947c78844048f7900bed7/artifacts,2026-02-05 14:47:09.058000+00:00,2026-02-05 14:48:08.679000+00:00,0.7821229050279329,0.8421052631578947,0.8326359832635983,84.0,0.7703703703703704,0.8070362473347548,0.7836917079621274,0.5296286416120369,0.7787785234488087,0.5084729953851114,0.8010394456289979,0.9285714285714286,0.7988826815642458,103.0,0.856,0.7753623188405797,0.43493460931372274,0.9553571428571429,,,,,,,,,,,,,827c86dc6e61465883f386c0a83d368e,trial_5_fold_2,LOCAL,/home/pborole/timeseries-classification/timeseries-classification/src/modeling/hpo.py,pborole,1cd039078f160584c3f8ef36c1573c14a9aaf802
df05c49a9fa344c9b593b8c20cddb5c9,549259982933952719,FINISHED,file:///home/pborole/timeseries-classification/timeseries-classification/mlruns/549259982933952719/df05c49a9fa344c9b593b8c20cddb5c9/artifacts,2026-02-05 14:46:56.920000+00:00,2026-02-05 14:47:09.046000+00:00,0.6256983240223464,0.7697594501718213,0.6262203626220363,1.0,0.6256983240223464,0.8627398720682303,0.8880238199096737,0.6643723059632924,0.819924071696917,0.6306072123889817,0.7390724946695097,1.0,0.6256983240223464,20.0,0.7697594501718213,0.6256983240223464,0.6340525045554508,1.0,,,,,,,,,,,,,827c86dc6e61465883f386c0a83d368e,trial_5_fold_1,LOCAL,/home/pborole/timeseries-classification/timeseries-classification/src/modeling/hpo.py,pborole,1cd039078f160584c3f8ef36c1573c14a9aaf802
3a08a816a48840e9931b2209cab37083,549259982933952719,FINISHED,file:///home/pborole/timeseries-classification/timeseries-classification/mlruns/549259982933952719/3a08a816a48840e9931b2209cab37083/artifacts,2026-02-05 14:46:44.606000+00:00,2026-02-05 14:46:56.908000+00:00,0.6222222222222222,0.7671232876712328,0.6256983240223464,1.0,0.6222222222222222,0.8672531512605042,0.8979367639028001,0.6737661855088339,0.750646909110769,0.6530108061101701,0.6238182773109243,1.0,0.6222222222222222,20.0,0.7671232876712328,0.6222222222222222,0.6542767272981186,1.0,,,,,,,,,,,,,827c86dc6e61465883f386c0a83d368e,trial_5_fold_0,LOCAL,/home/pborole/timeseries-classification/timeseries-classification/src/modeling/hpo.py,pborole,1cd039078f160584c3f8ef36c1573c14a9aaf802
827c86dc6e61465883f386c0a83d368e,549259982933952719,FINISHED,file:///home/pborole/timeseries-classification/timeseries-classification/mlruns/549259982933952719/827c86dc6e61465883f386c0a83d368e/artifacts,2026-02-05 14:46:44.442000+00:00,2026-02-05 14:48:45.104000+00:00,,,,,,,,,,,,,,,,,,,0.7864803276373393,40.0,,"[20, 10]",20,ts2vec,250,f1,47,8.17949947521167e-05,0.09170225492671691,5,,trial_5,LOCAL,/home/pborole/timeseries-classification/timeseries-classification/src/modeling/hpo.py,pborole,1cd039078f160584c3f8ef36c1573c14a9aaf802
c80530458d9341aab5627f9257af67a1,549259982933952719,FINISHED,file:///home/pborole/timeseries-classification/timeseries-classification/mlruns/549259982933952719/c80530458d9341aab5627f9257af67a1/artifacts,2026-02-05 14:46:26.142000+00:00,2026-02-05 14:46:44.374000+00:00,0.6256983240223464,0.7697594501718213,0.6345885634588564,12.0,0.6256983240223464,0.8366204690831557,0.8539515586165096,0.6628336889783764,0.8643652971389778,0.6442168851138493,0.8228944562899787,1.0,0.6256983240223464,31.0,0.7697594501718213,0.6256983240223464,0.6506438749105861,1.0,,,,,,,,,,,,,52459abc5ae94a36945220a2340fb03d,trial_4_fold_4,LOCAL,/home/pborole/timeseries-classification/timeseries-classification/src/modeling/hpo.py,pborole,1cd039078f160584c3f8ef36c1573c14a9aaf802
46caf171812b48d4bcec69f97e60782a,549259982933952719,FINISHED,file:///home/pborole/timeseries-classification/timeseries-classification/mlruns/549259982933952719/46caf171812b48d4bcec69f97e60782a/artifacts,2026-02-05 14:46:12.939000+00:00,2026-02-05 14:46:26.130000+00:00,0.6256983240223464,0.7697594501718213,0.6248256624825662,1.0,0.6256983240223464,0.8756663113006397,0.9034715325544893,0.6748235262306043,0.8135286523761955,0.6553900078688254,0.7457356076759062,1.0,0.6256983240223464,20.0,0.7697594501718213,0.6256983240223464,0.6576767756682892,1.0,,,,,,,,,,,,,52459abc5ae94a36945220a2340fb03d,trial_4_fold_3,LOCAL,/home/pborole/timeseries-classification/timeseries-classification/src/modeling/hpo.py,pborole,1cd039078f160584c3f8ef36c1573c14a9aaf802
02d4ee0ea73d43b28aad97c7c9e7ac19,549259982933952719,FINISHED,file:///home/pborole/timeseries-classification/timeseries-classification/mlruns/549259982933952719/02d4ee0ea73d43b28aad97c7c9e7ac19/artifacts,2026-02-05 14:46:00.609000+00:00,2026-02-05 14:46:12.929000+00:00,0.6256983240223464,0.7697594501718213,0.6248256624825662,1.0,0.6256983240223464,0.7757196162046909,0.7622820261626517,0.663676096074408,0.6723827382097634,0.6526350708647147,0.6062100213219616,1.0,0.6256983240223464,20.0,0.7697594501718213,0.6256983240223464,0.6489594147295134,1.0,,,,,,,,,,,,,52459abc5ae94a36945220a2340fb03d,trial_4_fold_2,LOCAL,/home/pborole/timeseries-classification/timeseries-classification/src/modeling/hpo.py,pborole,1cd039078f160584c3f8ef36c1573c14a9aaf802
577966b6cf0e432580a46058f23d8b7d,549259982933952719,FINISHED,file:///home/pborole/timeseries-classification/timeseries-classification/mlruns/549259982933952719/577966b6cf0e432580a46058f23d8b7d/artifacts,2026-02-05 14:45:47.402000+00:00,2026-02-05 14:46:00.598000+00:00,0.6256983240223464,0.7697594501718213,0.6248256624825662,1.0,0.6256983240223464,0.849546908315565,0.8619474620915922,0.6687240833676728,0.6142439308503731,0.6618282135638445,0.4616871002132196,1.0,0.6256983240223464,20.0,0.7697594501718213,0.6256983240223464,0.663648430190492,1.0,,,,,,,,,,,,,52459abc5ae94a36945220a2340fb03d,trial_4_fold_1,LOCAL,/home/pborole/timeseries-classification/timeseries-classification/src/modeling/hpo.py,pborole,1cd039078f160584c3f8ef36c1573c14a9aaf802
599564761989491eb07b1f3c89a89d7e,549259982933952719,FINISHED,file:///home/pborole/timeseries-classification/timeseries-classification/mlruns/549259982933952719/599564761989491eb07b1f3c89a89d7e/artifacts,2026-02-05 14:45:33.026000+00:00,2026-02-05 14:45:47.389000+00:00,0.6222222222222222,0.7671232876712328,0.6243016759776536,3.0,0.6222222222222222,0.8084296218487396,0.8857311408854336,0.6897836089134216,0.7669054477034076,0.6647146032916175,0.6422006302521008,1.0,0.6222222222222222,22.0,0.7671232876712328,0.6222222222222222,0.6685860013828597,1.0,,,,,,,,,,,,,52459abc5ae94a36945220a2340fb03d,trial_4_fold_0,LOCAL,/home/pborole/timeseries-classification/timeseries-classification/src/modeling/hpo.py,pborole,1cd039078f160584c3f8ef36c1573c14a9aaf802
52459abc5ae94a36945220a2340fb03d,549259982933952719,FINISHED,file:///home/pborole/timeseries-classification/timeseries-classification/mlruns/549259982933952719/52459abc5ae94a36945220a2340fb03d/artifacts,2026-02-05 14:45:32.858000+00:00,2026-02-05 14:46:44.429000+00:00,,,,,,,,,,,,,,,,,,,0.7692322176717036,22.0,,"[20, 10]",20,ts2vec,250,f1,23,4.335281794951564e-05,0.41622132040021087,5,,trial_4,LOCAL,/home/pborole/timeseries-classification/timeseries-classification/src/modeling/hpo.py,pborole,1cd039078f160584c3f8ef36c1573c14a9aaf802
7cf36a472ab74d14815b73f11dec895d,549259982933952719,FINISHED,file:///home/pborole/timeseries-classification/timeseries-classification/mlruns/549259982933952719/7cf36a472ab74d14815b73f11dec895d/artifacts,2026-02-05 14:45:20.866000+00:00,2026-02-05 14:45:32.806000+00:00,0.6256983240223464,0.7697594501718213,0.6248256624825662,1.0,0.6256983240223464,0.7084221748400853,0.7849475715667473,0.6733624006116856,0.6226028467115766,0.6722047159125685,0.539045842217484,1.0,0.6256983240223464,20.0,0.7697594501718213,0.6256983240223464,0.6732401210227604,1.0,,,,,,,,,,,,,cb3e83577a6b461bb538d2851b93a040,trial_3_fold_4,LOCAL,/home/pborole/timeseries-classification/timeseries-classification/src/modeling/hpo.py,pborole,1cd039078f160584c3f8ef36c1573c14a9aaf802
8eea02500e1b41f9ae28168bb6892ce1,549259982933952719,FINISHED,file:///home/pborole/timeseries-classification/timeseries-classification/mlruns/549259982933952719/8eea02500e1b41f9ae28168bb6892ce1/artifacts,2026-02-05 14:45:01.449000+00:00,2026-02-05 14:45:20.853000+00:00,0.6256983240223464,0.7697594501718213,0.5578800557880056,15.0,0.6256983240223464,0.5806236673773987,0.6947264820662314,0.6904824555919157,0.6781950809907874,0.6835653818519422,0.5763592750533049,1.0,0.6256983240223464,34.0,0.7697594501718213,0.6256983240223464,0.6870664049724489,1.0,,,,,,,,,,,,,cb3e83577a6b461bb538d2851b93a040,trial_3_fold_3,LOCAL,/home/pborole/timeseries-classification/timeseries-classification/src/modeling/hpo.py,pborole,1cd039078f160584c3f8ef36c1573c14a9aaf802
b9c65501ab334a3bbfd7464cafb34803,549259982933952719,FINISHED,file:///home/pborole/timeseries-classification/timeseries-classification/mlruns/549259982933952719/b9c65501ab334a3bbfd7464cafb34803/artifacts,2026-02-05 14:44:49.817000+00:00,2026-02-05 14:45:01.438000+00:00,0.6256983240223464,0.7697594501718213,0.6248256624825662,1.0,0.6256983240223464,0.4205090618336887,0.5963142974693445,0.6736336124009926,0.5604640285050081,0.6703330907741738,0.3809968017057569,1.0,0.6256983240223464,20.0,0.7697594501718213,0.6256983240223464,0.6681827448900773,1.0,,,,,,,,,,,,,cb3e83577a6b461bb538d2851b93a040,trial_3_fold_2,LOCAL,/home/pborole/timeseries-classification/timeseries-classification/src/modeling/hpo.py,pborole,1cd039078f160584c3f8ef36c1573c14a9aaf802
f7c7d1aba7924735aaec53b30adeb800,549259982933952719,FINISHED,file:///home/pborole/timeseries-classification/timeseries-classification/mlruns/549259982933952719/f7c7d1aba7924735aaec53b30adeb800/artifacts,2026-02-05 14:44:38.058000+00:00,2026-02-05 14:44:49.807000+00:00,0.3743016759776536,0.0,0.37517433751743373,1.0,0.0,0.5202558635394456,0.6652281878270017,0.7069989009942422,0.7171723597650639,0.7046232423302847,0.6174040511727078,0.0,0.3743016759776536,20.0,0.0,0.0,0.7040116373797674,0.0,,,,,,,,,,,,,cb3e83577a6b461bb538d2851b93a040,trial_3_fold_1,LOCAL,/home/pborole/timeseries-classification/timeseries-classification/src/modeling/hpo.py,pborole,1cd039078f160584c3f8ef36c1573c14a9aaf802
bac7c2f8b3a146e7a96dedb8988b56f5,549259982933952719,FINISHED,file:///home/pborole/timeseries-classification/timeseries-classification/mlruns/549259982933952719/bac7c2f8b3a146e7a96dedb8988b56f5/artifacts,2026-02-05 14:44:25.987000+00:00,2026-02-05 14:44:38.046000+00:00,0.37777777777777777,0.0,0.4022346368715084,1.0,0.0,0.6297268907563025,0.7656901370041169,0.7141283932659361,0.7365145271599793,0.7068238612678316,0.578781512605042,0.0,0.37777777777777777,20.0,0.0,0.0,0.7105734215102382,0.0,,,,,,,,,,,,,cb3e83577a6b461bb538d2851b93a040,trial_3_fold_0,LOCAL,/home/pborole/timeseries-classification/timeseries-classification/src/modeling/hpo.py,pborole,1cd039078f160584c3f8ef36c1573c14a9aaf802
cb3e83577a6b461bb538d2851b93a040,549259982933952719,FINISHED,file:///home/pborole/timeseries-classification/timeseries-classification/mlruns/549259982933952719/cb3e83577a6b461bb538d2851b93a040/artifacts,2026-02-05 14:44:25.831000+00:00,2026-02-05 14:45:32.845000+00:00,,,,,,,,,,,,,,,,,,,0.4618556701030928,22.0,,"[20, 10]",20,ts2vec,250,f1,121,1.1527987128232396e-05,0.35403628889802274,5,,trial_3,LOCAL,/home/pborole/timeseries-classification/timeseries-classification/src/modeling/hpo.py,pborole,1cd039078f160584c3f8ef36c1573c14a9aaf802
11fc56d12d3c43d49a4777cfca80050e,549259982933952719,FINISHED,file:///home/pborole/timeseries-classification/timeseries-classification/mlruns/549259982933952719/11fc56d12d3c43d49a4777cfca80050e/artifacts,2026-02-05 14:43:56.690000+00:00,2026-02-05 14:44:25.793000+00:00,0.88268156424581,0.9090909090909091,0.8702928870292888,27.0,0.8823529411764706,0.9101812366737739,0.9195245768896427,0.3325288711979402,0.9183524394669228,0.3293019195175704,0.9072494669509595,0.9375,0.888268156424581,46.0,0.9137931034482759,0.8833333333333333,0.3301645127051046,0.9464285714285714,,,,,,,,,,,,,ad7b39c25e624ce4ad34bdbef4953112,trial_2_fold_4,LOCAL,/home/pborole/timeseries-classification/timeseries-classification/src/modeling/hpo.py,pborole,1cd039078f160584c3f8ef36c1573c14a9aaf802
841088d1769c4b58aa058610deec2898,549259982933952719,FINISHED,file:///home/pborole/timeseries-classification/timeseries-classification/mlruns/549259982933952719/841088d1769c4b58aa058610deec2898/artifacts,2026-02-05 14:43:34.229000+00:00,2026-02-05 14:43:56.679000+00:00,0.8659217877094972,0.8983050847457628,0.8702928870292888,19.0,0.8548387096774194,0.9193763326226012,0.9299156730927884,0.3325639731724169,0.934275567026654,0.33492857825489686,0.9216417910447761,0.9464285714285714,0.888268156424581,38.0,0.9152542372881356,0.8709677419354839,0.3221724535880228,0.9642857142857143,,,,,,,,,,,,,ad7b39c25e624ce4ad34bdbef4953112,trial_2_fold_3,LOCAL,/home/pborole/timeseries-classification/timeseries-classification/src/modeling/hpo.py,pborole,1cd039078f160584c3f8ef36c1573c14a9aaf802
41fe76863c5c4838b4dc6f430f49ba48,549259982933952719,FINISHED,file:///home/pborole/timeseries-classification/timeseries-classification/mlruns/549259982933952719/41fe76863c5c4838b4dc6f430f49ba48/artifacts,2026-02-05 14:43:11.097000+00:00,2026-02-05 14:43:34.217000+00:00,0.8156424581005587,0.8630705394190872,0.8758716875871687,19.0,0.8062015503875969,0.8600746268656716,0.8700237489109526,0.48211402516791274,0.8168750043014154,0.47139876581437096,0.8282249466950959,0.9285714285714286,0.8324022346368715,38.0,0.8717948717948718,0.8360655737704918,0.31103521770430076,0.9107142857142857,,,,,,,,,,,,,ad7b39c25e624ce4ad34bdbef4953112,trial_2_fold_2,LOCAL,/home/pborole/timeseries-classification/timeseries-classification/src/modeling/hpo.py,pborole,1cd039078f160584c3f8ef36c1573c14a9aaf802
8951ac9aee0f405fb3f116322b2b568a,549259982933952719,FINISHED,file:///home/pborole/timeseries-classification/timeseries-classification/mlruns/549259982933952719/8951ac9aee0f405fb3f116322b2b568a/artifacts,2026-02-05 14:42:52.315000+00:00,2026-02-05 14:43:11.086000+00:00,0.8491620111731844,0.8789237668161435,0.8563458856345886,11.0,0.8828828828828829,0.931503198294243,0.9570982036390588,0.35996840369767985,0.9458455785019777,0.36120228227956336,0.9176439232409381,0.875,0.8659217877094972,30.0,0.8974358974358975,0.860655737704918,0.3662081729916848,0.9375,,,,,,,,,,,,,ad7b39c25e624ce4ad34bdbef4953112,trial_2_fold_1,LOCAL,/home/pborole/timeseries-classification/timeseries-classification/src/modeling/hpo.py,pborole,1cd039078f160584c3f8ef36c1573c14a9aaf802
db0ee98bd5a84fcd831c96439207974b,549259982933952719,FINISHED,file:///home/pborole/timeseries-classification/timeseries-classification/mlruns/549259982933952719/db0ee98bd5a84fcd831c96439207974b/artifacts,2026-02-05 14:42:32.557000+00:00,2026-02-05 14:42:52.305000+00:00,0.8277777777777777,0.8530805687203792,0.797486033519553,13.0,0.9090909090909091,0.8848476890756303,0.888560778230882,0.4093985743820667,0.878579801551385,0.44919247263007694,0.8761817226890756,0.8035714285714286,0.8555555555555555,32.0,0.8828828828828829,0.8909090909090909,0.4862354674829201,0.875,,,,,,,,,,,,,ad7b39c25e624ce4ad34bdbef4953112,trial_2_fold_0,LOCAL,/home/pborole/timeseries-classification/timeseries-classification/src/modeling/hpo.py,pborole,1cd039078f160584c3f8ef36c1573c14a9aaf802
ad7b39c25e624ce4ad34bdbef4953112,549259982933952719,FINISHED,file:///home/pborole/timeseries-classification/timeseries-classification/mlruns/549259982933952719/ad7b39c25e624ce4ad34bdbef4953112/artifacts,2026-02-05 14:42:32.407000+00:00,2026-02-05 14:44:25.819000+00:00,,,,,,,,,,,,,,,,,,,0.8962321985700127,36.0,,"[20, 10]",20,ts2vec,250,f1,55,0.003967605077052989,0.02904180608409973,5,,trial_2,LOCAL,/home/pborole/timeseries-classification/timeseries-classification/src/modeling/hpo.py,pborole,1cd039078f160584c3f8ef36c1573c14a9aaf802
7535a36e0c554ed1a111402673b52b7c,549259982933952719,FINISHED,file:///home/pborole/timeseries-classification/timeseries-classification/mlruns/549259982933952719/7535a36e0c554ed1a111402673b52b7c/artifacts,2026-02-05 14:42:19.815000+00:00,2026-02-05 14:42:32.368000+00:00,0.6256983240223464,0.7697594501718213,0.6248256624825662,1.0,0.6256983240223464,0.8215618336886993,0.8499861564467137,0.6637243924860182,0.5071814065010639,0.6561926268665484,0.26785714285714285,1.0,0.6256983240223464,20.0,0.7697594501718213,0.6256983240223464,0.6554919079756637,1.0,,,,,,,,,,,,,2e0f2487da9e4c7a85787fa966bfe092,trial_1_fold_4,LOCAL,/home/pborole/timeseries-classification/timeseries-classification/src/modeling/hpo.py,pborole,1cd039078f160584c3f8ef36c1573c14a9aaf802
d10ff29e2617441c9b0412670218c75b,549259982933952719,FINISHED,file:///home/pborole/timeseries-classification/timeseries-classification/mlruns/549259982933952719/d10ff29e2617441c9b0412670218c75b/artifacts,2026-02-05 14:42:07.369000+00:00,2026-02-05 14:42:19.801000+00:00,0.6256983240223464,0.7697594501718213,0.6248256624825662,1.0,0.6256983240223464,0.8740671641791045,0.9040713204806314,0.6669421921895203,0.7313365879308447,0.6528192721931628,0.6152718550106611,1.0,0.6256983240223464,20.0,0.7697594501718213,0.6256983240223464,0.656583823419515,1.0,,,,,,,,,,,,,2e0f2487da9e4c7a85787fa966bfe092,trial_1_fold_3,LOCAL,/home/pborole/timeseries-classification/timeseries-classification/src/modeling/hpo.py,pborole,1cd039078f160584c3f8ef36c1573c14a9aaf802
71957961083547c1acf39c7a6b688eaa,549259982933952719,FINISHED,file:///home/pborole/timeseries-classification/timeseries-classification/mlruns/549259982933952719/71957961083547c1acf39c7a6b688eaa/artifacts,2026-02-05 14:41:48.929000+00:00,2026-02-05 14:42:07.356000+00:00,0.6201117318435754,0.7655172413793103,0.6192468619246861,11.0,0.6235955056179775,0.7077558635394456,0.7500248453611069,0.6857900945833941,0.6154892435116681,0.6621737403576601,0.4677505330490405,0.9910714285714286,0.6201117318435754,30.0,0.7655172413793103,0.6235955056179775,0.6597166086340549,0.9910714285714286,,,,,,,,,,,,,2e0f2487da9e4c7a85787fa966bfe092,trial_1_fold_2,LOCAL,/home/pborole/timeseries-classification/timeseries-classification/src/modeling/hpo.py,pborole,1cd039078f160584c3f8ef36c1573c14a9aaf802
804d4fad9ba148d7987aa435ecfb0f40,549259982933952719,FINISHED,file:///home/pborole/timeseries-classification/timeseries-classification/mlruns/549259982933952719/804d4fad9ba148d7987aa435ecfb0f40/artifacts,2026-02-05 14:41:36.367000+00:00,2026-02-05 14:41:48.916000+00:00,0.6256983240223464,0.7697594501718213,0.6248256624825662,1.0,0.6256983240223464,0.8563432835820896,0.8845517699131994,0.6587131557850864,0.8339857911332357,0.6523023024617627,0.7802505330490406,1.0,0.6256983240223464,20.0,0.7697594501718213,0.6256983240223464,0.6545265095004477,1.0,,,,,,,,,,,,,2e0f2487da9e4c7a85787fa966bfe092,trial_1_fold_1,LOCAL,/home/pborole/timeseries-classification/timeseries-classification/src/modeling/hpo.py,pborole,1cd039078f160584c3f8ef36c1573c14a9aaf802
e29e64dff234498d93fb9ac7bd4b441f,549259982933952719,FINISHED,file:///home/pborole/timeseries-classification/timeseries-classification/mlruns/549259982933952719/e29e64dff234498d93fb9ac7bd4b441f/artifacts,2026-02-05 14:41:12.759000+00:00,2026-02-05 14:41:36.355000+00:00,0.6222222222222222,0.7671232876712328,0.5544692737430168,21.0,0.6222222222222222,0.708639705882353,0.8235557142920988,0.6860282593303256,0.6186355810196185,0.6666191895802815,0.43290441176470584,1.0,0.6222222222222222,40.0,0.7671232876712328,0.6222222222222222,0.6816051164485889,1.0,,,,,,,,,,,,,2e0f2487da9e4c7a85787fa966bfe092,trial_1_fold_0,LOCAL,/home/pborole/timeseries-classification/timeseries-classification/src/modeling/hpo.py,pborole,1cd039078f160584c3f8ef36c1573c14a9aaf802
2e0f2487da9e4c7a85787fa966bfe092,549259982933952719,FINISHED,file:///home/pborole/timeseries-classification/timeseries-classification/mlruns/549259982933952719/2e0f2487da9e4c7a85787fa966bfe092/artifacts,2026-02-05 14:41:12.583000+00:00,2026-02-05 14:42:32.395000+00:00,,,,,,,,,,,,,,,,,,,0.7683837759132014,26.0,,"[20, 10]",20,ts2vec,250,f1,22,2.9380279387035334e-05,0.2993292420985183,5,,trial_1,LOCAL,/home/pborole/timeseries-classification/timeseries-classification/src/modeling/hpo.py,pborole,1cd039078f160584c3f8ef36c1573c14a9aaf802
1417d8dad291497badabd3d2ec7cbd7b,549259982933952719,FINISHED,file:///home/pborole/timeseries-classification/timeseries-classification/mlruns/549259982933952719/1417d8dad291497badabd3d2ec7cbd7b/artifacts,2026-02-05 14:40:53.584000+00:00,2026-02-05 14:41:12.536000+00:00,0.8715083798882681,0.9061224489795918,0.8744769874476988,17.0,0.8345864661654135,0.9233742004264393,0.9282214983138163,0.3318528937560886,0.9194565698846424,0.3715573532621288,0.914045842217484,0.9910714285714286,0.888268156424581,36.0,0.9130434782608695,0.8898305084745762,0.35023505235483127,0.9375,,,,,,,,,,,,,bd0184ce4e0b4adfa42d3b4ce1ebfc23,trial_0_fold_4,LOCAL,/home/pborole/timeseries-classification/timeseries-classification/src/modeling/hpo.py,pborole,1cd039078f160584c3f8ef36c1573c14a9aaf802
a11b5c4e44fd49c2bdfaeeaec541c621,549259982933952719,FINISHED,file:///home/pborole/timeseries-classification/timeseries-classification/mlruns/549259982933952719/a11b5c4e44fd49c2bdfaeeaec541c621/artifacts,2026-02-05 14:40:32.551000+00:00,2026-02-05 14:40:53.572000+00:00,0.88268156424581,0.9082969432314411,0.8647140864714087,21.0,0.8888888888888888,0.9251066098081023,0.9401624480813684,0.3333885175222791,0.9359660795308862,0.3237668155957867,0.929504264392324,0.9285714285714286,0.8938547486033519,40.0,0.9155555555555556,0.911504424778761,0.36161403023381944,0.9196428571428571,,,,,,,,,,,,,bd0184ce4e0b4adfa42d3b4ce1ebfc23,trial_0_fold_3,LOCAL,/home/pborole/timeseries-classification/timeseries-classification/src/modeling/hpo.py,pborole,1cd039078f160584c3f8ef36c1573c14a9aaf802
882d5c17988c4f32a8c0ac581edfd864,549259982933952719,FINISHED,file:///home/pborole/timeseries-classification/timeseries-classification/mlruns/549259982933952719/882d5c17988c4f32a8c0ac581edfd864/artifacts,2026-02-05 14:39:58.111000+00:00,2026-02-05 14:40:32.539000+00:00,0.8268156424581006,0.869198312236287,0.8856345885634589,49.0,0.824,0.8588752665245203,0.862855953321989,0.5806708717146399,0.875112759971806,0.6736270985123831,0.8693363539445629,0.9196428571428571,0.8435754189944135,68.0,0.8813559322033898,0.8387096774193549,0.2618660819788192,0.9285714285714286,,,,,,,,,,,,,bd0184ce4e0b4adfa42d3b4ce1ebfc23,trial_0_fold_2,LOCAL,/home/pborole/timeseries-classification/timeseries-classification/src/modeling/hpo.py,pborole,1cd039078f160584c3f8ef36c1573c14a9aaf802
18ecea6a2cfc44b1ae8a581d6a6f0c07,549259982933952719,FINISHED,file:///home/pborole/timeseries-classification/timeseries-classification/mlruns/549259982933952719/18ecea6a2cfc44b1ae8a581d6a6f0c07/artifacts,2026-02-05 14:39:41.884000+00:00,2026-02-05 14:39:58.099000+00:00,0.8491620111731844,0.8841201716738197,0.8605299860529986,12.0,0.8512396694214877,0.9429637526652452,0.9662961901895504,0.37289928291097035,0.9403124675199308,0.32647990239732094,0.9129797441364605,0.9196428571428571,0.8603351955307262,31.0,0.895397489539749,0.84251968503937,0.37402187967400174,0.9553571428571429,,,,,,,,,,,,,bd0184ce4e0b4adfa42d3b4ce1ebfc23,trial_0_fold_1,LOCAL,/home/pborole/timeseries-classification/timeseries-classification/src/modeling/hpo.py,pborole,1cd039078f160584c3f8ef36c1573c14a9aaf802
7c30a17c3fc44b8aa40fb77c94a8ed2b,549259982933952719,FINISHED,file:///home/pborole/timeseries-classification/timeseries-classification/mlruns/549259982933952719/7c30a17c3fc44b8aa40fb77c94a8ed2b/artifacts,2026-02-05 14:39:13.322000+00:00,2026-02-05 14:39:41.865000+00:00,0.8444444444444444,0.8793103448275862,0.888268156424581,26.0,0.85,0.8940388655462185,0.9104899796992629,0.400141937037309,0.9049220620681686,0.42367680569489796,0.8939075630252101,0.9107142857142857,0.8611111111111112,45.0,0.8917748917748918,0.865546218487395,0.2658574150344513,0.9196428571428571,,,,,,,,,,,,,bd0184ce4e0b4adfa42d3b4ce1ebfc23,trial_0_fold_0,LOCAL,/home/pborole/timeseries-classification/timeseries-classification/src/modeling/hpo.py,pborole,1cd039078f160584c3f8ef36c1573c14a9aaf802
bd0184ce4e0b4adfa42d3b4ce1ebfc23,549259982933952719,FINISHED,file:///home/pborole/timeseries-classification/timeseries-classification/mlruns/549259982933952719/bd0184ce4e0b4adfa42d3b4ce1ebfc23/artifacts,2026-02-05 14:39:13.139000+00:00,2026-02-05 14:41:12.569000+00:00,,,,,,,,,,,,,,,,,,,0.8994254694668911,44.0,,"[20, 10]",20,ts2vec,250,f1,73,0.0071144760093434225,0.18727005942368125,5,,trial_0,LOCAL,/home/pborole/timeseries-classification/timeseries-classification/src/modeling/hpo.py,pborole,1cd039078f160584c3f8ef36c1573c14a9aaf802
