run_id,experiment_id,status,artifact_uri,start_time,end_time,metrics.best_val_precision,metrics.val_auprc,metrics.val_acc,metrics.best_val_accuracy,metrics.best_val_f1,metrics.train_acc,metrics.val_f1,metrics.best_epoch,metrics.train_loss,metrics.val_precision,metrics.best_val_auroc,metrics.best_val_auprc,metrics.best_val_recall,metrics.val_loss,metrics.best_val_loss,metrics.val_auroc,metrics.val_recall,metrics.mean_best_val_f1,metrics.pruned,params.monitor_metric,params.lr,params.max_epochs,params.patience,params.embedder_name,params.dropout,params.hidden_dims,params.batch_size,params.n_splits,tags.mlflow.parentRunId,tags.mlflow.source.type,tags.mlflow.source.name,tags.mlflow.runName,tags.mlflow.user,tags.mlflow.source.git.commit,metrics.final_epoch,metrics.mean_final_epoch
b48f7442d88541f597b6802bb2edf430,259476623550462286,FINISHED,file:///home/pborole/timeseries-classification/timeseries-classification/mlruns/259476623550462286/b48f7442d88541f597b6802bb2edf430/artifacts,2025-12-05 04:40:55.739000+00:00,2025-12-05 04:43:26.087000+00:00,0.8046875,0.898573547085258,0.7988826815642458,0.8100558659217877,0.8583333333333333,0.7949790794979079,0.8487394957983193,17.0,0.4284727916308526,0.8015873015873016,0.8454157782515992,0.8632655824934974,0.9196428571428572,0.450989288990724,0.5027624263776748,0.8668710021321961,0.9017857142857144,,,,,,,,,,,,8a934f119a4442769129572306862930,LOCAL,/home/pborole/timeseries-classification/timeseries-classification/src/modeling/hpo.py,trial_49_fold_4,pborole,1da1e8bdaf2011059296e17a025e975cf8ec7719,37.0,
ddafa121ba934e1e80d9fe6de27e4bea,259476623550462286,FINISHED,file:///home/pborole/timeseries-classification/timeseries-classification/mlruns/259476623550462286/ddafa121ba934e1e80d9fe6de27e4bea/artifacts,2025-12-05 04:37:21.197000+00:00,2025-12-05 04:40:55.672000+00:00,0.8015873015873016,0.8465430575426518,0.7541899441340782,0.7988826815642458,0.8487394957983193,0.8382147838214784,0.811965811965812,34.0,0.3836159299607057,0.7786885245901639,0.82022921108742,0.863187421787929,0.9017857142857144,0.6052402036483061,0.5407258448654046,0.7943763326226012,0.8482142857142857,,,,,,,,,,,,8a934f119a4442769129572306862930,LOCAL,/home/pborole/timeseries-classification/timeseries-classification/src/modeling/hpo.py,trial_49_fold_3,pborole,1da1e8bdaf2011059296e17a025e975cf8ec7719,54.0,
7202fc7bd3154e11adb759dc47135a89,259476623550462286,FINISHED,file:///home/pborole/timeseries-classification/timeseries-classification/mlruns/259476623550462286/7202fc7bd3154e11adb759dc47135a89/artifacts,2025-12-05 04:34:52.054000+00:00,2025-12-05 04:37:21.159000+00:00,0.7716535433070866,0.8196390756567904,0.7486033519553073,0.7597765363128491,0.8200836820083682,0.7894002789400278,0.8034934497816594,18.0,0.440077828687604,0.7863247863247863,0.7739872068230278,0.8197595997265118,0.875,0.583055532844373,0.5536300842988424,0.7757196162046909,0.8214285714285714,,,,,,,,,,,,8a934f119a4442769129572306862930,LOCAL,/home/pborole/timeseries-classification/timeseries-classification/src/modeling/hpo.py,trial_49_fold_2,pborole,1da1e8bdaf2011059296e17a025e975cf8ec7719,38.0,
9aa9d80fa28c4c8d8a363a3085e0d237,259476623550462286,FINISHED,file:///home/pborole/timeseries-classification/timeseries-classification/mlruns/259476623550462286/9aa9d80fa28c4c8d8a363a3085e0d237/artifacts,2025-12-05 04:32:13.570000+00:00,2025-12-05 04:34:52.018000+00:00,0.75,0.8293965565482685,0.7206703910614525,0.7430167597765364,0.8114754098360656,0.8298465829846583,0.7863247863247863,20.0,0.3971599202026383,0.7540983606557377,0.7911780383795309,0.8641020440898297,0.8839285714285714,0.5819270630788537,0.5404547164893018,0.757862473347548,0.8214285714285714,,,,,,,,,,,,8a934f119a4442769129572306862930,LOCAL,/home/pborole/timeseries-classification/timeseries-classification/src/modeling/hpo.py,trial_49_fold_1,pborole,1da1e8bdaf2011059296e17a025e975cf8ec7719,40.0,
205451c5439f4a089c188ae76e2ead8d,259476623550462286,FINISHED,file:///home/pborole/timeseries-classification/timeseries-classification/mlruns/259476623550462286/205451c5439f4a089c188ae76e2ead8d/artifacts,2025-12-05 04:27:37.165000+00:00,2025-12-05 04:32:13.484000+00:00,0.7642857142857142,0.850289432876911,0.7555555555555555,0.7888888888888889,0.8492063492063492,0.8016759776536313,0.828125,49.0,0.3802184809269852,0.7361111111111112,0.8017988445378151,0.8378730343379043,0.9553571428571428,0.5900220642487208,0.5576703493793805,0.7991071428571428,0.9464285714285714,,,,,,,,,,,,8a934f119a4442769129572306862930,LOCAL,/home/pborole/timeseries-classification/timeseries-classification/src/modeling/hpo.py,trial_49_fold_0,pborole,1da1e8bdaf2011059296e17a025e975cf8ec7719,69.0,
8a934f119a4442769129572306862930,259476623550462286,FINISHED,file:///home/pborole/timeseries-classification/timeseries-classification/mlruns/259476623550462286/8a934f119a4442769129572306862930/artifacts,2025-12-05 04:27:36.563000+00:00,2025-12-05 04:43:26.228000+00:00,,,,,,,,,,,,,,,,,,0.8375676540364871,,f1,0.0011643315709897,250.0,20.0,timesfm,0.2849527378148702,"[20, 10]",57.0,5.0,,LOCAL,/home/pborole/timeseries-classification/timeseries-classification/src/modeling/hpo.py,trial_49,pborole,1da1e8bdaf2011059296e17a025e975cf8ec7719,,50.0
b5000efe0e4e45458ed8a44ab77acb0a,259476623550462286,FINISHED,file:///home/pborole/timeseries-classification/timeseries-classification/mlruns/259476623550462286/b5000efe0e4e45458ed8a44ab77acb0a/artifacts,2025-12-05 04:24:42.708000+00:00,2025-12-05 04:27:36.421000+00:00,0.7950819672131147,0.8103136238300916,0.7262569832402235,0.776536312849162,0.8290598290598291,0.7796373779637378,0.8032128514056225,23.0,0.4961186838199903,0.7299270072992701,0.7949093816631131,0.8432366204110888,0.8660714285714286,0.5849803383123942,0.5307253690738252,0.755930170575693,0.8928571428571429,,,,,,,,,,,,435f62d07c704fd7802abd395c322de9,LOCAL,/home/pborole/timeseries-classification/timeseries-classification/src/modeling/hpo.py,trial_48_fold_2,pborole,1da1e8bdaf2011059296e17a025e975cf8ec7719,43.0,
46787505f82e47128db5e3a6a13163f6,259476623550462286,FINISHED,file:///home/pborole/timeseries-classification/timeseries-classification/mlruns/259476623550462286/46787505f82e47128db5e3a6a13163f6/artifacts,2025-12-05 04:21:30.091000+00:00,2025-12-05 04:24:42.574000+00:00,0.7410071942446043,0.8402500452551248,0.7374301675977654,0.7486033519553073,0.8207171314741036,0.7949790794979079,0.8016877637130801,27.0,0.4411626316845999,0.76,0.7997734541577824,0.853408211749649,0.9196428571428572,0.5731571869477213,0.5324461247001946,0.7883795309168443,0.8482142857142857,,,,,,,,,,,,435f62d07c704fd7802abd395c322de9,LOCAL,/home/pborole/timeseries-classification/timeseries-classification/src/modeling/hpo.py,trial_48_fold_1,pborole,1da1e8bdaf2011059296e17a025e975cf8ec7719,47.0,
b435092cb1d64b58b5c9c7fa160b1392,259476623550462286,FINISHED,file:///home/pborole/timeseries-classification/timeseries-classification/mlruns/259476623550462286/b435092cb1d64b58b5c9c7fa160b1392/artifacts,2025-12-05 04:18:22.561000+00:00,2025-12-05 04:21:30.053000+00:00,0.7573529411764706,0.8490881520997208,0.7166666666666667,0.7666666666666667,0.8306451612903226,0.8072625698324022,0.7935222672064778,25.0,0.4218989499537638,0.725925925925926,0.7715336134453782,0.8239345945740619,0.9196428571428572,0.598786919315656,0.5665754066573249,0.7830882352941176,0.875,,,,,,,,,,,,435f62d07c704fd7802abd395c322de9,LOCAL,/home/pborole/timeseries-classification/timeseries-classification/src/modeling/hpo.py,trial_48_fold_0,pborole,1da1e8bdaf2011059296e17a025e975cf8ec7719,45.0,
435f62d07c704fd7802abd395c322de9,259476623550462286,FAILED,file:///home/pborole/timeseries-classification/timeseries-classification/mlruns/259476623550462286/435f62d07c704fd7802abd395c322de9/artifacts,2025-12-05 04:18:21.763000+00:00,2025-12-05 04:27:36.476000+00:00,,,,,,,,,,,,,,,,,,,1.0,f1,0.0018269432965846,250.0,20.0,timesfm,0.2407681399665572,"[20, 10]",34.0,5.0,,LOCAL,/home/pborole/timeseries-classification/timeseries-classification/src/modeling/hpo.py,trial_48,pborole,1da1e8bdaf2011059296e17a025e975cf8ec7719,,57.0
e00c059d3614498d90d8c186eb03e436,259476623550462286,FINISHED,file:///home/pborole/timeseries-classification/timeseries-classification/mlruns/259476623550462286/e00c059d3614498d90d8c186eb03e436/artifacts,2025-12-05 04:13:48.011000+00:00,2025-12-05 04:18:21.064000+00:00,0.7950819672131147,0.8379205664054789,0.770949720670391,0.776536312849162,0.8290598290598291,0.8047419804741981,0.8240343347639485,41.0,0.4517418508582866,0.7933884297520661,0.796908315565032,0.8420429455618522,0.8660714285714286,0.5342177538898404,0.5277568383256817,0.7923773987206822,0.8571428571428571,,,,,,,,,,,,872e62b532f34b46a3d75fb1503e9709,LOCAL,/home/pborole/timeseries-classification/timeseries-classification/src/modeling/hpo.py,trial_47_fold_2,pborole,1da1e8bdaf2011059296e17a025e975cf8ec7719,61.0,
0d5e2a31d322498f9b9953e9be721698,259476623550462286,FINISHED,file:///home/pborole/timeseries-classification/timeseries-classification/mlruns/259476623550462286/0d5e2a31d322498f9b9953e9be721698/artifacts,2025-12-05 04:09:30.550000+00:00,2025-12-05 04:13:47.880000+00:00,0.7372262773722628,0.8211367871287791,0.7150837988826816,0.7374301675977654,0.8112449799196787,0.7866108786610879,0.7866108786610879,37.0,0.465331159209939,0.7401574803149606,0.7627931769722813,0.8110083090713922,0.9017857142857144,0.5492872228669055,0.5652695241587122,0.7761194029850746,0.8392857142857143,,,,,,,,,,,,872e62b532f34b46a3d75fb1503e9709,LOCAL,/home/pborole/timeseries-classification/timeseries-classification/src/modeling/hpo.py,trial_47_fold_1,pborole,1da1e8bdaf2011059296e17a025e975cf8ec7719,57.0,
44979ea4979641d5842f7e80ca5cb366,259476623550462286,FINISHED,file:///home/pborole/timeseries-classification/timeseries-classification/mlruns/259476623550462286/44979ea4979641d5842f7e80ca5cb366/artifacts,2025-12-05 04:05:55.921000+00:00,2025-12-05 04:09:30.318000+00:00,0.7278911564625851,0.8348010805027245,0.7333333333333333,0.75,0.8262548262548263,0.7946927374301676,0.8153846153846154,28.0,0.4545012399471005,0.7162162162162162,0.7706144957983192,0.8207475899133962,0.9553571428571428,0.5433444605933295,0.5577303263876173,0.7943802521008403,0.9464285714285714,,,,,,,,,,,,872e62b532f34b46a3d75fb1503e9709,LOCAL,/home/pborole/timeseries-classification/timeseries-classification/src/modeling/hpo.py,trial_47_fold_0,pborole,1da1e8bdaf2011059296e17a025e975cf8ec7719,48.0,
872e62b532f34b46a3d75fb1503e9709,259476623550462286,FAILED,file:///home/pborole/timeseries-classification/timeseries-classification/mlruns/259476623550462286/872e62b532f34b46a3d75fb1503e9709/artifacts,2025-12-05 04:05:55.152000+00:00,2025-12-05 04:18:21.392000+00:00,,,,,,,,,,,,,,,,,,,1.0,f1,0.000175281148295,250.0,20.0,timesfm,0.3821346518465741,"[20, 10]",16.0,5.0,,LOCAL,/home/pborole/timeseries-classification/timeseries-classification/src/modeling/hpo.py,trial_47,pborole,1da1e8bdaf2011059296e17a025e975cf8ec7719,,60.0
e669701ed6464998a8ffd4fd6dbc7eb6,259476623550462286,FINISHED,file:///home/pborole/timeseries-classification/timeseries-classification/mlruns/259476623550462286/e669701ed6464998a8ffd4fd6dbc7eb6/artifacts,2025-12-05 04:02:27.582000+00:00,2025-12-05 04:05:54.672000+00:00,0.8174603174603174,0.8941046146744072,0.8044692737430168,0.8212290502793296,0.865546218487395,0.797768479776848,0.8497854077253219,29.0,0.4207306505080879,0.8181818181818182,0.8411513859275054,0.866616752835307,0.9196428571428572,0.449176833533042,0.4861412929090041,0.8659381663113006,0.8839285714285714,,,,,,,,,,,,0a7dc563c69f453a8c0f59c112f9eff6,LOCAL,/home/pborole/timeseries-classification/timeseries-classification/src/modeling/hpo.py,trial_46_fold_4,pborole,1da1e8bdaf2011059296e17a025e975cf8ec7719,49.0,
80f4601a9f394d42b2e070768665e8f8,259476623550462286,FINISHED,file:///home/pborole/timeseries-classification/timeseries-classification/mlruns/259476623550462286/80f4601a9f394d42b2e070768665e8f8/artifacts,2025-12-05 04:00:19.565000+00:00,2025-12-05 04:02:27.563000+00:00,0.811965811965812,0.8440556841164357,0.7541899441340782,0.7821229050279329,0.8296943231441049,0.806136680613668,0.808695652173913,10.0,0.4278079998709334,0.788135593220339,0.7698560767590619,0.8252476575441587,0.8482142857142857,0.5463074397441395,0.5649276389090042,0.7930437100213219,0.8303571428571429,,,,,,,,,,,,0a7dc563c69f453a8c0f59c112f9eff6,LOCAL,/home/pborole/timeseries-classification/timeseries-classification/src/modeling/hpo.py,trial_46_fold_3,pborole,1da1e8bdaf2011059296e17a025e975cf8ec7719,30.0,
4bb3c611717e465dbc4b5b9159a7f2b8,259476623550462286,FINISHED,file:///home/pborole/timeseries-classification/timeseries-classification/mlruns/259476623550462286/4bb3c611717e465dbc4b5b9159a7f2b8/artifacts,2025-12-05 03:56:43.387000+00:00,2025-12-05 04:00:19.528000+00:00,0.7829457364341085,0.8553706763219098,0.776536312849162,0.7821229050279329,0.8381742738589212,0.806136680613668,0.8260869565217391,31.0,0.4158549604306161,0.8050847457627118,0.8041044776119404,0.844348445732934,0.9017857142857144,0.5141164776999191,0.5131051137460677,0.8110341151385927,0.8482142857142857,,,,,,,,,,,,0a7dc563c69f453a8c0f59c112f9eff6,LOCAL,/home/pborole/timeseries-classification/timeseries-classification/src/modeling/hpo.py,trial_46_fold_2,pborole,1da1e8bdaf2011059296e17a025e975cf8ec7719,51.0,
32d7b92ad566492abcd6f5ffca40cec2,259476623550462286,FINISHED,file:///home/pborole/timeseries-classification/timeseries-classification/mlruns/259476623550462286/32d7b92ad566492abcd6f5ffca40cec2/artifacts,2025-12-05 03:50:41.329000+00:00,2025-12-05 03:56:43.275000+00:00,0.7727272727272727,0.8533769299808727,0.770949720670391,0.776536312849162,0.8360655737704918,0.8577405857740585,0.8240343347639485,64.0,0.3776024629048888,0.7933884297520661,0.8113006396588486,0.8602628445927789,0.9107142857142856,0.5643358152338912,0.5382739263872861,0.8059701492537313,0.8571428571428571,,,,,,,,,,,,0a7dc563c69f453a8c0f59c112f9eff6,LOCAL,/home/pborole/timeseries-classification/timeseries-classification/src/modeling/hpo.py,trial_46_fold_1,pborole,1da1e8bdaf2011059296e17a025e975cf8ec7719,84.0,
222ce6e7ea074da9a4de70f76e0749f8,259476623550462286,FINISHED,file:///home/pborole/timeseries-classification/timeseries-classification/mlruns/259476623550462286/222ce6e7ea074da9a4de70f76e0749f8/artifacts,2025-12-05 03:46:15.289000+00:00,2025-12-05 03:50:41.292000+00:00,0.7753623188405797,0.8397881981561961,0.7777777777777778,0.8,0.856,0.8142458100558659,0.84,42.0,0.4293543499525032,0.7608695652173914,0.8248424369747899,0.850637037759591,0.9553571428571428,0.5234542303615146,0.5163448188039992,0.818014705882353,0.9375,,,,,,,,,,,,0a7dc563c69f453a8c0f59c112f9eff6,LOCAL,/home/pborole/timeseries-classification/timeseries-classification/src/modeling/hpo.py,trial_46_fold_0,pborole,1da1e8bdaf2011059296e17a025e975cf8ec7719,62.0,
0a7dc563c69f453a8c0f59c112f9eff6,259476623550462286,FINISHED,file:///home/pborole/timeseries-classification/timeseries-classification/mlruns/259476623550462286/0a7dc563c69f453a8c0f59c112f9eff6/artifacts,2025-12-05 03:46:14.459000+00:00,2025-12-05 04:05:54.790000+00:00,,,,,,,,,,,,,,,,,,0.8450960778521825,,f1,0.0002895024192821,250.0,20.0,timesfm,0.2771473581935856,"[20, 10]",22.0,5.0,,LOCAL,/home/pborole/timeseries-classification/timeseries-classification/src/modeling/hpo.py,trial_46,pborole,1da1e8bdaf2011059296e17a025e975cf8ec7719,,55.0
6370883439974557aa407608e6d6df38,259476623550462286,FINISHED,file:///home/pborole/timeseries-classification/timeseries-classification/mlruns/259476623550462286/6370883439974557aa407608e6d6df38/artifacts,2025-12-05 03:42:16.140000+00:00,2025-12-05 03:46:14.068000+00:00,0.816,0.8716900156613048,0.776536312849162,0.8156424581005587,0.8607594936708861,0.796373779637378,0.8214285714285714,38.0,0.4340564062405829,0.8214285714285714,0.8695362473347547,0.8847259959922336,0.9107142857142856,0.477204006810428,0.4716436986150688,0.8453491471215352,0.8214285714285714,,,,,,,,,,,,62bf36125cc94354bcb1d88cea5bcab4,LOCAL,/home/pborole/timeseries-classification/timeseries-classification/src/modeling/hpo.py,trial_45_fold_4,pborole,1da1e8bdaf2011059296e17a025e975cf8ec7719,58.0,
29d27963241e41c1a18e4ca65c0d1ef1,259476623550462286,FINISHED,file:///home/pborole/timeseries-classification/timeseries-classification/mlruns/259476623550462286/29d27963241e41c1a18e4ca65c0d1ef1/artifacts,2025-12-05 03:37:12.204000+00:00,2025-12-05 03:42:16.095000+00:00,0.7936507936507936,0.8270045050575126,0.7486033519553073,0.7877094972067039,0.8403361344537815,0.7656903765690377,0.8163265306122449,54.0,0.4868894615515838,0.7518796992481203,0.7718550106609808,0.8215086819949566,0.8928571428571429,0.6049975859386295,0.552007133401306,0.7771855010660981,0.8928571428571429,,,,,,,,,,,,62bf36125cc94354bcb1d88cea5bcab4,LOCAL,/home/pborole/timeseries-classification/timeseries-classification/src/modeling/hpo.py,trial_45_fold_3,pborole,1da1e8bdaf2011059296e17a025e975cf8ec7719,74.0,
bbf041368f4147c5a8c16719465b23db,259476623550462286,FINISHED,file:///home/pborole/timeseries-classification/timeseries-classification/mlruns/259476623550462286/bbf041368f4147c5a8c16719465b23db/artifacts,2025-12-05 03:33:04.448000+00:00,2025-12-05 03:37:12.012000+00:00,0.8032786885245902,0.8469608157519328,0.7262569832402235,0.7877094972067039,0.8376068376068376,0.8117154811715481,0.7949790794979079,39.0,0.4436405094930151,0.7480314960629921,0.8141657782515992,0.8576296180137136,0.875,0.638768750695543,0.5268097498230428,0.7719882729211087,0.8482142857142857,,,,,,,,,,,,62bf36125cc94354bcb1d88cea5bcab4,LOCAL,/home/pborole/timeseries-classification/timeseries-classification/src/modeling/hpo.py,trial_45_fold_2,pborole,1da1e8bdaf2011059296e17a025e975cf8ec7719,59.0,
48b9d53e890d43639e4c7c94af3c7760,259476623550462286,FINISHED,file:///home/pborole/timeseries-classification/timeseries-classification/mlruns/259476623550462286/48b9d53e890d43639e4c7c94af3c7760/artifacts,2025-12-05 03:27:49.848000+00:00,2025-12-05 03:33:04.417000+00:00,0.7518248175182481,0.837642833178734,0.7318435754189944,0.7597765363128491,0.8273092369477911,0.806136680613668,0.8048780487804879,56.0,0.4229726824218425,0.7388059701492538,0.8175639658848615,0.8796357369015215,0.9196428571428572,0.621721477481906,0.5410708536981871,0.7746535181236673,0.8839285714285714,,,,,,,,,,,,62bf36125cc94354bcb1d88cea5bcab4,LOCAL,/home/pborole/timeseries-classification/timeseries-classification/src/modeling/hpo.py,trial_45_fold_1,pborole,1da1e8bdaf2011059296e17a025e975cf8ec7719,76.0,
bc4daa531d51436594739c7a73b32bc5,259476623550462286,FINISHED,file:///home/pborole/timeseries-classification/timeseries-classification/mlruns/259476623550462286/bc4daa531d51436594739c7a73b32bc5/artifacts,2025-12-05 03:23:38.465000+00:00,2025-12-05 03:27:49.729000+00:00,0.7835820895522388,0.8468175555716355,0.7555555555555555,0.8,0.8536585365853658,0.7988826815642458,0.8181818181818182,41.0,0.4547699325140462,0.7615384615384615,0.8184086134453782,0.8595080679272359,0.9375,0.5475486738814248,0.5124755937192175,0.7992384453781513,0.8839285714285714,,,,,,,,,,,,62bf36125cc94354bcb1d88cea5bcab4,LOCAL,/home/pborole/timeseries-classification/timeseries-classification/src/modeling/hpo.py,trial_45_fold_0,pborole,1da1e8bdaf2011059296e17a025e975cf8ec7719,61.0,
62bf36125cc94354bcb1d88cea5bcab4,259476623550462286,FINISHED,file:///home/pborole/timeseries-classification/timeseries-classification/mlruns/259476623550462286/62bf36125cc94354bcb1d88cea5bcab4/artifacts,2025-12-05 03:23:37.788000+00:00,2025-12-05 03:46:14.170000+00:00,,,,,,,,,,,,,,,,,,0.8439340478529325,,f1,0.0007894410682822,250.0,20.0,timesfm,0.3323087047777136,"[20, 10]",31.0,5.0,,LOCAL,/home/pborole/timeseries-classification/timeseries-classification/src/modeling/hpo.py,trial_45,pborole,1da1e8bdaf2011059296e17a025e975cf8ec7719,,54.0
e97e9f5f877c461590e64100e07cf637,259476623550462286,FINISHED,file:///home/pborole/timeseries-classification/timeseries-classification/mlruns/259476623550462286/e97e9f5f877c461590e64100e07cf637/artifacts,2025-12-05 03:18:40.155000+00:00,2025-12-05 03:23:37.274000+00:00,0.7611940298507462,0.8206634095044073,0.7486033519553073,0.7653631284916201,0.8292682926829268,0.7838214783821479,0.8148148148148148,46.0,0.4798927491678852,0.7557251908396947,0.7986407249466951,0.8328355436896233,0.9107142857142856,0.5839829431565781,0.5335527526932722,0.7747867803837953,0.8839285714285714,,,,,,,,,,,,4722c6d1f3d448089da8e0713b413ed0,LOCAL,/home/pborole/timeseries-classification/timeseries-classification/src/modeling/hpo.py,trial_44_fold_2,pborole,1da1e8bdaf2011059296e17a025e975cf8ec7719,66.0,
d5ce4244c77444019af5a78fbd96a5ec,259476623550462286,FINISHED,file:///home/pborole/timeseries-classification/timeseries-classification/mlruns/259476623550462286/d5ce4244c77444019af5a78fbd96a5ec/artifacts,2025-12-05 03:15:55.706000+00:00,2025-12-05 03:18:40.015000+00:00,0.7428571428571429,0.8427710198705132,0.6927374301675978,0.7541899441340782,0.8253968253968254,0.7656903765690377,0.7773279352226721,17.0,0.5022202151589813,0.7111111111111111,0.7901119402985076,0.8669407987012866,0.9285714285714286,0.5648938460722982,0.5420826105765124,0.7634594882729212,0.8571428571428571,,,,,,,,,,,,4722c6d1f3d448089da8e0713b413ed0,LOCAL,/home/pborole/timeseries-classification/timeseries-classification/src/modeling/hpo.py,trial_44_fold_1,pborole,1da1e8bdaf2011059296e17a025e975cf8ec7719,37.0,
8fd7635959b842f4b6a29128bef6d079,259476623550462286,FINISHED,file:///home/pborole/timeseries-classification/timeseries-classification/mlruns/259476623550462286/8fd7635959b842f4b6a29128bef6d079/artifacts,2025-12-05 03:11:56.662000+00:00,2025-12-05 03:15:55.670000+00:00,0.7094594594594594,0.813780481841041,0.7166666666666667,0.7222222222222222,0.8076923076923077,0.7583798882681564,0.8,34.0,0.4898688158009971,0.7132867132867133,0.7584033613445379,0.7997388232276528,0.9375,0.5676942110061646,0.5718478590250016,0.7685136554621849,0.9107142857142856,,,,,,,,,,,,4722c6d1f3d448089da8e0713b413ed0,LOCAL,/home/pborole/timeseries-classification/timeseries-classification/src/modeling/hpo.py,trial_44_fold_0,pborole,1da1e8bdaf2011059296e17a025e975cf8ec7719,54.0,
4722c6d1f3d448089da8e0713b413ed0,259476623550462286,FAILED,file:///home/pborole/timeseries-classification/timeseries-classification/mlruns/259476623550462286/4722c6d1f3d448089da8e0713b413ed0/artifacts,2025-12-05 03:11:56.069000+00:00,2025-12-05 03:23:37.493000+00:00,,,,,,,,,,,,,,,,,,,1.0,f1,0.0005694203518212,250.0,20.0,timesfm,0.4019507906380754,"[20, 10]",18.0,5.0,,LOCAL,/home/pborole/timeseries-classification/timeseries-classification/src/modeling/hpo.py,trial_44,pborole,1da1e8bdaf2011059296e17a025e975cf8ec7719,,52.0
5b1803b79f4249db89e72344827775f4,259476623550462286,FINISHED,file:///home/pborole/timeseries-classification/timeseries-classification/mlruns/259476623550462286/5b1803b79f4249db89e72344827775f4/artifacts,2025-12-05 03:07:39.930000+00:00,2025-12-05 03:11:55.644000+00:00,0.7878787878787878,0.8518821909223264,0.7821229050279329,0.7988826815642458,0.8524590163934426,0.7754532775453278,0.8354430379746836,40.0,0.4788877172200749,0.792,0.8252931769722813,0.8474087407602521,0.9285714285714286,0.4995204082081437,0.5149626553724598,0.8206289978678037,0.8839285714285714,,,,,,,,,,,,8d528e0a145348a4a278bb7e063f18cd,LOCAL,/home/pborole/timeseries-classification/timeseries-classification/src/modeling/hpo.py,trial_43_fold_2,pborole,1da1e8bdaf2011059296e17a025e975cf8ec7719,60.0,
ac1b5fc7501e4dbdb4d750c22c6bc655,259476623550462286,FINISHED,file:///home/pborole/timeseries-classification/timeseries-classification/mlruns/259476623550462286/ac1b5fc7501e4dbdb4d750c22c6bc655/artifacts,2025-12-05 03:06:04.550000+00:00,2025-12-05 03:07:39.877000+00:00,0.6395348837209303,0.8228406761013831,0.6424581005586593,0.6424581005586593,0.7746478873239436,0.694560669456067,0.7681159420289855,3.0,0.5861511807395158,0.6463414634146342,0.6368603411513859,0.7542033658691704,0.9821428571428572,0.6017722344265304,0.6504084231467221,0.75,0.9464285714285714,,,,,,,,,,,,8d528e0a145348a4a278bb7e063f18cd,LOCAL,/home/pborole/timeseries-classification/timeseries-classification/src/modeling/hpo.py,trial_43_fold_1,pborole,1da1e8bdaf2011059296e17a025e975cf8ec7719,23.0,
4d2af4f9d771497ebd87d91c51d72e16,259476623550462286,FINISHED,file:///home/pborole/timeseries-classification/timeseries-classification/mlruns/259476623550462286/4d2af4f9d771497ebd87d91c51d72e16/artifacts,2025-12-05 02:58:42.028000+00:00,2025-12-05 03:06:04.471000+00:00,0.7446808510638298,0.8378017018317101,0.7388888888888889,0.7611111111111111,0.8300395256916996,0.8114525139664804,0.8112449799196787,86.0,0.4420059540168533,0.7372262773722628,0.7914915966386554,0.8337515180450564,0.9375,0.5315501425001357,0.5368261436621348,0.7980567226890756,0.9017857142857144,,,,,,,,,,,,8d528e0a145348a4a278bb7e063f18cd,LOCAL,/home/pborole/timeseries-classification/timeseries-classification/src/modeling/hpo.py,trial_43_fold_0,pborole,1da1e8bdaf2011059296e17a025e975cf8ec7719,106.0,
8d528e0a145348a4a278bb7e063f18cd,259476623550462286,FAILED,file:///home/pborole/timeseries-classification/timeseries-classification/mlruns/259476623550462286/8d528e0a145348a4a278bb7e063f18cd/artifacts,2025-12-05 02:58:41.268000+00:00,2025-12-05 03:11:55.775000+00:00,,,,,,,,,,,,,,,,,,,1.0,f1,5.618847815773485e-05,250.0,20.0,timesfm,0.2648746139137867,"[20, 10]",25.0,5.0,,LOCAL,/home/pborole/timeseries-classification/timeseries-classification/src/modeling/hpo.py,trial_43,pborole,1da1e8bdaf2011059296e17a025e975cf8ec7719,,50.0
5a9aa38ab52741cebece6e1cf9bf6de5,259476623550462286,FINISHED,file:///home/pborole/timeseries-classification/timeseries-classification/mlruns/259476623550462286/5a9aa38ab52741cebece6e1cf9bf6de5/artifacts,2025-12-05 02:55:18.118000+00:00,2025-12-05 02:58:40.893000+00:00,0.7846153846153846,0.8646484283884048,0.7932960893854749,0.7877094972067039,0.8429752066115702,0.7698744769874477,0.8425531914893617,27.0,0.4843060656072704,0.8048780487804879,0.8564765458422174,0.8763004085626025,0.9107142857142856,0.4743783277506269,0.5085869722859153,0.8510127931769723,0.8839285714285714,,,,,,,,,,,,9422c05ea5774a5aaefdcc7477609c1f,LOCAL,/home/pborole/timeseries-classification/timeseries-classification/src/modeling/hpo.py,trial_42_fold_4,pborole,1da1e8bdaf2011059296e17a025e975cf8ec7719,47.0,
32ad8805b7a34b67b9c528badbd123a8,259476623550462286,FINISHED,file:///home/pborole/timeseries-classification/timeseries-classification/mlruns/259476623550462286/32ad8805b7a34b67b9c528badbd123a8/artifacts,2025-12-05 02:49:19.282000+00:00,2025-12-05 02:55:18.059000+00:00,0.8015873015873016,0.8369631114895649,0.776536312849162,0.7988826815642458,0.8487394957983193,0.8117154811715481,0.8333333333333334,63.0,0.4245722763801469,0.78125,0.7853144989339019,0.8352557054004031,0.9017857142857144,0.5332711322347545,0.5400750868480299,0.7958422174840085,0.8928571428571429,,,,,,,,,,,,9422c05ea5774a5aaefdcc7477609c1f,LOCAL,/home/pborole/timeseries-classification/timeseries-classification/src/modeling/hpo.py,trial_42_fold_3,pborole,1da1e8bdaf2011059296e17a025e975cf8ec7719,83.0,
cc4669238a5048109259a0baacd2fa69,259476623550462286,FINISHED,file:///home/pborole/timeseries-classification/timeseries-classification/mlruns/259476623550462286/cc4669238a5048109259a0baacd2fa69/artifacts,2025-12-05 02:44:18.147000+00:00,2025-12-05 02:49:19.143000+00:00,0.7890625,0.8263637664822688,0.7653631284916201,0.7877094972067039,0.8416666666666667,0.8423988842398884,0.8205128205128205,50.0,0.389289711559168,0.7868852459016393,0.7875799573560768,0.8340314872780229,0.9017857142857144,0.5394589674539406,0.5168565709830663,0.7863805970149254,0.8571428571428571,,,,,,,,,,,,9422c05ea5774a5aaefdcc7477609c1f,LOCAL,/home/pborole/timeseries-classification/timeseries-classification/src/modeling/hpo.py,trial_42_fold_2,pborole,1da1e8bdaf2011059296e17a025e975cf8ec7719,70.0,
a41630208096460484ea55b6aedca3f4,259476623550462286,FINISHED,file:///home/pborole/timeseries-classification/timeseries-classification/mlruns/259476623550462286/a41630208096460484ea55b6aedca3f4/artifacts,2025-12-05 02:41:28.282000+00:00,2025-12-05 02:44:18.105000+00:00,0.7615384615384615,0.8700729250843595,0.7094972067039106,0.7541899441340782,0.8181818181818182,0.7880055788005579,0.7699115044247787,19.0,0.4710648054857134,0.7631578947368421,0.7862473347547976,0.86250519401208,0.8839285714285714,0.5355797461624252,0.5459017242466271,0.7925106609808102,0.7767857142857143,,,,,,,,,,,,9422c05ea5774a5aaefdcc7477609c1f,LOCAL,/home/pborole/timeseries-classification/timeseries-classification/src/modeling/hpo.py,trial_42_fold_1,pborole,1da1e8bdaf2011059296e17a025e975cf8ec7719,39.0,
32865aa4f05b40f9bafe5efb8a53a1ff,259476623550462286,FINISHED,file:///home/pborole/timeseries-classification/timeseries-classification/mlruns/259476623550462286/32865aa4f05b40f9bafe5efb8a53a1ff/artifacts,2025-12-05 02:34:22.780000+00:00,2025-12-05 02:41:28.179000+00:00,0.7605633802816901,0.8494088247992784,0.7611111111111111,0.7888888888888889,0.8503937007874016,0.8379888268156425,0.8313725490196079,78.0,0.3780794422865413,0.7412587412587412,0.8153230042016807,0.8447977900393835,0.9642857142857144,0.5518132641911506,0.5276633789141972,0.825236344537815,0.9464285714285714,,,,,,,,,,,,9422c05ea5774a5aaefdcc7477609c1f,LOCAL,/home/pborole/timeseries-classification/timeseries-classification/src/modeling/hpo.py,trial_42_fold_0,pborole,1da1e8bdaf2011059296e17a025e975cf8ec7719,98.0,
9422c05ea5774a5aaefdcc7477609c1f,259476623550462286,FINISHED,file:///home/pborole/timeseries-classification/timeseries-classification/mlruns/259476623550462286/9422c05ea5774a5aaefdcc7477609c1f/artifacts,2025-12-05 02:34:21.974000+00:00,2025-12-05 02:58:40.965000+00:00,,,,,,,,,,,,,,,,,,0.8403913776091553,,f1,0.0002305788962121,250.0,20.0,timesfm,0.3490483200027007,"[20, 10]",21.0,5.0,,LOCAL,/home/pborole/timeseries-classification/timeseries-classification/src/modeling/hpo.py,trial_42,pborole,1da1e8bdaf2011059296e17a025e975cf8ec7719,,43.0
95426bf3f8bf43f08ecbc89efa154c54,259476623550462286,FINISHED,file:///home/pborole/timeseries-classification/timeseries-classification/mlruns/259476623550462286/95426bf3f8bf43f08ecbc89efa154c54/artifacts,2025-12-05 02:29:51.050000+00:00,2025-12-05 02:34:21.458000+00:00,0.8416666666666667,0.889769862357349,0.8212290502793296,0.8324022346368715,0.8706896551724138,0.8549511854951185,0.8558558558558559,44.0,0.3771211189455567,0.8636363636363636,0.8566098081023454,0.8867914657594109,0.9017857142857144,0.437466483542373,0.4575916590304348,0.8630063965884862,0.8482142857142857,,,,,,,,,,,,7e0a13fa3549403ca273e0dbf97a94b5,LOCAL,/home/pborole/timeseries-classification/timeseries-classification/src/modeling/hpo.py,trial_41_fold_4,pborole,1da1e8bdaf2011059296e17a025e975cf8ec7719,64.0,
2b47270efd3c499b9eb6a8ba482673a5,259476623550462286,FINISHED,file:///home/pborole/timeseries-classification/timeseries-classification/mlruns/259476623550462286/2b47270efd3c499b9eb6a8ba482673a5/artifacts,2025-12-05 02:25:36.595000+00:00,2025-12-05 02:29:50.933000+00:00,0.8181818181818182,0.8531683856152626,0.770949720670391,0.8044692737430168,0.8497854077253219,0.8326359832635983,0.8177777777777778,40.0,0.4041276018198896,0.8141592920353983,0.7995735607675906,0.8482001657790755,0.8839285714285714,0.548552961156355,0.5201419049135133,0.8006396588486141,0.8214285714285714,,,,,,,,,,,,7e0a13fa3549403ca273e0dbf97a94b5,LOCAL,/home/pborole/timeseries-classification/timeseries-classification/src/modeling/hpo.py,trial_41_fold_3,pborole,1da1e8bdaf2011059296e17a025e975cf8ec7719,60.0,
f47f6e57f4514c978f4ff8a52ae1fb96,259476623550462286,FINISHED,file:///home/pborole/timeseries-classification/timeseries-classification/mlruns/259476623550462286/f47f6e57f4514c978f4ff8a52ae1fb96/artifacts,2025-12-05 02:21:41.227000+00:00,2025-12-05 02:25:36.562000+00:00,0.808,0.863483182810713,0.7597765363128491,0.8044692737430168,0.8523206751054853,0.8591352859135286,0.8154506437768241,37.0,0.3725915901996767,0.7851239669421488,0.8075692963752666,0.8432671826857271,0.9017857142857144,0.5598455630867175,0.5287149458624131,0.8083688699360341,0.8482142857142857,,,,,,,,,,,,7e0a13fa3549403ca273e0dbf97a94b5,LOCAL,/home/pborole/timeseries-classification/timeseries-classification/src/modeling/hpo.py,trial_41_fold_2,pborole,1da1e8bdaf2011059296e17a025e975cf8ec7719,57.0,
e7d38bba4d11452da832b2636cf60671,259476623550462286,FINISHED,file:///home/pborole/timeseries-classification/timeseries-classification/mlruns/259476623550462286/e7d38bba4d11452da832b2636cf60671/artifacts,2025-12-05 02:17:44.489000+00:00,2025-12-05 02:21:41.157000+00:00,0.7445255474452555,0.858299627405435,0.7262569832402235,0.7486033519553073,0.8192771084337349,0.810320781032078,0.7966804979253111,35.0,0.4218778046188328,0.7441860465116279,0.7818496801705757,0.8472714821199361,0.9107142857142856,0.5549723151342829,0.5467747489833299,0.7949760127931769,0.8571428571428571,,,,,,,,,,,,7e0a13fa3549403ca273e0dbf97a94b5,LOCAL,/home/pborole/timeseries-classification/timeseries-classification/src/modeling/hpo.py,trial_41_fold_1,pborole,1da1e8bdaf2011059296e17a025e975cf8ec7719,55.0,
2c4270ccedee403a8bc88acaaa3c6480,259476623550462286,FINISHED,file:///home/pborole/timeseries-classification/timeseries-classification/mlruns/259476623550462286/2c4270ccedee403a8bc88acaaa3c6480/artifacts,2025-12-05 02:12:49.014000+00:00,2025-12-05 02:17:44.412000+00:00,0.7910447761194029,0.8286254579422834,0.7777777777777778,0.8111111111111111,0.8617886178861789,0.8589385474860335,0.8373983739837398,50.0,0.3576819004917611,0.7686567164179104,0.8094800420168067,0.8359379094534458,0.9464285714285714,0.611693498161104,0.5311242640018463,0.7993697478991597,0.9196428571428572,,,,,,,,,,,,7e0a13fa3549403ca273e0dbf97a94b5,LOCAL,/home/pborole/timeseries-classification/timeseries-classification/src/modeling/hpo.py,trial_41_fold_0,pborole,1da1e8bdaf2011059296e17a025e975cf8ec7719,70.0,
7e0a13fa3549403ca273e0dbf97a94b5,259476623550462286,FINISHED,file:///home/pborole/timeseries-classification/timeseries-classification/mlruns/259476623550462286/7e0a13fa3549403ca273e0dbf97a94b5/artifacts,2025-12-05 02:12:48.289000+00:00,2025-12-05 02:34:21.638000+00:00,,,,,,,,,,,,,,,,,,0.8507722928646269,,f1,0.0003735791778956,250.0,20.0,timesfm,0.3029423301406537,"[20, 10]",25.0,5.0,,LOCAL,/home/pborole/timeseries-classification/timeseries-classification/src/modeling/hpo.py,trial_41,pborole,1da1e8bdaf2011059296e17a025e975cf8ec7719,,51.0
da698b57097f44159a31cca307ecb132,259476623550462286,FINISHED,file:///home/pborole/timeseries-classification/timeseries-classification/mlruns/259476623550462286/da698b57097f44159a31cca307ecb132/artifacts,2025-12-05 02:09:54.767000+00:00,2025-12-05 02:12:48.005000+00:00,0.6858974358974359,0.8267020781060748,0.7150837988826816,0.6983240223463687,0.7985074626865671,0.7573221757322176,0.796812749003984,24.0,0.5133461036941497,0.7194244604316546,0.7460021321961621,0.8107647984775834,0.9553571428571428,0.5582720520776078,0.5920724489169413,0.7683901918976546,0.8928571428571429,,,,,,,,,,,,36a0b46e32c94f91acac8cc7538e4aba,LOCAL,/home/pborole/timeseries-classification/timeseries-classification/src/modeling/hpo.py,trial_40_fold_2,pborole,1da1e8bdaf2011059296e17a025e975cf8ec7719,44.0,
7e29c91427ed46e5b149c2b8fbcbeb65,259476623550462286,FINISHED,file:///home/pborole/timeseries-classification/timeseries-classification/mlruns/259476623550462286/7e29c91427ed46e5b149c2b8fbcbeb65/artifacts,2025-12-05 02:06:59.744000+00:00,2025-12-05 02:09:54.734000+00:00,0.6858974358974359,0.8785113028843956,0.7150837988826816,0.6983240223463687,0.7985074626865671,0.7587168758716876,0.7935222672064778,25.0,0.5075136230247955,0.725925925925926,0.7838486140724946,0.8760747917195313,0.9553571428571428,0.5502759741005285,0.5829656200701964,0.7954424307036246,0.875,,,,,,,,,,,,36a0b46e32c94f91acac8cc7538e4aba,LOCAL,/home/pborole/timeseries-classification/timeseries-classification/src/modeling/hpo.py,trial_40_fold_1,pborole,1da1e8bdaf2011059296e17a025e975cf8ec7719,45.0,
5f10180b921e4b9981e76b9a4a1125da,259476623550462286,FINISHED,file:///home/pborole/timeseries-classification/timeseries-classification/mlruns/259476623550462286/5f10180b921e4b9981e76b9a4a1125da/artifacts,2025-12-05 02:05:18.625000+00:00,2025-12-05 02:06:59.660000+00:00,0.6256983240223464,0.7912032134016548,0.6222222222222222,0.6277777777777778,0.7697594501718213,0.7053072625698324,0.75,6.0,0.5654367856972711,0.6375,0.5735294117647058,0.7123216859893301,1.0,0.6145535263750288,0.6574424005217022,0.6977415966386554,0.9107142857142856,,,,,,,,,,,,36a0b46e32c94f91acac8cc7538e4aba,LOCAL,/home/pborole/timeseries-classification/timeseries-classification/src/modeling/hpo.py,trial_40_fold_0,pborole,1da1e8bdaf2011059296e17a025e975cf8ec7719,26.0,
36a0b46e32c94f91acac8cc7538e4aba,259476623550462286,FAILED,file:///home/pborole/timeseries-classification/timeseries-classification/mlruns/259476623550462286/36a0b46e32c94f91acac8cc7538e4aba/artifacts,2025-12-05 02:05:17.932000+00:00,2025-12-05 02:12:48.124000+00:00,,,,,,,,,,,,,,,,,,,1.0,f1,9.926797887037378e-05,250.0,20.0,timesfm,0.1383576376095422,"[20, 10]",127.0,5.0,,LOCAL,/home/pborole/timeseries-classification/timeseries-classification/src/modeling/hpo.py,trial_40,pborole,1da1e8bdaf2011059296e17a025e975cf8ec7719,,63.0
579bb5e91b404faebde6a07541118521,259476623550462286,FINISHED,file:///home/pborole/timeseries-classification/timeseries-classification/mlruns/259476623550462286/579bb5e91b404faebde6a07541118521/artifacts,2025-12-05 02:02:30.577000+00:00,2025-12-05 02:05:17.573000+00:00,0.8362068965517241,0.8917676952901333,0.7541899441340782,0.8100558659217877,0.8508771929824561,0.8591352859135286,0.8035714285714286,22.0,0.3355462784298294,0.8035714285714286,0.857276119402985,0.8931464663379631,0.8660714285714286,0.4823734753624687,0.4626864910791706,0.8466151385927505,0.8035714285714286,,,,,,,,,,,,182306d8f92c457b9afd8afda8bcef94,LOCAL,/home/pborole/timeseries-classification/timeseries-classification/src/modeling/hpo.py,trial_39_fold_4,pborole,1da1e8bdaf2011059296e17a025e975cf8ec7719,42.0,
6d413e682ab549d7a836f40bbe7471ce,259476623550462286,FINISHED,file:///home/pborole/timeseries-classification/timeseries-classification/mlruns/259476623550462286/6d413e682ab549d7a836f40bbe7471ce/artifacts,2025-12-05 01:56:39.914000+00:00,2025-12-05 02:02:30.456000+00:00,0.8016528925619835,0.8505519255243325,0.7486033519553073,0.7821229050279329,0.8326180257510729,0.891213389121339,0.8034934497816594,67.0,0.2832234236444223,0.7863247863247863,0.8119669509594882,0.8701027965011892,0.8660714285714286,0.6493863696492584,0.5679884376472601,0.7859808102345416,0.8214285714285714,,,,,,,,,,,,182306d8f92c457b9afd8afda8bcef94,LOCAL,/home/pborole/timeseries-classification/timeseries-classification/src/modeling/hpo.py,trial_39_fold_3,pborole,1da1e8bdaf2011059296e17a025e975cf8ec7719,87.0,
13a9f891d2304dc4ba0ad6bf0e940c76,259476623550462286,FINISHED,file:///home/pborole/timeseries-classification/timeseries-classification/mlruns/259476623550462286/13a9f891d2304dc4ba0ad6bf0e940c76/artifacts,2025-12-05 01:54:28.564000+00:00,2025-12-05 01:56:39.790000+00:00,0.7769230769230769,0.8388733791248106,0.7821229050279329,0.776536312849162,0.8347107438016529,0.8577405857740585,0.8296943231441049,13.0,0.3430989695143999,0.811965811965812,0.7974413646055438,0.8398788320587673,0.9017857142857144,0.5514296256630115,0.5244052430104943,0.7967750533049042,0.8482142857142857,,,,,,,,,,,,182306d8f92c457b9afd8afda8bcef94,LOCAL,/home/pborole/timeseries-classification/timeseries-classification/src/modeling/hpo.py,trial_39_fold_2,pborole,1da1e8bdaf2011059296e17a025e975cf8ec7719,33.0,
a509d07c7bd1496582ceb7baf7917113,259476623550462286,FINISHED,file:///home/pborole/timeseries-classification/timeseries-classification/mlruns/259476623550462286/a509d07c7bd1496582ceb7baf7917113/artifacts,2025-12-05 01:50:41.830000+00:00,2025-12-05 01:54:28.532000+00:00,0.7769230769230769,0.869393819716174,0.7821229050279329,0.776536312849162,0.8347107438016529,0.8786610878661087,0.8281938325991189,37.0,0.2987390366724511,0.8173913043478261,0.8138326226012793,0.8799709491934009,0.9017857142857144,0.5484902121168275,0.5366835500940931,0.8119669509594883,0.8392857142857143,,,,,,,,,,,,182306d8f92c457b9afd8afda8bcef94,LOCAL,/home/pborole/timeseries-classification/timeseries-classification/src/modeling/hpo.py,trial_39_fold_1,pborole,1da1e8bdaf2011059296e17a025e975cf8ec7719,57.0,
312f368ed4bb45439aadc443cb3a54ef,259476623550462286,FINISHED,file:///home/pborole/timeseries-classification/timeseries-classification/mlruns/259476623550462286/312f368ed4bb45439aadc443cb3a54ef/artifacts,2025-12-05 01:44:59.937000+00:00,2025-12-05 01:50:41.711000+00:00,0.7851851851851852,0.829989831952132,0.7833333333333333,0.8055555555555556,0.8582995951417004,0.9064245810055864,0.8408163265306122,68.0,0.2519848733391175,0.7744360902255639,0.7916228991596638,0.8383711803815379,0.9464285714285714,0.6593108707004123,0.5956557508971956,0.7892594537815126,0.9196428571428572,,,,,,,,,,,,182306d8f92c457b9afd8afda8bcef94,LOCAL,/home/pborole/timeseries-classification/timeseries-classification/src/modeling/hpo.py,trial_39_fold_0,pborole,1da1e8bdaf2011059296e17a025e975cf8ec7719,88.0,
182306d8f92c457b9afd8afda8bcef94,259476623550462286,FINISHED,file:///home/pborole/timeseries-classification/timeseries-classification/mlruns/259476623550462286/182306d8f92c457b9afd8afda8bcef94/artifacts,2025-12-05 01:44:59.342000+00:00,2025-12-05 02:05:17.649000+00:00,,,,,,,,,,,,,,,,,,0.842243260295707,,f1,0.0003173401667753,250.0,20.0,timesfm,0.0367438644154002,"[20, 10]",50.0,5.0,,LOCAL,/home/pborole/timeseries-classification/timeseries-classification/src/modeling/hpo.py,trial_39,pborole,1da1e8bdaf2011059296e17a025e975cf8ec7719,,54.0
5c8e8bfe800c4134abcb1cc148781bbc,259476623550462286,FINISHED,file:///home/pborole/timeseries-classification/timeseries-classification/mlruns/259476623550462286/5c8e8bfe800c4134abcb1cc148781bbc/artifacts,2025-12-05 01:42:10.291000+00:00,2025-12-05 01:44:58.973000+00:00,0.8225806451612904,0.8922885640212205,0.7541899441340782,0.8212290502793296,0.864406779661017,0.8131101813110181,0.8,22.0,0.4136413321667967,0.8148148148148148,0.859275053304904,0.8957130531781956,0.9107142857142856,0.4744946440504916,0.4621561777325316,0.8395522388059701,0.7857142857142857,,,,,,,,,,,,84fe4236edab4b1b90296102d7b1c32a,LOCAL,/home/pborole/timeseries-classification/timeseries-classification/src/modeling/hpo.py,trial_38_fold_4,pborole,1da1e8bdaf2011059296e17a025e975cf8ec7719,42.0,
16b773ac331d45ac97e77c8ce2a6dc30,259476623550462286,FINISHED,file:///home/pborole/timeseries-classification/timeseries-classification/mlruns/259476623550462286/16b773ac331d45ac97e77c8ce2a6dc30/artifacts,2025-12-05 01:40:13.377000+00:00,2025-12-05 01:42:10.264000+00:00,0.7481481481481481,0.855439814548705,0.770949720670391,0.7486033519553073,0.8178137651821862,0.7907949790794979,0.8161434977578476,9.0,0.4524829174019136,0.8198198198198198,0.7757196162046908,0.8474762305099703,0.9017857142857144,0.5216428600876025,0.5552851662622483,0.8031716417910447,0.8125,,,,,,,,,,,,84fe4236edab4b1b90296102d7b1c32a,LOCAL,/home/pborole/timeseries-classification/timeseries-classification/src/modeling/hpo.py,trial_38_fold_3,pborole,1da1e8bdaf2011059296e17a025e975cf8ec7719,29.0,
e30ccfb57edf4e4a9ae48849691e3926,259476623550462286,FINISHED,file:///home/pborole/timeseries-classification/timeseries-classification/mlruns/259476623550462286/e30ccfb57edf4e4a9ae48849691e3926/artifacts,2025-12-05 01:37:43.306000+00:00,2025-12-05 01:40:13.290000+00:00,0.8166666666666667,0.8457638880936986,0.7653631284916201,0.7988826815642458,0.8448275862068966,0.8410041841004184,0.8189655172413793,17.0,0.3770797401043161,0.7916666666666666,0.7998400852878464,0.8373396412750751,0.875,0.5511926432561608,0.5273194606077738,0.7995735607675907,0.8482142857142857,,,,,,,,,,,,84fe4236edab4b1b90296102d7b1c32a,LOCAL,/home/pborole/timeseries-classification/timeseries-classification/src/modeling/hpo.py,trial_38_fold_2,pborole,1da1e8bdaf2011059296e17a025e975cf8ec7719,37.0,
5351f68722a7474ea20476bc40223f2d,259476623550462286,FINISHED,file:///home/pborole/timeseries-classification/timeseries-classification/mlruns/259476623550462286/5351f68722a7474ea20476bc40223f2d/artifacts,2025-12-05 01:34:37.138000+00:00,2025-12-05 01:37:43.218000+00:00,0.7698412698412699,0.8564517205315464,0.7430167597765364,0.7541899441340782,0.8151260504201681,0.8200836820083682,0.8083333333333333,27.0,0.4138954147551016,0.7578125,0.8019722814498934,0.8761302257790438,0.8660714285714286,0.5567992078192407,0.5302367543375026,0.7979744136460554,0.8660714285714286,,,,,,,,,,,,84fe4236edab4b1b90296102d7b1c32a,LOCAL,/home/pborole/timeseries-classification/timeseries-classification/src/modeling/hpo.py,trial_38_fold_1,pborole,1da1e8bdaf2011059296e17a025e975cf8ec7719,47.0,
3e2fc163d4cb4a21b1205a975fc0d1cd,259476623550462286,FINISHED,file:///home/pborole/timeseries-classification/timeseries-classification/mlruns/259476623550462286/3e2fc163d4cb4a21b1205a975fc0d1cd/artifacts,2025-12-05 01:30:58.327000+00:00,2025-12-05 01:34:37.061000+00:00,0.8203125,0.8575960435581919,0.7833333333333333,0.8333333333333334,0.875,0.835195530726257,0.8458498023715415,34.0,0.3617513167708279,0.7588652482269503,0.8412552521008403,0.8695493030240382,0.9375,0.5889291904038854,0.4897572444544898,0.8233981092436975,0.9553571428571428,,,,,,,,,,,,84fe4236edab4b1b90296102d7b1c32a,LOCAL,/home/pborole/timeseries-classification/timeseries-classification/src/modeling/hpo.py,trial_38_fold_0,pborole,1da1e8bdaf2011059296e17a025e975cf8ec7719,54.0,
84fe4236edab4b1b90296102d7b1c32a,259476623550462286,FINISHED,file:///home/pborole/timeseries-classification/timeseries-classification/mlruns/259476623550462286/84fe4236edab4b1b90296102d7b1c32a/artifacts,2025-12-05 01:30:57.774000+00:00,2025-12-05 01:44:59.044000+00:00,,,,,,,,,,,,,,,,,,0.8434348362940536,,f1,0.0006797310905542,250.0,20.0,timesfm,0.2270279412402547,"[20, 10]",37.0,5.0,,LOCAL,/home/pborole/timeseries-classification/timeseries-classification/src/modeling/hpo.py,trial_38,pborole,1da1e8bdaf2011059296e17a025e975cf8ec7719,,40.0
5469ea69a95c48ae9a3103001837fa6e,259476623550462286,FINISHED,file:///home/pborole/timeseries-classification/timeseries-classification/mlruns/259476623550462286/5469ea69a95c48ae9a3103001837fa6e/artifacts,2025-12-05 01:28:09.324000+00:00,2025-12-05 01:30:57.534000+00:00,0.819672131147541,0.8459926433876765,0.7374301675977654,0.8100558659217877,0.8547008547008547,0.8423988842398884,0.7892376681614349,20.0,0.3311065843684736,0.7927927927927928,0.8352212153518123,0.8617654952536665,0.8928571428571429,0.6624710923633096,0.5161355309313236,0.7985740938166311,0.7857142857142857,,,,,,,,,,,,93c4c5ca422e4b5fa3f5a657355a6901,LOCAL,/home/pborole/timeseries-classification/timeseries-classification/src/modeling/hpo.py,trial_37_fold_2,pborole,1da1e8bdaf2011059296e17a025e975cf8ec7719,40.0,
0d5f3984f40744199b392cadc267a5da,259476623550462286,FINISHED,file:///home/pborole/timeseries-classification/timeseries-classification/mlruns/259476623550462286/0d5f3984f40744199b392cadc267a5da/artifacts,2025-12-05 01:25:00.949000+00:00,2025-12-05 01:28:09.266000+00:00,0.7795275590551181,0.7959421724138632,0.7374301675977654,0.770949720670391,0.8284518828451883,0.8814504881450488,0.8081632653061225,25.0,0.3111562244022574,0.7443609022556391,0.7959754797441365,0.8190883341284592,0.8839285714285714,0.7617876949257025,0.6351296974959986,0.7498001066098081,0.8839285714285714,,,,,,,,,,,,93c4c5ca422e4b5fa3f5a657355a6901,LOCAL,/home/pborole/timeseries-classification/timeseries-classification/src/modeling/hpo.py,trial_37_fold_1,pborole,1da1e8bdaf2011059296e17a025e975cf8ec7719,45.0,
e43aa3ac09b4458d8ccd5a36deeb9ce1,259476623550462286,FINISHED,file:///home/pborole/timeseries-classification/timeseries-classification/mlruns/259476623550462286/e43aa3ac09b4458d8ccd5a36deeb9ce1/artifacts,2025-12-05 01:22:53.548000+00:00,2025-12-05 01:25:00.791000+00:00,0.7241379310344828,0.7919237377710778,0.7111111111111111,0.7388888888888889,0.8171206225680934,0.7611731843575419,0.8045112781954887,10.0,0.4857632892841067,0.6948051948051948,0.747702205882353,0.809874821461114,0.9375,0.6332551264100604,0.5885508464442359,0.7371323529411765,0.9553571428571428,,,,,,,,,,,,93c4c5ca422e4b5fa3f5a657355a6901,LOCAL,/home/pborole/timeseries-classification/timeseries-classification/src/modeling/hpo.py,trial_37_fold_0,pborole,1da1e8bdaf2011059296e17a025e975cf8ec7719,30.0,
93c4c5ca422e4b5fa3f5a657355a6901,259476623550462286,FAILED,file:///home/pborole/timeseries-classification/timeseries-classification/mlruns/259476623550462286/93c4c5ca422e4b5fa3f5a657355a6901/artifacts,2025-12-05 01:22:52.784000+00:00,2025-12-05 01:30:57.611000+00:00,,,,,,,,,,,,,,,,,,,1.0,f1,0.0049533019199342,250.0,20.0,timesfm,0.0688394296041268,"[20, 10]",23.0,5.0,,LOCAL,/home/pborole/timeseries-classification/timeseries-classification/src/modeling/hpo.py,trial_37,pborole,1da1e8bdaf2011059296e17a025e975cf8ec7719,,45.0
fcff416db3c748d790788076b8ce5aa8,259476623550462286,FINISHED,file:///home/pborole/timeseries-classification/timeseries-classification/mlruns/259476623550462286/fcff416db3c748d790788076b8ce5aa8/artifacts,2025-12-05 01:18:11.497000+00:00,2025-12-05 01:22:52.361000+00:00,0.6838709677419355,0.8086842020044244,0.6927374301675978,0.6927374301675978,0.7940074906367042,0.700139470013947,0.7924528301886793,53.0,0.6120977914649239,0.6862745098039216,0.7130863539445629,0.8024209924497945,0.9464285714285714,0.6299513781536891,0.6458616836110973,0.7280117270788913,0.9375,,,,,,,,,,,,213fcf8ada9a4a9395d64262d8da32c5,LOCAL,/home/pborole/timeseries-classification/timeseries-classification/src/modeling/hpo.py,trial_36_fold_2,pborole,1da1e8bdaf2011059296e17a025e975cf8ec7719,73.0,
234689d410f7431aacfc65b6b0e7738f,259476623550462286,FINISHED,file:///home/pborole/timeseries-classification/timeseries-classification/mlruns/259476623550462286/234689d410f7431aacfc65b6b0e7738f/artifacts,2025-12-05 01:14:28.520000+00:00,2025-12-05 01:18:11.332000+00:00,0.6645962732919255,0.8052693847504437,0.6480446927374302,0.6703910614525139,0.7838827838827839,0.6317991631799164,0.7725631768953068,37.0,0.6521464608703198,0.6484848484848484,0.658448827292111,0.755369521841978,0.9553571428571428,0.645821342588137,0.6690194989715874,0.7133528784648188,0.9553571428571428,,,,,,,,,,,,213fcf8ada9a4a9395d64262d8da32c5,LOCAL,/home/pborole/timeseries-classification/timeseries-classification/src/modeling/hpo.py,trial_36_fold_1,pborole,1da1e8bdaf2011059296e17a025e975cf8ec7719,57.0,
36b0949c52004ebf81aaf8445d2d107d,259476623550462286,FINISHED,file:///home/pborole/timeseries-classification/timeseries-classification/mlruns/259476623550462286/36b0949c52004ebf81aaf8445d2d107d/artifacts,2025-12-05 01:12:42.907000+00:00,2025-12-05 01:14:28.487000+00:00,0.6411764705882353,0.6960355170234831,0.6333333333333333,0.6444444444444445,0.7730496453900709,0.638268156424581,0.7659574468085106,7.0,0.6407353275315055,0.6352941176470588,0.5057773109243697,0.6239404717072743,0.9732142857142856,0.6472888853814867,0.6756888886292776,0.6056985294117647,0.9642857142857144,,,,,,,,,,,,213fcf8ada9a4a9395d64262d8da32c5,LOCAL,/home/pborole/timeseries-classification/timeseries-classification/src/modeling/hpo.py,trial_36_fold_0,pborole,1da1e8bdaf2011059296e17a025e975cf8ec7719,27.0,
213fcf8ada9a4a9395d64262d8da32c5,259476623550462286,FAILED,file:///home/pborole/timeseries-classification/timeseries-classification/mlruns/259476623550462286/213fcf8ada9a4a9395d64262d8da32c5/artifacts,2025-12-05 01:12:42.270000+00:00,2025-12-05 01:22:52.511000+00:00,,,,,,,,,,,,,,,,,,,1.0,f1,1.8643272986889967e-05,250.0,20.0,timesfm,0.1971735745923965,"[20, 10]",98.0,5.0,,LOCAL,/home/pborole/timeseries-classification/timeseries-classification/src/modeling/hpo.py,trial_36,pborole,1da1e8bdaf2011059296e17a025e975cf8ec7719,,61.0
42d1990821034ff792f0b3b88e3c9e1f,259476623550462286,FINISHED,file:///home/pborole/timeseries-classification/timeseries-classification/mlruns/259476623550462286/42d1990821034ff792f0b3b88e3c9e1f/artifacts,2025-12-05 01:10:38.387000+00:00,2025-12-05 01:12:41.906000+00:00,0.8174603174603174,0.8558795404630264,0.770949720670391,0.8212290502793296,0.865546218487395,0.8493723849372385,0.8240343347639485,11.0,0.363296001068884,0.7933884297520661,0.8554104477611941,0.8791322521676344,0.9196428571428572,0.5120523636900512,0.4653132179928891,0.8196961620469083,0.8571428571428571,,,,,,,,,,,,6ae7073c0a0a42a1936d9386793dffba,LOCAL,/home/pborole/timeseries-classification/timeseries-classification/src/modeling/hpo.py,trial_35_fold_4,pborole,1da1e8bdaf2011059296e17a025e975cf8ec7719,31.0,
dac034d3a50540fc95a95e01e48931ac,259476623550462286,FINISHED,file:///home/pborole/timeseries-classification/timeseries-classification/mlruns/259476623550462286/dac034d3a50540fc95a95e01e48931ac/artifacts,2025-12-05 01:07:25.225000+00:00,2025-12-05 01:10:38.313000+00:00,0.7983193277310925,0.8477296447301044,0.7486033519553073,0.770949720670391,0.8225108225108225,0.8842398884239888,0.8034934497816594,29.0,0.2822007987040356,0.7863247863247863,0.80477078891258,0.8479874537292196,0.8482142857142857,0.6897850314665107,0.5788410264353513,0.7922441364605544,0.8214285714285714,,,,,,,,,,,,6ae7073c0a0a42a1936d9386793dffba,LOCAL,/home/pborole/timeseries-classification/timeseries-classification/src/modeling/hpo.py,trial_35_fold_3,pborole,1da1e8bdaf2011059296e17a025e975cf8ec7719,49.0,
82eb57aad8e64108a5e6ecb8dbcef213,259476623550462286,FINISHED,file:///home/pborole/timeseries-classification/timeseries-classification/mlruns/259476623550462286/82eb57aad8e64108a5e6ecb8dbcef213/artifacts,2025-12-05 01:05:04+00:00,2025-12-05 01:07:25.188000+00:00,0.8260869565217391,0.870953944196887,0.770949720670391,0.7932960893854749,0.8370044052863436,0.8702928870292888,0.8144796380090498,16.0,0.3286866178447731,0.8256880733944955,0.7989072494669508,0.840246978102972,0.8482142857142857,0.5894873185530721,0.5270475395564926,0.8101012793176972,0.8035714285714286,,,,,,,,,,,,6ae7073c0a0a42a1936d9386793dffba,LOCAL,/home/pborole/timeseries-classification/timeseries-classification/src/modeling/hpo.py,trial_35_fold_2,pborole,1da1e8bdaf2011059296e17a025e975cf8ec7719,36.0,
df8c4bccb675483f98e4428927b47cd2,259476623550462286,FINISHED,file:///home/pborole/timeseries-classification/timeseries-classification/mlruns/259476623550462286/df8c4bccb675483f98e4428927b47cd2/artifacts,2025-12-05 01:02:15.308000+00:00,2025-12-05 01:05:03.829000+00:00,0.7669172932330827,0.8609244422794593,0.7653631284916201,0.770949720670391,0.8326530612244898,0.8242677824267782,0.8189655172413793,22.0,0.4110811521484928,0.7916666666666666,0.8128997867803838,0.8739112162393549,0.9107142857142856,0.5455230850747178,0.5133808463312394,0.8042377398720684,0.8482142857142857,,,,,,,,,,,,6ae7073c0a0a42a1936d9386793dffba,LOCAL,/home/pborole/timeseries-classification/timeseries-classification/src/modeling/hpo.py,trial_35_fold_1,pborole,1da1e8bdaf2011059296e17a025e975cf8ec7719,42.0,
8bc725ed368a4aefbef93728ba5e42ce,259476623550462286,FINISHED,file:///home/pborole/timeseries-classification/timeseries-classification/mlruns/259476623550462286/8bc725ed368a4aefbef93728ba5e42ce/artifacts,2025-12-05 00:58:13.819000+00:00,2025-12-05 01:02:15.066000+00:00,0.7737226277372263,0.8504398029662867,0.7944444444444444,0.7944444444444444,0.8514056224899599,0.8575418994413407,0.8502024291497976,41.0,0.3150372081045998,0.7777777777777778,0.8236607142857143,0.8657007445137002,0.9464285714285714,0.536384227209621,0.530005775557624,0.8025210084033614,0.9375,,,,,,,,,,,,6ae7073c0a0a42a1936d9386793dffba,LOCAL,/home/pborole/timeseries-classification/timeseries-classification/src/modeling/hpo.py,trial_35_fold_0,pborole,1da1e8bdaf2011059296e17a025e975cf8ec7719,61.0,
6ae7073c0a0a42a1936d9386793dffba,259476623550462286,FINISHED,file:///home/pborole/timeseries-classification/timeseries-classification/mlruns/259476623550462286/6ae7073c0a0a42a1936d9386793dffba/artifacts,2025-12-05 00:58:13.051000+00:00,2025-12-05 01:12:41.982000+00:00,,,,,,,,,,,,,,,,,,0.8418240259998022,,f1,0.0011767486831257,250.0,20.0,timesfm,0.1263051437756264,"[20, 10]",62.0,5.0,,LOCAL,/home/pborole/timeseries-classification/timeseries-classification/src/modeling/hpo.py,trial_35,pborole,1da1e8bdaf2011059296e17a025e975cf8ec7719,,46.0
048452216e7341d6bbe3365b55415b23,259476623550462286,FINISHED,file:///home/pborole/timeseries-classification/timeseries-classification/mlruns/259476623550462286/048452216e7341d6bbe3365b55415b23/artifacts,2025-12-05 00:54:59.959000+00:00,2025-12-05 00:58:12.577000+00:00,0.8333333333333334,0.8858773602979649,0.8044692737430168,0.8212290502793296,0.8620689655172413,0.8284518828451883,0.8484848484848485,27.0,0.4035286572937187,0.8235294117647058,0.8588752665245203,0.8871487120856949,0.8928571428571429,0.4543550174329533,0.4616100353568625,0.8550106609808102,0.875,,,,,,,,,,,,f0a59ea5e0d54db683efc675339d7b0f,LOCAL,/home/pborole/timeseries-classification/timeseries-classification/src/modeling/hpo.py,trial_34_fold_4,pborole,1da1e8bdaf2011059296e17a025e975cf8ec7719,47.0,
ec49d687e2084e0c8eb3c51517661775,259476623550462286,FINISHED,file:///home/pborole/timeseries-classification/timeseries-classification/mlruns/259476623550462286/ec49d687e2084e0c8eb3c51517661775/artifacts,2025-12-05 00:50:14.733000+00:00,2025-12-05 00:54:59.828000+00:00,0.8099173553719008,0.8725299149468011,0.7821229050279329,0.7932960893854749,0.8412017167381974,0.8521617852161785,0.8296943231441049,48.0,0.349897260072341,0.811965811965812,0.8180970149253731,0.8650239068587139,0.875,0.5090072696102398,0.505864511821523,0.8267590618336889,0.8482142857142857,,,,,,,,,,,,f0a59ea5e0d54db683efc675339d7b0f,LOCAL,/home/pborole/timeseries-classification/timeseries-classification/src/modeling/hpo.py,trial_34_fold_3,pborole,1da1e8bdaf2011059296e17a025e975cf8ec7719,68.0,
1443d1b8f8ad4af8bd4c6b11fd98ad14,259476623550462286,FINISHED,file:///home/pborole/timeseries-classification/timeseries-classification/mlruns/259476623550462286/1443d1b8f8ad4af8bd4c6b11fd98ad14/artifacts,2025-12-05 00:44:39.788000+00:00,2025-12-05 00:50:14.680000+00:00,0.8,0.8496990111200371,0.7821229050279329,0.8100558659217877,0.859504132231405,0.8479776847977685,0.8326180257510729,61.0,0.3630713139617792,0.8016528925619835,0.8078358208955224,0.8563762778074667,0.9285714285714286,0.5378279924059713,0.5116278434265925,0.7961087420042644,0.8660714285714286,,,,,,,,,,,,f0a59ea5e0d54db683efc675339d7b0f,LOCAL,/home/pborole/timeseries-classification/timeseries-classification/src/modeling/hpo.py,trial_34_fold_2,pborole,1da1e8bdaf2011059296e17a025e975cf8ec7719,81.0,
be6beac7d9904ddb99336db6d23d5eb9,259476623550462286,FINISHED,file:///home/pborole/timeseries-classification/timeseries-classification/mlruns/259476623550462286/be6beac7d9904ddb99336db6d23d5eb9/artifacts,2025-12-05 00:40:43.550000+00:00,2025-12-05 00:44:39.585000+00:00,0.7651515151515151,0.8592206436710428,0.7486033519553073,0.7653631284916201,0.8278688524590164,0.8396094839609484,0.8117154811715481,36.0,0.395790547257188,0.7637795275590551,0.8019722814498933,0.8691480199887078,0.9017857142857144,0.5269977703440789,0.520169425443564,0.8015724946695095,0.8660714285714286,,,,,,,,,,,,f0a59ea5e0d54db683efc675339d7b0f,LOCAL,/home/pborole/timeseries-classification/timeseries-classification/src/modeling/hpo.py,trial_34_fold_1,pborole,1da1e8bdaf2011059296e17a025e975cf8ec7719,56.0,
e3e35b752f9a4edcb20afc5856aabb37,259476623550462286,FINISHED,file:///home/pborole/timeseries-classification/timeseries-classification/mlruns/259476623550462286/e3e35b752f9a4edcb20afc5856aabb37/artifacts,2025-12-05 00:34:09.728000+00:00,2025-12-05 00:40:43.526000+00:00,0.7938931297709924,0.8512322339750791,0.7777777777777778,0.8055555555555556,0.8559670781893004,0.8631284916201117,0.8373983739837398,75.0,0.3453392296530015,0.7686567164179104,0.8254989495798319,0.8460091644488206,0.9285714285714286,0.4857055395841598,0.4823726713657379,0.8299632352941176,0.9196428571428572,,,,,,,,,,,,f0a59ea5e0d54db683efc675339d7b0f,LOCAL,/home/pborole/timeseries-classification/timeseries-classification/src/modeling/hpo.py,trial_34_fold_0,pborole,1da1e8bdaf2011059296e17a025e975cf8ec7719,95.0,
f0a59ea5e0d54db683efc675339d7b0f,259476623550462286,FINISHED,file:///home/pborole/timeseries-classification/timeseries-classification/mlruns/259476623550462286/f0a59ea5e0d54db683efc675339d7b0f/artifacts,2025-12-05 00:34:08.880000+00:00,2025-12-05 00:58:12.668000+00:00,,,,,,,,,,,,,,,,,,0.8493221490270321,,f1,0.0001224876808293,250.0,20.0,timesfm,0.0887285965815041,"[20, 10]",30.0,5.0,,LOCAL,/home/pborole/timeseries-classification/timeseries-classification/src/modeling/hpo.py,trial_34,pborole,1da1e8bdaf2011059296e17a025e975cf8ec7719,,77.0
4ecb8978e54e4b0685c3ca33f02158f3,259476623550462286,FINISHED,file:///home/pborole/timeseries-classification/timeseries-classification/mlruns/259476623550462286/4ecb8978e54e4b0685c3ca33f02158f3/artifacts,2025-12-05 00:30:35.062000+00:00,2025-12-05 00:34:08.374000+00:00,0.8166666666666667,0.861921155924934,0.776536312849162,0.7988826815642458,0.8448275862068966,0.8479776847977685,0.8214285714285714,32.0,0.350938410834621,0.8214285714285714,0.8347547974413646,0.8683073337708769,0.875,0.4952673379269392,0.4786783197072631,0.834088486140725,0.8214285714285714,,,,,,,,,,,,cdf75f089f454d97bf1d6aeb5d1bebbb,LOCAL,/home/pborole/timeseries-classification/timeseries-classification/src/modeling/hpo.py,trial_33_fold_4,pborole,1da1e8bdaf2011059296e17a025e975cf8ec7719,52.0,
f9d8ddf26cfa434195aa471dd70f6fe6,259476623550462286,FINISHED,file:///home/pborole/timeseries-classification/timeseries-classification/mlruns/259476623550462286/f9d8ddf26cfa434195aa471dd70f6fe6/artifacts,2025-12-05 00:27:29.840000+00:00,2025-12-05 00:30:35.006000+00:00,0.8064516129032258,0.8540746300621967,0.7877094972067039,0.7988826815642458,0.847457627118644,0.8772663877266388,0.8362068965517241,26.0,0.3086555312950075,0.8083333333333333,0.8128997867803838,0.861907702299904,0.8928571428571429,0.525886284905439,0.5015390581924822,0.8111673773987208,0.8660714285714286,,,,,,,,,,,,cdf75f089f454d97bf1d6aeb5d1bebbb,LOCAL,/home/pborole/timeseries-classification/timeseries-classification/src/modeling/hpo.py,trial_33_fold_3,pborole,1da1e8bdaf2011059296e17a025e975cf8ec7719,46.0,
81e8962c33f14c0e90d255169dd377fa,259476623550462286,FINISHED,file:///home/pborole/timeseries-classification/timeseries-classification/mlruns/259476623550462286/81e8962c33f14c0e90d255169dd377fa/artifacts,2025-12-05 00:25:01.939000+00:00,2025-12-05 00:27:29.798000+00:00,0.8135593220338984,0.8347663130538605,0.7597765363128491,0.7877094972067039,0.8347826086956521,0.8702928870292888,0.8018433179723502,17.0,0.3457508304960391,0.8285714285714286,0.7914445628997867,0.8229980168444293,0.8571428571428571,0.5628282004894491,0.5278533670489348,0.79317697228145,0.7767857142857143,,,,,,,,,,,,cdf75f089f454d97bf1d6aeb5d1bebbb,LOCAL,/home/pborole/timeseries-classification/timeseries-classification/src/modeling/hpo.py,trial_33_fold_2,pborole,1da1e8bdaf2011059296e17a025e975cf8ec7719,37.0,
7190dae8ee2944759fce20e915ada6d2,259476623550462286,FINISHED,file:///home/pborole/timeseries-classification/timeseries-classification/mlruns/259476623550462286/7190dae8ee2944759fce20e915ada6d2/artifacts,2025-12-05 00:20:24.852000+00:00,2025-12-05 00:25:01.761000+00:00,0.7716535433070866,0.8538335697948883,0.7430167597765364,0.7597765363128491,0.8200836820083682,0.8702928870292888,0.8,48.0,0.3189541737197001,0.7796610169491526,0.8074360341151386,0.8614113377374997,0.875,0.5338454542879286,0.5200789440943542,0.8058368869936033,0.8214285714285714,,,,,,,,,,,,cdf75f089f454d97bf1d6aeb5d1bebbb,LOCAL,/home/pborole/timeseries-classification/timeseries-classification/src/modeling/hpo.py,trial_33_fold_1,pborole,1da1e8bdaf2011059296e17a025e975cf8ec7719,68.0,
c3f215940ec5453685667d09fbf7e25c,259476623550462286,FINISHED,file:///home/pborole/timeseries-classification/timeseries-classification/mlruns/259476623550462286/c3f215940ec5453685667d09fbf7e25c/artifacts,2025-12-05 00:16:28.623000+00:00,2025-12-05 00:20:24.816000+00:00,0.7835820895522388,0.8678226908302046,0.7777777777777778,0.8,0.8536585365853658,0.8715083798882681,0.8387096774193549,39.0,0.3211871763514407,0.7647058823529411,0.8253676470588235,0.8691260741618707,0.9375,0.5240724230806033,0.5173405345943239,0.8243172268907564,0.9285714285714286,,,,,,,,,,,,cdf75f089f454d97bf1d6aeb5d1bebbb,LOCAL,/home/pborole/timeseries-classification/timeseries-classification/src/modeling/hpo.py,trial_33_fold_0,pborole,1da1e8bdaf2011059296e17a025e975cf8ec7719,59.0,
cdf75f089f454d97bf1d6aeb5d1bebbb,259476623550462286,FINISHED,file:///home/pborole/timeseries-classification/timeseries-classification/mlruns/259476623550462286/cdf75f089f454d97bf1d6aeb5d1bebbb/artifacts,2025-12-05 00:16:28.133000+00:00,2025-12-05 00:34:08.558000+00:00,,,,,,,,,,,,,,,,,,0.8401620081229855,,f1,0.0002214324455121,250.0,20.0,timesfm,0.0422628465818818,"[20, 10]",41.0,5.0,,LOCAL,/home/pborole/timeseries-classification/timeseries-classification/src/modeling/hpo.py,trial_33,pborole,1da1e8bdaf2011059296e17a025e975cf8ec7719,,46.0
30b5bdcbb1ad46d788ff2c46dc960dc7,259476623550462286,FINISHED,file:///home/pborole/timeseries-classification/timeseries-classification/mlruns/259476623550462286/30b5bdcbb1ad46d788ff2c46dc960dc7/artifacts,2025-12-05 00:12:30.018000+00:00,2025-12-05 00:16:27.804000+00:00,0.8306451612903226,0.8949063769115982,0.7988826815642458,0.8324022346368715,0.8728813559322034,0.8340306834030683,0.8407079646017699,39.0,0.3788386429952278,0.8333333333333334,0.8742004264392325,0.9003362694541303,0.9196428571428572,0.4390924704474443,0.4337332899677021,0.8626066098081023,0.8482142857142857,,,,,,,,,,,,3f524539117c4c3c9d6d61e0f0ce32da,LOCAL,/home/pborole/timeseries-classification/timeseries-classification/src/modeling/hpo.py,trial_32_fold_4,pborole,1da1e8bdaf2011059296e17a025e975cf8ec7719,59.0,
2aad48d5a8264a7f9a428b78074c35a7,259476623550462286,FINISHED,file:///home/pborole/timeseries-classification/timeseries-classification/mlruns/259476623550462286/2aad48d5a8264a7f9a428b78074c35a7/artifacts,2025-12-05 00:09:37.271000+00:00,2025-12-05 00:12:29.932000+00:00,0.7795275590551181,0.8542000750135988,0.7541899441340782,0.770949720670391,0.8284518828451883,0.8423988842398884,0.8018018018018018,22.0,0.3826564933216222,0.8090909090909091,0.7953091684434969,0.8472279596487503,0.8839285714285714,0.5444539700473487,0.5227073930495278,0.7995735607675907,0.7946428571428571,,,,,,,,,,,,3f524539117c4c3c9d6d61e0f0ce32da,LOCAL,/home/pborole/timeseries-classification/timeseries-classification/src/modeling/hpo.py,trial_32_fold_3,pborole,1da1e8bdaf2011059296e17a025e975cf8ec7719,42.0,
6380d7320acd41418002373e052372ed,259476623550462286,FINISHED,file:///home/pborole/timeseries-classification/timeseries-classification/mlruns/259476623550462286/6380d7320acd41418002373e052372ed/artifacts,2025-12-05 00:06:41.854000+00:00,2025-12-05 00:09:37.257000+00:00,0.796875,0.8334852303239605,0.7877094972067039,0.7988826815642458,0.85,0.8326359832635983,0.8333333333333334,25.0,0.3930461892398331,0.8189655172413793,0.8041711087420043,0.8425509474732178,0.9107142857142856,0.5488604232252643,0.5268423603899652,0.7900453091684435,0.8482142857142857,,,,,,,,,,,,3f524539117c4c3c9d6d61e0f0ce32da,LOCAL,/home/pborole/timeseries-classification/timeseries-classification/src/modeling/hpo.py,trial_32_fold_2,pborole,1da1e8bdaf2011059296e17a025e975cf8ec7719,45.0,
bdb3bcd028624897bef2dc345b83d91f,259476623550462286,FINISHED,file:///home/pborole/timeseries-classification/timeseries-classification/mlruns/259476623550462286/bdb3bcd028624897bef2dc345b83d91f/artifacts,2025-12-05 00:02:57.316000+00:00,2025-12-05 00:06:41.817000+00:00,0.825,0.8717420041798774,0.7877094972067039,0.8100558659217877,0.853448275862069,0.8702928870292888,0.831858407079646,36.0,0.3432306562507501,0.8245614035087719,0.8200959488272922,0.8642832626443546,0.8839285714285714,0.5074006125913652,0.5141161630273531,0.8279584221748402,0.8392857142857143,,,,,,,,,,,,3f524539117c4c3c9d6d61e0f0ce32da,LOCAL,/home/pborole/timeseries-classification/timeseries-classification/src/modeling/hpo.py,trial_32_fold_1,pborole,1da1e8bdaf2011059296e17a025e975cf8ec7719,56.0,
7e8225f5abb44d64819af1029a5e5e38,259476623550462286,FINISHED,file:///home/pborole/timeseries-classification/timeseries-classification/mlruns/259476623550462286/7e8225f5abb44d64819af1029a5e5e38/artifacts,2025-12-05 00:00:22.973000+00:00,2025-12-05 00:02:57.203000+00:00,0.7803030303030303,0.8174577548065529,0.7777777777777778,0.7888888888888889,0.8442622950819673,0.8477653631284916,0.8412698412698413,18.0,0.3714859158882881,0.7571428571428571,0.7917542016806722,0.8342955335495956,0.9196428571428572,0.5292924736936887,0.5173652937014898,0.7882090336134454,0.9464285714285714,,,,,,,,,,,,3f524539117c4c3c9d6d61e0f0ce32da,LOCAL,/home/pborole/timeseries-classification/timeseries-classification/src/modeling/hpo.py,trial_32_fold_0,pborole,1da1e8bdaf2011059296e17a025e975cf8ec7719,38.0,
3f524539117c4c3c9d6d61e0f0ce32da,259476623550462286,FINISHED,file:///home/pborole/timeseries-classification/timeseries-classification/mlruns/259476623550462286/3f524539117c4c3c9d6d61e0f0ce32da/artifacts,2025-12-05 00:00:22.171000+00:00,2025-12-05 00:16:27.920000+00:00,,,,,,,,,,,,,,,,,,0.8498087619442856,,f1,0.0004470776439836,250.0,20.0,timesfm,0.0935496828065206,"[20, 10]",51.0,5.0,,LOCAL,/home/pborole/timeseries-classification/timeseries-classification/src/modeling/hpo.py,trial_32,pborole,1da1e8bdaf2011059296e17a025e975cf8ec7719,,49.0
a9a5004ea122453bae17add237432212,259476623550462286,FINISHED,file:///home/pborole/timeseries-classification/timeseries-classification/mlruns/259476623550462286/a9a5004ea122453bae17add237432212/artifacts,2025-12-04 23:56:57.375000+00:00,2025-12-05 00:00:21.921000+00:00,0.7984496124031008,0.8048638287092715,0.7821229050279329,0.8044692737430168,0.8547717842323651,0.8549511854951185,0.8368200836820083,31.0,0.4514069435403603,0.7874015748031497,0.7545309168443497,0.7852387534686697,0.9196428571428572,0.6309092759087099,0.6173166875732677,0.7763859275053304,0.8928571428571429,,,,,,,,,,,,b92340a9e5a445029b2034d7e867de3b,LOCAL,/home/pborole/timeseries-classification/timeseries-classification/src/modeling/hpo.py,trial_31_fold_2,pborole,1da1e8bdaf2011059296e17a025e975cf8ec7719,51.0,
0e725cbcc09c401eaf12ff2021ee68e7,259476623550462286,FINISHED,file:///home/pborole/timeseries-classification/timeseries-classification/mlruns/259476623550462286/0e725cbcc09c401eaf12ff2021ee68e7/artifacts,2025-12-04 23:54:52.611000+00:00,2025-12-04 23:56:57.340000+00:00,0.7445255474452555,0.8416858764274104,0.7318435754189944,0.7486033519553073,0.8192771084337349,0.8493723849372385,0.7857142857142857,11.0,0.3465300889028498,0.7857142857142857,0.7886460554371002,0.8417303651541644,0.9107142857142856,0.5918417120113053,0.5383408995314017,0.7843816631130065,0.7857142857142857,,,,,,,,,,,,b92340a9e5a445029b2034d7e867de3b,LOCAL,/home/pborole/timeseries-classification/timeseries-classification/src/modeling/hpo.py,trial_31_fold_1,pborole,1da1e8bdaf2011059296e17a025e975cf8ec7719,31.0,
99ae1ddc091a4b4fb8f48fab8319507b,259476623550462286,FINISHED,file:///home/pborole/timeseries-classification/timeseries-classification/mlruns/259476623550462286/99ae1ddc091a4b4fb8f48fab8319507b/artifacts,2025-12-04 23:52:32.802000+00:00,2025-12-04 23:54:52.545000+00:00,0.7669172932330827,0.8305602270687407,0.75,0.7722222222222223,0.8326530612244898,0.8463687150837989,0.8221343873517787,15.0,0.3598334208838433,0.7375886524822695,0.790703781512605,0.8247152588615596,0.9107142857142856,0.5421090649233924,0.5232641190290451,0.7783613445378151,0.9285714285714286,,,,,,,,,,,,b92340a9e5a445029b2034d7e867de3b,LOCAL,/home/pborole/timeseries-classification/timeseries-classification/src/modeling/hpo.py,trial_31_fold_0,pborole,1da1e8bdaf2011059296e17a025e975cf8ec7719,35.0,
b92340a9e5a445029b2034d7e867de3b,259476623550462286,FAILED,file:///home/pborole/timeseries-classification/timeseries-classification/mlruns/259476623550462286/b92340a9e5a445029b2034d7e867de3b/artifacts,2025-12-04 23:52:32.062000+00:00,2025-12-05 00:00:21.996000+00:00,,,,,,,,,,,,,,,,,,,1.0,f1,0.0006439251697092,250.0,20.0,timesfm,0.048932424403376,"[20, 10]",47.0,5.0,,LOCAL,/home/pborole/timeseries-classification/timeseries-classification/src/modeling/hpo.py,trial_31,pborole,1da1e8bdaf2011059296e17a025e975cf8ec7719,,70.0
432935d2e5ee4d3aada95ff84eb60bf3,259476623550462286,FINISHED,file:///home/pborole/timeseries-classification/timeseries-classification/mlruns/259476623550462286/432935d2e5ee4d3aada95ff84eb60bf3/artifacts,2025-12-04 23:50:06.827000+00:00,2025-12-04 23:52:31.236000+00:00,0.8487394957983193,0.840090613106224,0.7206703910614525,0.8379888268156425,0.8744588744588745,0.8828451882845189,0.7685185185185185,17.0,0.2886687829529391,0.7980769230769231,0.8752665245202559,0.8999501133102897,0.9017857142857144,0.6784353842282428,0.4453779077729699,0.7874466950959489,0.7410714285714286,,,,,,,,,,,,569ea79ea56f443f9ca6beb69e5e8d85,LOCAL,/home/pborole/timeseries-classification/timeseries-classification/src/modeling/hpo.py,trial_30_fold_4,pborole,1da1e8bdaf2011059296e17a025e975cf8ec7719,37.0,
58466e567ccd438ba7a0012af2f33b36,259476623550462286,FINISHED,file:///home/pborole/timeseries-classification/timeseries-classification/mlruns/259476623550462286/58466e567ccd438ba7a0012af2f33b36/artifacts,2025-12-04 23:46:57.040000+00:00,2025-12-04 23:50:06.806000+00:00,0.7984496124031008,0.8448394177560995,0.770949720670391,0.8044692737430168,0.8547717842323651,0.9218967921896792,0.8093023255813954,28.0,0.1927006073202548,0.8446601941747572,0.7919776119402985,0.8277152265541744,0.9196428571428572,0.9451002568505996,0.726873237160997,0.7881130063965885,0.7767857142857143,,,,,,,,,,,,569ea79ea56f443f9ca6beb69e5e8d85,LOCAL,/home/pborole/timeseries-classification/timeseries-classification/src/modeling/hpo.py,trial_30_fold_3,pborole,1da1e8bdaf2011059296e17a025e975cf8ec7719,48.0,
26ccf2bdb7d348f7873ed3041de49352,259476623550462286,FINISHED,file:///home/pborole/timeseries-classification/timeseries-classification/mlruns/259476623550462286/26ccf2bdb7d348f7873ed3041de49352/artifacts,2025-12-04 23:43:18.772000+00:00,2025-12-04 23:46:56.857000+00:00,0.8166666666666667,0.8299864635286516,0.7541899441340782,0.7988826815642458,0.8448275862068966,0.9065550906555092,0.8211382113821138,34.0,0.2617688675929313,0.753731343283582,0.8038379530916844,0.820033946161254,0.875,0.6882758810699985,0.6378382056452042,0.806769722814499,0.9017857142857144,,,,,,,,,,,,569ea79ea56f443f9ca6beb69e5e8d85,LOCAL,/home/pborole/timeseries-classification/timeseries-classification/src/modeling/hpo.py,trial_30_fold_2,pborole,1da1e8bdaf2011059296e17a025e975cf8ec7719,54.0,
89ae306533a44b73bb3ec274e50a07b9,259476623550462286,FINISHED,file:///home/pborole/timeseries-classification/timeseries-classification/mlruns/259476623550462286/89ae306533a44b73bb3ec274e50a07b9/artifacts,2025-12-04 23:38:23.080000+00:00,2025-12-04 23:43:18.703000+00:00,0.782258064516129,0.7546080030991753,0.6927374301675978,0.7653631284916201,0.8220338983050848,0.8842398884239888,0.7465437788018433,54.0,0.3042107391556935,0.7714285714285715,0.7255463752665245,0.7864273138064637,0.8660714285714286,1.2907343097239232,1.0055199365376095,0.6861007462686568,0.7232142857142857,,,,,,,,,,,,569ea79ea56f443f9ca6beb69e5e8d85,LOCAL,/home/pborole/timeseries-classification/timeseries-classification/src/modeling/hpo.py,trial_30_fold_1,pborole,1da1e8bdaf2011059296e17a025e975cf8ec7719,74.0,
72f22519230749e1ba1774a38901555e,259476623550462286,FINISHED,file:///home/pborole/timeseries-classification/timeseries-classification/mlruns/259476623550462286/72f22519230749e1ba1774a38901555e/artifacts,2025-12-04 23:36:24.672000+00:00,2025-12-04 23:38:23.023000+00:00,0.7938931297709924,0.7905980684696994,0.7611111111111111,0.8055555555555556,0.8559670781893004,0.8966480446927374,0.823045267489712,10.0,0.2358457156816008,0.7633587786259542,0.8027836134453782,0.8371300958652521,0.9285714285714286,0.9878658920526504,0.5538670897483826,0.7582720588235293,0.8928571428571429,,,,,,,,,,,,569ea79ea56f443f9ca6beb69e5e8d85,LOCAL,/home/pborole/timeseries-classification/timeseries-classification/src/modeling/hpo.py,trial_30_fold_0,pborole,1da1e8bdaf2011059296e17a025e975cf8ec7719,30.0,
569ea79ea56f443f9ca6beb69e5e8d85,259476623550462286,FINISHED,file:///home/pborole/timeseries-classification/timeseries-classification/mlruns/259476623550462286/569ea79ea56f443f9ca6beb69e5e8d85/artifacts,2025-12-04 23:36:24.228000+00:00,2025-12-04 23:52:31.356000+00:00,,,,,,,,,,,,,,,,,,0.8504118442785042,,f1,0.0067562443288277,250.0,20.0,timesfm,0.0006303738879876,"[20, 10]",63.0,5.0,,LOCAL,/home/pborole/timeseries-classification/timeseries-classification/src/modeling/hpo.py,trial_30,pborole,1da1e8bdaf2011059296e17a025e975cf8ec7719,,50.0
781a5a05fafe4e0ea06c60ef5c26ba6e,259476623550462286,FINISHED,file:///home/pborole/timeseries-classification/timeseries-classification/mlruns/259476623550462286/781a5a05fafe4e0ea06c60ef5c26ba6e/artifacts,2025-12-04 23:33:50.034000+00:00,2025-12-04 23:36:23.908000+00:00,0.853448275862069,0.8852085294022785,0.7821229050279329,0.8324022346368715,0.868421052631579,0.8172942817294282,0.8326180257510729,20.0,0.3937633253706715,0.8016528925619835,0.8679371002132196,0.895541548484463,0.8839285714285714,0.479838652151257,0.4482077496677804,0.8483475479744135,0.8660714285714286,,,,,,,,,,,,03b1f6313b2b46acb10191135a1840e1,LOCAL,/home/pborole/timeseries-classification/timeseries-classification/src/modeling/hpo.py,trial_29_fold_4,pborole,1da1e8bdaf2011059296e17a025e975cf8ec7719,40.0,
4f0d63d87ba345ecb4b08eb74a509450,259476623550462286,FINISHED,file:///home/pborole/timeseries-classification/timeseries-classification/mlruns/259476623550462286/4f0d63d87ba345ecb4b08eb74a509450/artifacts,2025-12-04 23:31:02.320000+00:00,2025-12-04 23:33:50.010000+00:00,0.7863247863247863,0.8631143521481465,0.7150837988826816,0.7486033519553073,0.8034934497816594,0.8423988842398884,0.7627906976744186,23.0,0.3812662029282984,0.7961165048543689,0.7681236673773988,0.8286831871805378,0.8214285714285714,0.5898731715519335,0.5561634901515599,0.7953091684434968,0.7321428571428571,,,,,,,,,,,,03b1f6313b2b46acb10191135a1840e1,LOCAL,/home/pborole/timeseries-classification/timeseries-classification/src/modeling/hpo.py,trial_29_fold_3,pborole,1da1e8bdaf2011059296e17a025e975cf8ec7719,43.0,
d135af9d7cf6494c8931f8b829c08935,259476623550462286,FINISHED,file:///home/pborole/timeseries-classification/timeseries-classification/mlruns/259476623550462286/d135af9d7cf6494c8931f8b829c08935/artifacts,2025-12-04 23:28:17.855000+00:00,2025-12-04 23:31:02.270000+00:00,0.7878787878787878,0.8669798591429801,0.776536312849162,0.7988826815642458,0.8524590163934426,0.8200836820083682,0.8275862068965517,21.0,0.3992807180146626,0.8,0.7913113006396589,0.8322257521461298,0.9285714285714286,0.4906985653179317,0.5123883372578542,0.8247601279317697,0.8571428571428571,,,,,,,,,,,,03b1f6313b2b46acb10191135a1840e1,LOCAL,/home/pborole/timeseries-classification/timeseries-classification/src/modeling/hpo.py,trial_29_fold_2,pborole,1da1e8bdaf2011059296e17a025e975cf8ec7719,41.0,
afbd9fe15130425fa856e1cf3b97b19f,259476623550462286,FINISHED,file:///home/pborole/timeseries-classification/timeseries-classification/mlruns/259476623550462286/afbd9fe15130425fa856e1cf3b97b19f/artifacts,2025-12-04 23:24:05.720000+00:00,2025-12-04 23:28:17.692000+00:00,0.7593984962406015,0.8458551682014607,0.7430167597765364,0.7597765363128491,0.8244897959183674,0.8786610878661087,0.8017241379310345,45.0,0.3083028817027183,0.775,0.7906449893390193,0.8371000514352913,0.9017857142857144,0.6513779621217504,0.57313725435534,0.7922441364605542,0.8303571428571429,,,,,,,,,,,,03b1f6313b2b46acb10191135a1840e1,LOCAL,/home/pborole/timeseries-classification/timeseries-classification/src/modeling/hpo.py,trial_29_fold_1,pborole,1da1e8bdaf2011059296e17a025e975cf8ec7719,65.0,
f31185d202534ffe8e41cf31b80fd8f0,259476623550462286,FINISHED,file:///home/pborole/timeseries-classification/timeseries-classification/mlruns/259476623550462286/f31185d202534ffe8e41cf31b80fd8f0/artifacts,2025-12-04 23:20:13.189000+00:00,2025-12-04 23:24:05.706000+00:00,0.7910447761194029,0.8538530007845158,0.7888888888888889,0.8111111111111111,0.8617886178861789,0.88268156424581,0.8492063492063492,40.0,0.3146551176489398,0.7642857142857142,0.8181460084033613,0.84460964907324,0.9464285714285714,0.6304110990630256,0.5505501449108123,0.8155199579831933,0.9553571428571428,,,,,,,,,,,,03b1f6313b2b46acb10191135a1840e1,LOCAL,/home/pborole/timeseries-classification/timeseries-classification/src/modeling/hpo.py,trial_29_fold_0,pborole,1da1e8bdaf2011059296e17a025e975cf8ec7719,60.0,
03b1f6313b2b46acb10191135a1840e1,259476623550462286,FINISHED,file:///home/pborole/timeseries-classification/timeseries-classification/mlruns/259476623550462286/03b1f6313b2b46acb10191135a1840e1/artifacts,2025-12-04 23:20:12.529000+00:00,2025-12-04 23:36:24.013000+00:00,,,,,,,,,,,,,,,,,,0.8421303865222456,,f1,0.0009653804866523,250.0,20.0,timesfm,0.1808540538469429,"[20, 10]",76.0,5.0,,LOCAL,/home/pborole/timeseries-classification/timeseries-classification/src/modeling/hpo.py,trial_29,pborole,1da1e8bdaf2011059296e17a025e975cf8ec7719,,49.0
f7a06e1daf1f4738afa26cf6aa42308d,259476623550462286,FINISHED,file:///home/pborole/timeseries-classification/timeseries-classification/mlruns/259476623550462286/f7a06e1daf1f4738afa26cf6aa42308d/artifacts,2025-12-04 23:16:48.720000+00:00,2025-12-04 23:20:12.151000+00:00,0.8487394957983193,0.8837629192245473,0.8044692737430168,0.8379888268156425,0.8744588744588745,0.8075313807531381,0.8484848484848485,28.0,0.4339953877935849,0.8235294117647058,0.8655383795309167,0.8953090842679139,0.9017857142857144,0.4544120512528126,0.4641386911522743,0.8591417910447762,0.875,,,,,,,,,,,,4fc22668e27c4b518b7f30a3f10f5bbe,LOCAL,/home/pborole/timeseries-classification/timeseries-classification/src/modeling/hpo.py,trial_28_fold_4,pborole,1da1e8bdaf2011059296e17a025e975cf8ec7719,48.0,
bd1f6af11db543c8ac4f07e74c27d723,259476623550462286,FINISHED,file:///home/pborole/timeseries-classification/timeseries-classification/mlruns/259476623550462286/bd1f6af11db543c8ac4f07e74c27d723/artifacts,2025-12-04 23:12:10.618000+00:00,2025-12-04 23:16:48.705000+00:00,0.8031496062992126,0.8508028090909273,0.7653631284916201,0.8044692737430168,0.8535564853556485,0.8493723849372385,0.8157894736842105,48.0,0.3593002388168079,0.8017241379310345,0.796908315565032,0.8397533498182372,0.9107142857142856,0.5685690288437145,0.5454453083389964,0.798907249466951,0.8303571428571429,,,,,,,,,,,,4fc22668e27c4b518b7f30a3f10f5bbe,LOCAL,/home/pborole/timeseries-classification/timeseries-classification/src/modeling/hpo.py,trial_28_fold_3,pborole,1da1e8bdaf2011059296e17a025e975cf8ec7719,68.0,
5a86c88de0c84189a8716ed1b84e5a8e,259476623550462286,FINISHED,file:///home/pborole/timeseries-classification/timeseries-classification/mlruns/259476623550462286/5a86c88de0c84189a8716ed1b84e5a8e/artifacts,2025-12-04 23:09:27.613000+00:00,2025-12-04 23:12:10.464000+00:00,0.7669172932330827,0.8415101272746983,0.7430167597765364,0.770949720670391,0.8326530612244898,0.8117154811715481,0.8034188034188035,18.0,0.4447872478260322,0.7704918032786885,0.80477078891258,0.8467822284621194,0.9107142857142856,0.5543031987198238,0.5351208411781482,0.7865138592750534,0.8392857142857143,,,,,,,,,,,,4fc22668e27c4b518b7f30a3f10f5bbe,LOCAL,/home/pborole/timeseries-classification/timeseries-classification/src/modeling/hpo.py,trial_28_fold_2,pborole,1da1e8bdaf2011059296e17a025e975cf8ec7719,38.0,
86e2c2699eae4af9ba805775e48d271c,259476623550462286,FINISHED,file:///home/pborole/timeseries-classification/timeseries-classification/mlruns/259476623550462286/86e2c2699eae4af9ba805775e48d271c/artifacts,2025-12-04 23:06:28.392000+00:00,2025-12-04 23:09:27.528000+00:00,0.8,0.8548763275665947,0.770949720670391,0.7932960893854749,0.8438818565400844,0.797768479776848,0.8298755186721992,22.0,0.4303437566989967,0.7751937984496124,0.7962420042643923,0.8563853732954434,0.8928571428571429,0.5177410832663488,0.5254401746075913,0.802771855010661,0.8928571428571429,,,,,,,,,,,,4fc22668e27c4b518b7f30a3f10f5bbe,LOCAL,/home/pborole/timeseries-classification/timeseries-classification/src/modeling/hpo.py,trial_28_fold_1,pborole,1da1e8bdaf2011059296e17a025e975cf8ec7719,42.0,
37d407ded6644ff6969546198432158a,259476623550462286,FINISHED,file:///home/pborole/timeseries-classification/timeseries-classification/mlruns/259476623550462286/37d407ded6644ff6969546198432158a/artifacts,2025-12-04 23:00:10.295000+00:00,2025-12-04 23:06:28.346000+00:00,0.7794117647058824,0.8514908531863913,0.7777777777777778,0.8,0.8548387096774194,0.8184357541899442,0.8333333333333334,69.0,0.3846029722074556,0.78125,0.8161764705882353,0.8587769903842026,0.9464285714285714,0.5743328879276911,0.5630373977952533,0.8089548319327732,0.8928571428571429,,,,,,,,,,,,4fc22668e27c4b518b7f30a3f10f5bbe,LOCAL,/home/pborole/timeseries-classification/timeseries-classification/src/modeling/hpo.py,trial_28_fold_0,pborole,1da1e8bdaf2011059296e17a025e975cf8ec7719,89.0,
4fc22668e27c4b518b7f30a3f10f5bbe,259476623550462286,FINISHED,file:///home/pborole/timeseries-classification/timeseries-classification/mlruns/259476623550462286/4fc22668e27c4b518b7f30a3f10f5bbe/artifacts,2025-12-04 23:00:09.799000+00:00,2025-12-04 23:20:12.304000+00:00,,,,,,,,,,,,,,,,,,0.8518777974513034,,f1,0.0003160911846644,250.0,20.0,timesfm,0.2872166676169949,"[20, 10]",26.0,5.0,,LOCAL,/home/pborole/timeseries-classification/timeseries-classification/src/modeling/hpo.py,trial_28,pborole,1da1e8bdaf2011059296e17a025e975cf8ec7719,,57.0
1d5f73616b8946d2949baaae5b7ebc78,259476623550462286,FINISHED,file:///home/pborole/timeseries-classification/timeseries-classification/mlruns/259476623550462286/1d5f73616b8946d2949baaae5b7ebc78/artifacts,2025-12-04 22:57:06.262000+00:00,2025-12-04 23:00:09.572000+00:00,0.8376068376068376,0.8555105149560931,0.7932960893854749,0.8156424581005587,0.8558951965065502,0.8145048814504882,0.8425531914893617,22.0,0.445475161491245,0.8048780487804879,0.8487473347547975,0.8665694475066863,0.875,0.4897279319816461,0.4851884951804603,0.830157249466951,0.8839285714285714,,,,,,,,,,,,9cbddadd13c548d69ae482aedfeb8d4d,LOCAL,/home/pborole/timeseries-classification/timeseries-classification/src/modeling/hpo.py,trial_27_fold_4,pborole,1da1e8bdaf2011059296e17a025e975cf8ec7719,42.0,
93d0d2d2020d41ed9d28fdd714128c74,259476623550462286,FINISHED,file:///home/pborole/timeseries-classification/timeseries-classification/mlruns/259476623550462286/93d0d2d2020d41ed9d28fdd714128c74/artifacts,2025-12-04 22:54:00.325000+00:00,2025-12-04 22:57:06.240000+00:00,0.8468468468468469,0.8305463220690806,0.7039106145251397,0.8044692737430168,0.8430493273542601,0.7684797768479776,0.7800829875518672,23.0,0.4346972799326086,0.7286821705426356,0.8017723880597015,0.8443861038140028,0.8392857142857143,0.5678036948822064,0.5482180789529278,0.7815165245202559,0.8392857142857143,,,,,,,,,,,,9cbddadd13c548d69ae482aedfeb8d4d,LOCAL,/home/pborole/timeseries-classification/timeseries-classification/src/modeling/hpo.py,trial_27_fold_3,pborole,1da1e8bdaf2011059296e17a025e975cf8ec7719,43.0,
ef6d5d22b6b54eb28692e8a8c2529324,259476623550462286,FINISHED,file:///home/pborole/timeseries-classification/timeseries-classification/mlruns/259476623550462286/ef6d5d22b6b54eb28692e8a8c2529324/artifacts,2025-12-04 22:51:09.156000+00:00,2025-12-04 22:54:00.291000+00:00,0.8099173553719008,0.8587170487800638,0.7541899441340782,0.7932960893854749,0.8412017167381974,0.8326359832635983,0.8151260504201681,20.0,0.3813320032971673,0.7698412698412699,0.8010394456289979,0.8348828822540473,0.875,0.5431524530136386,0.5369706890603018,0.8091684434968017,0.8660714285714286,,,,,,,,,,,,9cbddadd13c548d69ae482aedfeb8d4d,LOCAL,/home/pborole/timeseries-classification/timeseries-classification/src/modeling/hpo.py,trial_27_fold_2,pborole,1da1e8bdaf2011059296e17a025e975cf8ec7719,40.0,
a7c63457ab11454198e4d6a25df6f974,259476623550462286,FINISHED,file:///home/pborole/timeseries-classification/timeseries-classification/mlruns/259476623550462286/a7c63457ab11454198e4d6a25df6f974/artifacts,2025-12-04 22:45:18.455000+00:00,2025-12-04 22:51:09.003000+00:00,0.7633587786259542,0.8255039469752463,0.7541899441340782,0.7597765363128491,0.823045267489712,0.8326359832635983,0.819672131147541,59.0,0.3666497304765416,0.7575757575757576,0.7943097014925373,0.849312953029244,0.8928571428571429,0.6948261852037974,0.6152490648810424,0.7777851812366738,0.8928571428571429,,,,,,,,,,,,9cbddadd13c548d69ae482aedfeb8d4d,LOCAL,/home/pborole/timeseries-classification/timeseries-classification/src/modeling/hpo.py,trial_27_fold_1,pborole,1da1e8bdaf2011059296e17a025e975cf8ec7719,79.0,
e72dc6426bbf441cacf55d87abfd4733,259476623550462286,FINISHED,file:///home/pborole/timeseries-classification/timeseries-classification/mlruns/259476623550462286/e72dc6426bbf441cacf55d87abfd4733/artifacts,2025-12-04 22:42:19.549000+00:00,2025-12-04 22:45:18.417000+00:00,0.7720588235294118,0.8366994869758253,0.7555555555555555,0.7888888888888889,0.8467741935483871,0.8058659217877095,0.8253968253968254,22.0,0.4003270113393248,0.7428571428571429,0.8302258403361344,0.8498711889531679,0.9375,0.6518233343131012,0.5380720150967438,0.8046218487394957,0.9285714285714286,,,,,,,,,,,,9cbddadd13c548d69ae482aedfeb8d4d,LOCAL,/home/pborole/timeseries-classification/timeseries-classification/src/modeling/hpo.py,trial_27_fold_0,pborole,1da1e8bdaf2011059296e17a025e975cf8ec7719,42.0,
9cbddadd13c548d69ae482aedfeb8d4d,259476623550462286,FINISHED,file:///home/pborole/timeseries-classification/timeseries-classification/mlruns/259476623550462286/9cbddadd13c548d69ae482aedfeb8d4d/artifacts,2025-12-04 22:42:18.882000+00:00,2025-12-04 23:00:09.633000+00:00,,,,,,,,,,,,,,,,,,0.8419931403274215,,f1,0.0030151185878432,250.0,20.0,timesfm,0.1532101030278425,"[20, 10]",19.0,5.0,,LOCAL,/home/pborole/timeseries-classification/timeseries-classification/src/modeling/hpo.py,trial_27,pborole,1da1e8bdaf2011059296e17a025e975cf8ec7719,,49.0
5c5a28b6ba7b42d4941dafce6ece1e79,259476623550462286,FINISHED,file:///home/pborole/timeseries-classification/timeseries-classification/mlruns/259476623550462286/5c5a28b6ba7b42d4941dafce6ece1e79/artifacts,2025-12-04 22:38:09.765000+00:00,2025-12-04 22:42:18.396000+00:00,0.8521739130434782,0.8862511883867309,0.7821229050279329,0.8268156424581006,0.8634361233480177,0.895397489539749,0.8326180257510729,42.0,0.2677433868166127,0.8016528925619835,0.8760660980810234,0.903295861923904,0.875,0.4863898269624017,0.4334464755804179,0.8591417910447762,0.8660714285714286,,,,,,,,,,,,bcb89dda68194173af74dc771df913d5,LOCAL,/home/pborole/timeseries-classification/timeseries-classification/src/modeling/hpo.py,trial_26_fold_4,pborole,1da1e8bdaf2011059296e17a025e975cf8ec7719,62.0,
cd1bc151882b49daa503b8ea18c6a0d1,259476623550462286,FINISHED,file:///home/pborole/timeseries-classification/timeseries-classification/mlruns/259476623550462286/cd1bc151882b49daa503b8ea18c6a0d1/artifacts,2025-12-04 22:36:21.582000+00:00,2025-12-04 22:38:09.736000+00:00,0.7588652482269503,0.8454444052658181,0.776536312849162,0.7821229050279329,0.8458498023715415,0.8647140864714087,0.8230088495575221,7.0,0.3383931230800421,0.8157894736842105,0.7846481876332623,0.8395221959025047,0.9553571428571428,0.5512773332982089,0.5413239295256205,0.8152985074626866,0.8303571428571429,,,,,,,,,,,,bcb89dda68194173af74dc771df913d5,LOCAL,/home/pborole/timeseries-classification/timeseries-classification/src/modeling/hpo.py,trial_26_fold_3,pborole,1da1e8bdaf2011059296e17a025e975cf8ec7719,27.0,
7e88e157463d4613a4a1ed2bfadb8138,259476623550462286,FINISHED,file:///home/pborole/timeseries-classification/timeseries-classification/mlruns/259476623550462286/7e88e157463d4613a4a1ed2bfadb8138/artifacts,2025-12-04 22:32:47.445000+00:00,2025-12-04 22:36:21.535000+00:00,0.8275862068965517,0.8477473821974745,0.7877094972067039,0.7988826815642458,0.8421052631578947,0.9121338912133892,0.8347826086956521,35.0,0.2314499123450602,0.8135593220338984,0.8236940298507461,0.8548572940298477,0.8571428571428571,0.6218087133748571,0.544358970233182,0.815964818763326,0.8571428571428571,,,,,,,,,,,,bcb89dda68194173af74dc771df913d5,LOCAL,/home/pborole/timeseries-classification/timeseries-classification/src/modeling/hpo.py,trial_26_fold_2,pborole,1da1e8bdaf2011059296e17a025e975cf8ec7719,55.0,
2c650f4c9cf7459192c0af419642442a,259476623550462286,FINISHED,file:///home/pborole/timeseries-classification/timeseries-classification/mlruns/259476623550462286/2c650f4c9cf7459192c0af419642442a/artifacts,2025-12-04 22:29:06.370000+00:00,2025-12-04 22:32:47.361000+00:00,0.7857142857142857,0.8720399861567788,0.7597765363128491,0.776536312849162,0.8319327731092437,0.8856345885634589,0.8170212765957446,37.0,0.3164575491698051,0.7804878048780488,0.8218283582089552,0.8715019799342706,0.8839285714285714,0.5294885087612621,0.5130539468213833,0.8180970149253732,0.8571428571428571,,,,,,,,,,,,bcb89dda68194173af74dc771df913d5,LOCAL,/home/pborole/timeseries-classification/timeseries-classification/src/modeling/hpo.py,trial_26_fold_1,pborole,1da1e8bdaf2011059296e17a025e975cf8ec7719,57.0,
0a6c61717d3549929909871b338220f1,259476623550462286,FINISHED,file:///home/pborole/timeseries-classification/timeseries-classification/mlruns/259476623550462286/0a6c61717d3549929909871b338220f1/artifacts,2025-12-04 22:25:54.249000+00:00,2025-12-04 22:29:06.264000+00:00,0.8106060606060606,0.8623368877842364,0.7722222222222223,0.8333333333333334,0.8770491803278688,0.9008379888268156,0.8340080971659919,29.0,0.2560306820165178,0.762962962962963,0.8457195378151261,0.8725953897874077,0.9553571428571428,0.6075936794281006,0.4918983153171009,0.8291754201680672,0.9196428571428572,,,,,,,,,,,,bcb89dda68194173af74dc771df913d5,LOCAL,/home/pborole/timeseries-classification/timeseries-classification/src/modeling/hpo.py,trial_26_fold_0,pborole,1da1e8bdaf2011059296e17a025e975cf8ec7719,49.0,
bcb89dda68194173af74dc771df913d5,259476623550462286,FINISHED,file:///home/pborole/timeseries-classification/timeseries-classification/mlruns/259476623550462286/bcb89dda68194173af74dc771df913d5/artifacts,2025-12-04 22:25:53.757000+00:00,2025-12-04 22:42:18.566000+00:00,,,,,,,,,,,,,,,,,,0.8520746284629134,,f1,0.00070712287737,250.0,20.0,timesfm,0.0456634546189745,"[20, 10]",49.0,5.0,,LOCAL,/home/pborole/timeseries-classification/timeseries-classification/src/modeling/hpo.py,trial_26,pborole,1da1e8bdaf2011059296e17a025e975cf8ec7719,,43.0
8745ec472a464996a1ad5f896485f613,259476623550462286,FINISHED,file:///home/pborole/timeseries-classification/timeseries-classification/mlruns/259476623550462286/8745ec472a464996a1ad5f896485f613/artifacts,2025-12-04 22:22:10.863000+00:00,2025-12-04 22:25:53.635000+00:00,0.8571428571428571,0.8939161675742996,0.7932960893854749,0.8212290502793296,0.8571428571428571,0.8326359832635983,0.8370044052863436,37.0,0.4014240750209058,0.8260869565217391,0.8702025586353944,0.8942167083692848,0.8571428571428571,0.4429600490205115,0.4531466871000535,0.8668710021321963,0.8482142857142857,,,,,,,,,,,,8a4528acf34940e186058393531d43be,LOCAL,/home/pborole/timeseries-classification/timeseries-classification/src/modeling/hpo.py,trial_25_fold_4,pborole,1da1e8bdaf2011059296e17a025e975cf8ec7719,57.0,
c47aada836cb4de783955afe52480a6d,259476623550462286,FINISHED,file:///home/pborole/timeseries-classification/timeseries-classification/mlruns/259476623550462286/c47aada836cb4de783955afe52480a6d/artifacts,2025-12-04 22:18:16.881000+00:00,2025-12-04 22:22:10.417000+00:00,0.8067226890756303,0.8520955134456032,0.770949720670391,0.7821229050279329,0.8311688311688312,0.8354253835425384,0.825531914893617,39.0,0.3911747902507064,0.7886178861788617,0.800772921108742,0.8483375352932133,0.8571428571428571,0.5194830792909227,0.5190527171063024,0.8017057569296375,0.8660714285714286,,,,,,,,,,,,8a4528acf34940e186058393531d43be,LOCAL,/home/pborole/timeseries-classification/timeseries-classification/src/modeling/hpo.py,trial_25_fold_3,pborole,1da1e8bdaf2011059296e17a025e975cf8ec7719,59.0,
15f0d29970b3418cb80d24a0b867bf68,259476623550462286,FINISHED,file:///home/pborole/timeseries-classification/timeseries-classification/mlruns/259476623550462286/15f0d29970b3418cb80d24a0b867bf68/artifacts,2025-12-04 22:12:06.954000+00:00,2025-12-04 22:18:16.745000+00:00,0.8448275862068966,0.8670893508474221,0.7932960893854749,0.8212290502793296,0.8596491228070176,0.8661087866108786,0.8384279475982532,72.0,0.3461401826666987,0.8205128205128205,0.8160980810234542,0.8600567961492447,0.875,0.5114001924765177,0.5072178627525628,0.8228944562899787,0.8571428571428571,,,,,,,,,,,,8a4528acf34940e186058393531d43be,LOCAL,/home/pborole/timeseries-classification/timeseries-classification/src/modeling/hpo.py,trial_25_fold_2,pborole,1da1e8bdaf2011059296e17a025e975cf8ec7719,92.0,
085215e484604a44a0d1d3bac5ef5c51,259476623550462286,FINISHED,file:///home/pborole/timeseries-classification/timeseries-classification/mlruns/259476623550462286/085215e484604a44a0d1d3bac5ef5c51/artifacts,2025-12-04 22:08:57.731000+00:00,2025-12-04 22:12:06.875000+00:00,0.7857142857142857,0.8625265087329417,0.7541899441340782,0.776536312849162,0.8319327731092437,0.8256624825662483,0.8166666666666667,28.0,0.3990842796020428,0.765625,0.8038379530916844,0.8716417414629416,0.8839285714285714,0.5172817518924202,0.5207592580238534,0.8098347547974414,0.875,,,,,,,,,,,,8a4528acf34940e186058393531d43be,LOCAL,/home/pborole/timeseries-classification/timeseries-classification/src/modeling/hpo.py,trial_25_fold_1,pborole,1da1e8bdaf2011059296e17a025e975cf8ec7719,48.0,
8f57e8535f304f0dbed70a9919bb4af4,259476623550462286,FINISHED,file:///home/pborole/timeseries-classification/timeseries-classification/mlruns/259476623550462286/8f57e8535f304f0dbed70a9919bb4af4/artifacts,2025-12-04 22:02:26.500000+00:00,2025-12-04 22:08:57.639000+00:00,0.7605633802816901,0.8529993402121172,0.7833333333333333,0.7888888888888889,0.8503937007874016,0.8715083798882681,0.8446215139442231,77.0,0.3382076866633399,0.762589928057554,0.8257615546218487,0.8590598172000921,0.9642857142857144,0.5178821206092834,0.5055337429046631,0.8203781512605042,0.9464285714285714,,,,,,,,,,,,8a4528acf34940e186058393531d43be,LOCAL,/home/pborole/timeseries-classification/timeseries-classification/src/modeling/hpo.py,trial_25_fold_0,pborole,1da1e8bdaf2011059296e17a025e975cf8ec7719,97.0,
8a4528acf34940e186058393531d43be,259476623550462286,FINISHED,file:///home/pborole/timeseries-classification/timeseries-classification/mlruns/259476623550462286/8a4528acf34940e186058393531d43be/artifacts,2025-12-04 22:02:25.716000+00:00,2025-12-04 22:25:53.666000+00:00,,,,,,,,,,,,,,,,,,0.8460574570030701,,f1,0.0001421189070023,250.0,20.0,timesfm,0.101245793987333,"[20, 10]",36.0,5.0,,LOCAL,/home/pborole/timeseries-classification/timeseries-classification/src/modeling/hpo.py,trial_25,pborole,1da1e8bdaf2011059296e17a025e975cf8ec7719,,48.0
b876faecdf2f4886ab210083443cea97,259476623550462286,FINISHED,file:///home/pborole/timeseries-classification/timeseries-classification/mlruns/259476623550462286/b876faecdf2f4886ab210083443cea97/artifacts,2025-12-04 21:58:55.899000+00:00,2025-12-04 22:02:25.294000+00:00,0.8303571428571429,0.8323610157403634,0.7486033519553073,0.7877094972067039,0.8303571428571429,0.8298465829846583,0.7982062780269058,29.0,0.3790976373554107,0.8018018018018018,0.8077025586353944,0.8538924196291584,0.8303571428571429,0.6372070520616776,0.5550663023354621,0.7834488272921108,0.7946428571428571,,,,,,,,,,,,7c9a258aa75248068078ee567155ef65,LOCAL,/home/pborole/timeseries-classification/timeseries-classification/src/modeling/hpo.py,trial_24_fold_2,pborole,1da1e8bdaf2011059296e17a025e975cf8ec7719,49.0,
c2c503bb51e64561ba47bef8c428457f,259476623550462286,FINISHED,file:///home/pborole/timeseries-classification/timeseries-classification/mlruns/259476623550462286/c2c503bb51e64561ba47bef8c428457f/artifacts,2025-12-04 21:54:58.283000+00:00,2025-12-04 21:58:55.754000+00:00,0.7285714285714285,0.7925999328200592,0.6983240223463687,0.7318435754189944,0.8095238095238095,0.800557880055788,0.7672413793103449,35.0,0.4648680890205016,0.7416666666666667,0.7515991471215352,0.8114438790592668,0.9107142857142856,0.5943489910504005,0.594214696790919,0.7435367803837953,0.7946428571428571,,,,,,,,,,,,7c9a258aa75248068078ee567155ef65,LOCAL,/home/pborole/timeseries-classification/timeseries-classification/src/modeling/hpo.py,trial_24_fold_1,pborole,1da1e8bdaf2011059296e17a025e975cf8ec7719,55.0,
3bccba17e5934084857f171356868965,259476623550462286,FINISHED,file:///home/pborole/timeseries-classification/timeseries-classification/mlruns/259476623550462286/3bccba17e5934084857f171356868965/artifacts,2025-12-04 21:52:02.915000+00:00,2025-12-04 21:54:58.261000+00:00,0.7482517482517482,0.8094855259762412,0.7444444444444445,0.7722222222222223,0.8392156862745098,0.8296089385474861,0.8130081300813008,24.0,0.4023761044167939,0.746268656716418,0.7917542016806722,0.8285611257675949,0.9553571428571428,0.6919660270214081,0.5681080222129822,0.7596507352941176,0.8928571428571429,,,,,,,,,,,,7c9a258aa75248068078ee567155ef65,LOCAL,/home/pborole/timeseries-classification/timeseries-classification/src/modeling/hpo.py,trial_24_fold_0,pborole,1da1e8bdaf2011059296e17a025e975cf8ec7719,44.0,
7c9a258aa75248068078ee567155ef65,259476623550462286,FAILED,file:///home/pborole/timeseries-classification/timeseries-classification/mlruns/259476623550462286/7c9a258aa75248068078ee567155ef65/artifacts,2025-12-04 21:52:02.593000+00:00,2025-12-04 22:02:25.408000+00:00,,,,,,,,,,,,,,,,,,,1.0,f1,0.0015289633626834,250.0,20.0,timesfm,0.2053452821281573,"[20, 10]",20.0,5.0,,LOCAL,/home/pborole/timeseries-classification/timeseries-classification/src/modeling/hpo.py,trial_24,pborole,1da1e8bdaf2011059296e17a025e975cf8ec7719,,39.0
6b06fdad196c4b91b086d6ca4434c878,259476623550462286,FINISHED,file:///home/pborole/timeseries-classification/timeseries-classification/mlruns/259476623550462286/6b06fdad196c4b91b086d6ca4434c878/artifacts,2025-12-04 21:48:15.387000+00:00,2025-12-04 21:52:02.406000+00:00,0.875,0.879326163642271,0.7877094972067039,0.8435754189944135,0.875,0.8563458856345886,0.822429906542056,35.0,0.3632094694231345,0.8627450980392157,0.8780650319829424,0.9025167935852418,0.875,0.4773078266135807,0.4240692692428994,0.853544776119403,0.7857142857142857,,,,,,,,,,,,24b15f30ea7c49adb6f3271d0b098e21,LOCAL,/home/pborole/timeseries-classification/timeseries-classification/src/modeling/hpo.py,trial_23_fold_4,pborole,1da1e8bdaf2011059296e17a025e975cf8ec7719,55.0,
d231efe57a1d480db03e7da49759b5a7,259476623550462286,FINISHED,file:///home/pborole/timeseries-classification/timeseries-classification/mlruns/259476623550462286/d231efe57a1d480db03e7da49759b5a7/artifacts,2025-12-04 21:45:24.997000+00:00,2025-12-04 21:48:15.345000+00:00,0.78125,0.8624439336394201,0.776536312849162,0.776536312849162,0.8333333333333334,0.8298465829846583,0.8275862068965517,20.0,0.4080073632705162,0.8,0.7983742004264393,0.8458906688807765,0.8928571428571429,0.5599287353747384,0.536979831963278,0.8053038379530917,0.8571428571428571,,,,,,,,,,,,24b15f30ea7c49adb6f3271d0b098e21,LOCAL,/home/pborole/timeseries-classification/timeseries-classification/src/modeling/hpo.py,trial_23_fold_3,pborole,1da1e8bdaf2011059296e17a025e975cf8ec7719,40.0,
f559769882974d478d0ebfc17cc1e438,259476623550462286,FINISHED,file:///home/pborole/timeseries-classification/timeseries-classification/mlruns/259476623550462286/f559769882974d478d0ebfc17cc1e438/artifacts,2025-12-04 21:41:20.313000+00:00,2025-12-04 21:45:24.733000+00:00,0.8099173553719008,0.8507811169416126,0.770949720670391,0.7932960893854749,0.8412017167381974,0.8410041841004184,0.8240343347639485,37.0,0.3683581236266691,0.7933884297520661,0.8102345415778252,0.8557589085514665,0.875,0.5408586654083689,0.5103375213272745,0.8071695095948828,0.8571428571428571,,,,,,,,,,,,24b15f30ea7c49adb6f3271d0b098e21,LOCAL,/home/pborole/timeseries-classification/timeseries-classification/src/modeling/hpo.py,trial_23_fold_2,pborole,1da1e8bdaf2011059296e17a025e975cf8ec7719,57.0,
14d09accb59e4413b143262995e732bc,259476623550462286,FINISHED,file:///home/pborole/timeseries-classification/timeseries-classification/mlruns/259476623550462286/14d09accb59e4413b143262995e732bc/artifacts,2025-12-04 21:39:14.809000+00:00,2025-12-04 21:41:20.277000+00:00,0.7285714285714285,0.8683842849409408,0.7374301675977654,0.7318435754189944,0.8095238095238095,0.800557880055788,0.803347280334728,11.0,0.4272668789370788,0.7559055118110236,0.7761194029850746,0.8492574128133163,0.9107142857142856,0.5534536575471889,0.5567329789007176,0.7971748400852878,0.8571428571428571,,,,,,,,,,,,24b15f30ea7c49adb6f3271d0b098e21,LOCAL,/home/pborole/timeseries-classification/timeseries-classification/src/modeling/hpo.py,trial_23_fold_1,pborole,1da1e8bdaf2011059296e17a025e975cf8ec7719,31.0,
e8639e79489242cc94cc1c2278935da7,259476623550462286,FINISHED,file:///home/pborole/timeseries-classification/timeseries-classification/mlruns/259476623550462286/e8639e79489242cc94cc1c2278935da7/artifacts,2025-12-04 21:35:53.120000+00:00,2025-12-04 21:39:14.767000+00:00,0.7984496124031008,0.8312821848171844,0.7833333333333333,0.8055555555555556,0.8547717842323651,0.8687150837988827,0.8433734939759037,29.0,0.3261297236732597,0.7664233576642335,0.7993697478991596,0.8440910126362844,0.9196428571428572,0.6077475354075432,0.5164453372359276,0.7979254201680671,0.9375,,,,,,,,,,,,24b15f30ea7c49adb6f3271d0b098e21,LOCAL,/home/pborole/timeseries-classification/timeseries-classification/src/modeling/hpo.py,trial_23_fold_0,pborole,1da1e8bdaf2011059296e17a025e975cf8ec7719,49.0,
24b15f30ea7c49adb6f3271d0b098e21,259476623550462286,FINISHED,file:///home/pborole/timeseries-classification/timeseries-classification/mlruns/259476623550462286/24b15f30ea7c49adb6f3271d0b098e21/artifacts,2025-12-04 21:35:52.147000+00:00,2025-12-04 21:52:02.445000+00:00,,,,,,,,,,,,,,,,,,0.8427661287655411,,f1,0.0004684475158738,250.0,20.0,timesfm,0.1544392844365407,"[20, 10]",27.0,5.0,,LOCAL,/home/pborole/timeseries-classification/timeseries-classification/src/modeling/hpo.py,trial_23,pborole,1da1e8bdaf2011059296e17a025e975cf8ec7719,,48.0
0e8656437f714cf3a5668e73ff845112,259476623550462286,FINISHED,file:///home/pborole/timeseries-classification/timeseries-classification/mlruns/259476623550462286/0e8656437f714cf3a5668e73ff845112/artifacts,2025-12-04 21:31:26.308000+00:00,2025-12-04 21:35:51.424000+00:00,0.7890625,0.8764650519930206,0.7541899441340782,0.7877094972067039,0.8416666666666667,0.7684797768479776,0.8181818181818182,44.0,0.4758315212307615,0.7615384615384615,0.8410181236673775,0.8802574831439955,0.9017857142857144,0.4982686853608605,0.5036611060856441,0.834221748400853,0.8839285714285714,,,,,,,,,,,,9341fe776f524b4c8ef0ca6642f651fa,LOCAL,/home/pborole/timeseries-classification/timeseries-classification/src/modeling/hpo.py,trial_22_fold_4,pborole,1da1e8bdaf2011059296e17a025e975cf8ec7719,64.0,
814d7963344c45f0b34473e34c7edc35,259476623550462286,FINISHED,file:///home/pborole/timeseries-classification/timeseries-classification/mlruns/259476623550462286/814d7963344c45f0b34473e34c7edc35/artifacts,2025-12-04 21:25:43.247000+00:00,2025-12-04 21:31:26.154000+00:00,0.765625,0.8384350920509712,0.7262569832402235,0.7541899441340782,0.8166666666666667,0.8396094839609484,0.7841409691629956,59.0,0.4235176381705695,0.7739130434782608,0.7827825159914713,0.8428078436469831,0.875,0.5419840143379553,0.5369507940121869,0.7827825159914713,0.7946428571428571,,,,,,,,,,,,9341fe776f524b4c8ef0ca6642f651fa,LOCAL,/home/pborole/timeseries-classification/timeseries-classification/src/modeling/hpo.py,trial_22_fold_3,pborole,1da1e8bdaf2011059296e17a025e975cf8ec7719,79.0,
8a577cc4eadb4ff1aff42536d8380522,259476623550462286,FINISHED,file:///home/pborole/timeseries-classification/timeseries-classification/mlruns/259476623550462286/8a577cc4eadb4ff1aff42536d8380522/artifacts,2025-12-04 21:19:14.811000+00:00,2025-12-04 21:25:41.806000+00:00,0.7669172932330827,0.8384827053258015,0.7653631284916201,0.770949720670391,0.8326530612244898,0.8158995815899581,0.825,58.0,0.4444969003419995,0.7734375,0.8045042643923241,0.8241817418038273,0.9107142857142856,0.5115572825157443,0.5123977088395444,0.8054371002132197,0.8839285714285714,,,,,,,,,,,,9341fe776f524b4c8ef0ca6642f651fa,LOCAL,/home/pborole/timeseries-classification/timeseries-classification/src/modeling/hpo.py,trial_22_fold_2,pborole,1da1e8bdaf2011059296e17a025e975cf8ec7719,78.0,
9c197197f72b463b815f634cd4f84c91,259476623550462286,FINISHED,file:///home/pborole/timeseries-classification/timeseries-classification/mlruns/259476623550462286/9c197197f72b463b815f634cd4f84c91/artifacts,2025-12-04 21:15:27.548000+00:00,2025-12-04 21:19:14.175000+00:00,0.7299270072992701,0.8665996084018373,0.7150837988826816,0.7262569832402235,0.8032128514056225,0.7921896792189679,0.7901234567901234,26.0,0.4875122498268862,0.732824427480916,0.7935767590618337,0.8681835783666995,0.8928571428571429,0.5431737555138891,0.556772559714717,0.7953091684434969,0.8571428571428571,,,,,,,,,,,,9341fe776f524b4c8ef0ca6642f651fa,LOCAL,/home/pborole/timeseries-classification/timeseries-classification/src/modeling/hpo.py,trial_22_fold_1,pborole,1da1e8bdaf2011059296e17a025e975cf8ec7719,46.0,
9897dcdf4037486ba54b9bda3f7831c9,259476623550462286,FINISHED,file:///home/pborole/timeseries-classification/timeseries-classification/mlruns/259476623550462286/9897dcdf4037486ba54b9bda3f7831c9/artifacts,2025-12-04 21:06:57.031000+00:00,2025-12-04 21:15:27.302000+00:00,0.7761194029850746,0.8304283527122225,0.7722222222222223,0.7888888888888889,0.8455284552845529,0.7960893854748603,0.8353413654618473,100.0,0.4183267378274289,0.7591240875912408,0.8047531512605042,0.8263369950571323,0.9285714285714286,0.5731488356987635,0.5623598575592041,0.7967436974789915,0.9285714285714286,,,,,,,,,,,,9341fe776f524b4c8ef0ca6642f651fa,LOCAL,/home/pborole/timeseries-classification/timeseries-classification/src/modeling/hpo.py,trial_22_fold_0,pborole,1da1e8bdaf2011059296e17a025e975cf8ec7719,120.0,
9341fe776f524b4c8ef0ca6642f651fa,259476623550462286,FINISHED,file:///home/pborole/timeseries-classification/timeseries-classification/mlruns/259476623550462286/9341fe776f524b4c8ef0ca6642f651fa/artifacts,2025-12-04 21:06:54.209000+00:00,2025-12-04 21:35:51.564000+00:00,,,,,,,,,,,,,,,,,,0.8279455402495997,,f1,0.000138883415607,250.0,20.0,timesfm,0.2632245153735543,"[20, 10]",42.0,5.0,,LOCAL,/home/pborole/timeseries-classification/timeseries-classification/src/modeling/hpo.py,trial_22,pborole,1da1e8bdaf2011059296e17a025e975cf8ec7719,,52.0
32be89a9934441c896367f43e137256e,259476623550462286,FINISHED,file:///home/pborole/timeseries-classification/timeseries-classification/mlruns/259476623550462286/32be89a9934441c896367f43e137256e/artifacts,2025-12-04 21:02:23.536000+00:00,2025-12-04 21:06:52.436000+00:00,0.8429752066115702,0.9020234758727232,0.7877094972067039,0.8379888268156425,0.8755364806866953,0.8423988842398884,0.8333333333333334,38.0,0.3746343090444429,0.8189655172413793,0.8837953091684435,0.90966709958613,0.9107142857142856,0.4321619039141266,0.4139200187595196,0.8732675906183368,0.8482142857142857,,,,,,,,,,,,b81ab71cbf08435d9fd808e4a776ed97,LOCAL,/home/pborole/timeseries-classification/timeseries-classification/src/modeling/hpo.py,trial_21_fold_4,pborole,1da1e8bdaf2011059296e17a025e975cf8ec7719,58.0,
ddfad32001d74aff8f689da4c745fab0,259476623550462286,FINISHED,file:///home/pborole/timeseries-classification/timeseries-classification/mlruns/259476623550462286/ddfad32001d74aff8f689da4c745fab0/artifacts,2025-12-04 20:59:27.782000+00:00,2025-12-04 21:02:23.476000+00:00,0.796875,0.8482126254244773,0.776536312849162,0.7988826815642458,0.85,0.8382147838214784,0.8305084745762712,21.0,0.3878481869002599,0.7903225806451613,0.8042377398720683,0.8452811159321566,0.9107142857142856,0.541097505798553,0.5107230107877507,0.8002398720682303,0.875,,,,,,,,,,,,b81ab71cbf08435d9fd808e4a776ed97,LOCAL,/home/pborole/timeseries-classification/timeseries-classification/src/modeling/hpo.py,trial_21_fold_3,pborole,1da1e8bdaf2011059296e17a025e975cf8ec7719,41.0,
0c7bb14698394695a44aa0cdbd8c2da9,259476623550462286,FINISHED,file:///home/pborole/timeseries-classification/timeseries-classification/mlruns/259476623550462286/0c7bb14698394695a44aa0cdbd8c2da9/artifacts,2025-12-04 20:57:13.766000+00:00,2025-12-04 20:59:27.215000+00:00,0.8290598290598291,0.8242062115794551,0.7877094972067039,0.8044692737430168,0.8471615720524017,0.8465829846582985,0.8303571428571429,11.0,0.3785018762534632,0.8303571428571429,0.8055703624733476,0.8384022950001147,0.8660714285714286,0.5562276535527,0.5138086421862661,0.7931769722814499,0.8303571428571429,,,,,,,,,,,,b81ab71cbf08435d9fd808e4a776ed97,LOCAL,/home/pborole/timeseries-classification/timeseries-classification/src/modeling/hpo.py,trial_21_fold_2,pborole,1da1e8bdaf2011059296e17a025e975cf8ec7719,31.0,
25065b80145d426eb29415746cf4c9d6,259476623550462286,FINISHED,file:///home/pborole/timeseries-classification/timeseries-classification/mlruns/259476623550462286/25065b80145d426eb29415746cf4c9d6/artifacts,2025-12-04 20:53:22.892000+00:00,2025-12-04 20:57:13.074000+00:00,0.7795275590551181,0.8354417240924807,0.7653631284916201,0.770949720670391,0.8284518828451883,0.8563458856345886,0.8235294117647058,30.0,0.3577766605916548,0.7777777777777778,0.8003731343283582,0.8515463594624879,0.8839285714285714,0.589728053055662,0.5386978882318102,0.7883795309168444,0.875,,,,,,,,,,,,b81ab71cbf08435d9fd808e4a776ed97,LOCAL,/home/pborole/timeseries-classification/timeseries-classification/src/modeling/hpo.py,trial_21_fold_1,pborole,1da1e8bdaf2011059296e17a025e975cf8ec7719,50.0,
6050435ef14f4fc6a3b594896530bab6,259476623550462286,FINISHED,file:///home/pborole/timeseries-classification/timeseries-classification/mlruns/259476623550462286/6050435ef14f4fc6a3b594896530bab6/artifacts,2025-12-04 20:49:49.125000+00:00,2025-12-04 20:53:22.837000+00:00,0.7703703703703704,0.8576798428750753,0.7666666666666667,0.7833333333333333,0.8421052631578947,0.8449720670391061,0.8333333333333334,30.0,0.374655852520932,0.75,0.8128939075630252,0.8492120810834589,0.9285714285714286,0.5452867362234327,0.5074891262584262,0.8102678571428571,0.9375,,,,,,,,,,,,b81ab71cbf08435d9fd808e4a776ed97,LOCAL,/home/pborole/timeseries-classification/timeseries-classification/src/modeling/hpo.py,trial_21_fold_0,pborole,1da1e8bdaf2011059296e17a025e975cf8ec7719,50.0,
b81ab71cbf08435d9fd808e4a776ed97,259476623550462286,FINISHED,file:///home/pborole/timeseries-classification/timeseries-classification/mlruns/259476623550462286/b81ab71cbf08435d9fd808e4a776ed97/artifacts,2025-12-04 20:49:46.760000+00:00,2025-12-04 21:06:52.716000+00:00,,,,,,,,,,,,,,,,,,0.8486510397484361,,f1,0.0004659139729481,250.0,20.0,timesfm,0.1664631974087409,"[20, 10]",28.0,5.0,,LOCAL,/home/pborole/timeseries-classification/timeseries-classification/src/modeling/hpo.py,trial_21,pborole,1da1e8bdaf2011059296e17a025e975cf8ec7719,,69.0
b0ea6bd7e7b3460ab00c1d7c67f2b568,259476623550462286,FINISHED,file:///home/pborole/timeseries-classification/timeseries-classification/mlruns/259476623550462286/b0ea6bd7e7b3460ab00c1d7c67f2b568/artifacts,2025-12-04 20:44:28.432000+00:00,2025-12-04 20:49:45.031000+00:00,0.8416666666666667,0.8977810583047301,0.8044692737430168,0.8324022346368715,0.8706896551724138,0.8730822873082287,0.8458149779735683,53.0,0.3337881629104561,0.8347826086956521,0.8836620469083155,0.9042472278899278,0.9017857142857144,0.4451931798258307,0.4236075088964494,0.8726012793176973,0.8571428571428571,,,,,,,,,,,,04f9fc852d6143e3a13dbebdb8b37fbc,LOCAL,/home/pborole/timeseries-classification/timeseries-classification/src/modeling/hpo.py,trial_20_fold_4,pborole,1da1e8bdaf2011059296e17a025e975cf8ec7719,73.0,
0b953273e7ae4574bd39c1abf203d4dc,259476623550462286,FINISHED,file:///home/pborole/timeseries-classification/timeseries-classification/mlruns/259476623550462286/0b953273e7ae4574bd39c1abf203d4dc/artifacts,2025-12-04 20:41:19.662000+00:00,2025-12-04 20:44:28.361000+00:00,0.8235294117647058,0.8410212935523128,0.770949720670391,0.8044692737430168,0.8484848484848485,0.8382147838214784,0.8161434977578476,26.0,0.3765181682931163,0.8198198198198198,0.7978411513859275,0.8462200056974084,0.875,0.5631863584731545,0.5183970625174112,0.7930437100213219,0.8125,,,,,,,,,,,,04f9fc852d6143e3a13dbebdb8b37fbc,LOCAL,/home/pborole/timeseries-classification/timeseries-classification/src/modeling/hpo.py,trial_20_fold_3,pborole,1da1e8bdaf2011059296e17a025e975cf8ec7719,46.0,
af37019b774346c797168fcb0ecfc336,259476623550462286,FINISHED,file:///home/pborole/timeseries-classification/timeseries-classification/mlruns/259476623550462286/af37019b774346c797168fcb0ecfc336/artifacts,2025-12-04 20:37:36.581000+00:00,2025-12-04 20:41:19.614000+00:00,0.8114754098360656,0.852351565556882,0.7597765363128491,0.7988826815642458,0.8461538461538461,0.8451882845188284,0.8036529680365296,35.0,0.3577808707827803,0.822429906542056,0.7970415778251599,0.8448383286600156,0.8839285714285714,0.5829567502164308,0.5600778393905256,0.8022388059701493,0.7857142857142857,,,,,,,,,,,,04f9fc852d6143e3a13dbebdb8b37fbc,LOCAL,/home/pborole/timeseries-classification/timeseries-classification/src/modeling/hpo.py,trial_20_fold_2,pborole,1da1e8bdaf2011059296e17a025e975cf8ec7719,55.0,
04554e1705dc4f6da90bcd9f52f44817,259476623550462286,FINISHED,file:///home/pborole/timeseries-classification/timeseries-classification/mlruns/259476623550462286/04554e1705dc4f6da90bcd9f52f44817/artifacts,2025-12-04 20:31:13.078000+00:00,2025-12-04 20:37:36.401000+00:00,0.8,0.8355829791973457,0.7877094972067039,0.7932960893854749,0.8438818565400844,0.8884239888423989,0.8403361344537815,73.0,0.2747979423491027,0.7936507936507936,0.8101012793176972,0.8389471768947292,0.8928571428571429,0.6794357666090214,0.5789415120412518,0.8059701492537314,0.8928571428571429,,,,,,,,,,,,04f9fc852d6143e3a13dbebdb8b37fbc,LOCAL,/home/pborole/timeseries-classification/timeseries-classification/src/modeling/hpo.py,trial_20_fold_1,pborole,1da1e8bdaf2011059296e17a025e975cf8ec7719,93.0,
a9c7d4dbef9e4edeb8af38199ea2b6e1,259476623550462286,FINISHED,file:///home/pborole/timeseries-classification/timeseries-classification/mlruns/259476623550462286/a9c7d4dbef9e4edeb8af38199ea2b6e1/artifacts,2025-12-04 20:28:37.296000+00:00,2025-12-04 20:31:13.048000+00:00,0.803030303030303,0.8502565674784497,0.7944444444444444,0.8222222222222222,0.8688524590163934,0.8561452513966481,0.8451882845188284,18.0,0.3513933470961768,0.7952755905511811,0.8325892857142857,0.8447430901284315,0.9464285714285714,0.5178868452707927,0.5051275187068516,0.8324579831932772,0.9017857142857144,,,,,,,,,,,,04f9fc852d6143e3a13dbebdb8b37fbc,LOCAL,/home/pborole/timeseries-classification/timeseries-classification/src/modeling/hpo.py,trial_20_fold_0,pborole,1da1e8bdaf2011059296e17a025e975cf8ec7719,38.0,
04f9fc852d6143e3a13dbebdb8b37fbc,259476623550462286,FINISHED,file:///home/pborole/timeseries-classification/timeseries-classification/mlruns/259476623550462286/04f9fc852d6143e3a13dbebdb8b37fbc/artifacts,2025-12-04 20:28:36.590000+00:00,2025-12-04 20:49:45.268000+00:00,,,,,,,,,,,,,,,,,,0.8556125330735173,,f1,0.0004316438382793,250.0,20.0,timesfm,0.1758520068110695,"[20, 10]",28.0,5.0,,LOCAL,/home/pborole/timeseries-classification/timeseries-classification/src/modeling/hpo.py,trial_20,pborole,1da1e8bdaf2011059296e17a025e975cf8ec7719,,43.0
348e13bfcfcc450e8d7ba24013f255db,259476623550462286,FINISHED,file:///home/pborole/timeseries-classification/timeseries-classification/mlruns/259476623550462286/348e13bfcfcc450e8d7ba24013f255db/artifacts,2025-12-04 20:25:34.903000+00:00,2025-12-04 20:28:36.229000+00:00,0.8347826086956521,0.8863147842543535,0.776536312849162,0.8044692737430168,0.8458149779735683,0.8577405857740585,0.8181818181818182,22.0,0.3376666837822609,0.8333333333333334,0.8686034115138593,0.9100046603310884,0.8571428571428571,0.4992802542681134,0.4492574006152552,0.8475479744136462,0.8035714285714286,,,,,,,,,,,,1431d8405e59447a81f48bbdfe68c85a,LOCAL,/home/pborole/timeseries-classification/timeseries-classification/src/modeling/hpo.py,trial_19_fold_4,pborole,1da1e8bdaf2011059296e17a025e975cf8ec7719,42.0,
75f1687037224530859226a6e7cf4de3,259476623550462286,FINISHED,file:///home/pborole/timeseries-classification/timeseries-classification/mlruns/259476623550462286/75f1687037224530859226a6e7cf4de3/artifacts,2025-12-04 20:22:32.850000+00:00,2025-12-04 20:25:34.721000+00:00,0.8064516129032258,0.8551715003642955,0.7877094972067039,0.7988826815642458,0.847457627118644,0.8549511854951185,0.8303571428571429,22.0,0.3335849412066168,0.8303571428571429,0.7938432835820896,0.8412853133612445,0.8928571428571429,0.6755762218430056,0.5616352801216381,0.7998400852878464,0.8303571428571429,,,,,,,,,,,,1431d8405e59447a81f48bbdfe68c85a,LOCAL,/home/pborole/timeseries-classification/timeseries-classification/src/modeling/hpo.py,trial_19_fold_3,pborole,1da1e8bdaf2011059296e17a025e975cf8ec7719,42.0,
e1775dcec25046c3be57ffeff58134dd,259476623550462286,FINISHED,file:///home/pborole/timeseries-classification/timeseries-classification/mlruns/259476623550462286/e1775dcec25046c3be57ffeff58134dd/artifacts,2025-12-04 20:20:16.968000+00:00,2025-12-04 20:22:32.799000+00:00,0.7984496124031008,0.8413973366639582,0.770949720670391,0.8044692737430168,0.8547717842323651,0.8716875871687587,0.8209606986899564,12.0,0.3342301649777959,0.8034188034188035,0.8069029850746269,0.8395619513742586,0.9196428571428572,0.5823423436234118,0.5140419524142196,0.7998400852878464,0.8392857142857143,,,,,,,,,,,,1431d8405e59447a81f48bbdfe68c85a,LOCAL,/home/pborole/timeseries-classification/timeseries-classification/src/modeling/hpo.py,trial_19_fold_2,pborole,1da1e8bdaf2011059296e17a025e975cf8ec7719,32.0,
f81b85422a2445b3911e81a83ae39ee8,259476623550462286,FINISHED,file:///home/pborole/timeseries-classification/timeseries-classification/mlruns/259476623550462286/f81b85422a2445b3911e81a83ae39ee8/artifacts,2025-12-04 20:16:36.254000+00:00,2025-12-04 20:20:16.862000+00:00,0.78125,0.8277254898721988,0.7318435754189944,0.776536312849162,0.8333333333333334,0.8828451882845189,0.7948717948717948,31.0,0.2708913337236668,0.7622950819672131,0.7853144989339019,0.8406908664076868,0.8928571428571429,0.7051743865013123,0.6164218197321759,0.7757196162046909,0.8303571428571429,,,,,,,,,,,,1431d8405e59447a81f48bbdfe68c85a,LOCAL,/home/pborole/timeseries-classification/timeseries-classification/src/modeling/hpo.py,trial_19_fold_1,pborole,1da1e8bdaf2011059296e17a025e975cf8ec7719,51.0,
a4813a5fe1534f558a3dd7b3af18ede6,259476623550462286,FINISHED,file:///home/pborole/timeseries-classification/timeseries-classification/mlruns/259476623550462286/a4813a5fe1534f558a3dd7b3af18ede6/artifacts,2025-12-04 20:14:01.214000+00:00,2025-12-04 20:16:36.140000+00:00,0.813953488372093,0.819470941045394,0.7666666666666667,0.8277777777777777,0.8713692946058091,0.8631284916201117,0.8346456692913385,17.0,0.3169318926650719,0.7464788732394366,0.8449317226890756,0.86413024196093,0.9375,0.7601830330159929,0.4882900416851043,0.7884716386554622,0.9464285714285714,,,,,,,,,,,,1431d8405e59447a81f48bbdfe68c85a,LOCAL,/home/pborole/timeseries-classification/timeseries-classification/src/modeling/hpo.py,trial_19_fold_0,pborole,1da1e8bdaf2011059296e17a025e975cf8ec7719,37.0,
1431d8405e59447a81f48bbdfe68c85a,259476623550462286,FINISHED,file:///home/pborole/timeseries-classification/timeseries-classification/mlruns/259476623550462286/1431d8405e59447a81f48bbdfe68c85a/artifacts,2025-12-04 20:14:00.836000+00:00,2025-12-04 20:28:36.302000+00:00,,,,,,,,,,,,,,,,,,0.8505494034527441,,f1,0.0012403177029227,250.0,20.0,timesfm,0.0645986176479113,"[20, 10]",20.0,5.0,,LOCAL,/home/pborole/timeseries-classification/timeseries-classification/src/modeling/hpo.py,trial_19,pborole,1da1e8bdaf2011059296e17a025e975cf8ec7719,,52.0
2649c28b76c94f03b828e40a894a81cc,259476623550462286,FINISHED,file:///home/pborole/timeseries-classification/timeseries-classification/mlruns/259476623550462286/2649c28b76c94f03b828e40a894a81cc/artifacts,2025-12-04 20:10:52.628000+00:00,2025-12-04 20:14:00.552000+00:00,0.8292682926829268,0.8900028085514092,0.7932960893854749,0.8268156424581006,0.8680851063829788,0.8089260808926081,0.8425531914893617,28.0,0.4607389228862699,0.8048780487804879,0.8540778251599147,0.8838944637460229,0.9107142857142856,0.4431833476660637,0.4763046293285305,0.8683368869936035,0.8839285714285714,,,,,,,,,,,,00f318e15de749d29607f66a07e914bd,LOCAL,/home/pborole/timeseries-classification/timeseries-classification/src/modeling/hpo.py,trial_18_fold_4,pborole,1da1e8bdaf2011059296e17a025e975cf8ec7719,48.0,
6b4194d11830496389da3f8616abe597,259476623550462286,FINISHED,file:///home/pborole/timeseries-classification/timeseries-classification/mlruns/259476623550462286/6b4194d11830496389da3f8616abe597/artifacts,2025-12-04 20:06:18.790000+00:00,2025-12-04 20:10:52.566000+00:00,0.8235294117647058,0.8508342553820388,0.7653631284916201,0.8044692737430168,0.8484848484848485,0.8521617852161785,0.8173913043478261,50.0,0.3876111649569108,0.7966101694915254,0.8011727078891258,0.8505358226907455,0.875,0.5419706367580585,0.5224797500911371,0.8031716417910448,0.8392857142857143,,,,,,,,,,,,00f318e15de749d29607f66a07e914bd,LOCAL,/home/pborole/timeseries-classification/timeseries-classification/src/modeling/hpo.py,trial_18_fold_3,pborole,1da1e8bdaf2011059296e17a025e975cf8ec7719,70.0,
5372a4a5dde94ace9e899fbe38e922fd,259476623550462286,FINISHED,file:///home/pborole/timeseries-classification/timeseries-classification/mlruns/259476623550462286/5372a4a5dde94ace9e899fbe38e922fd/artifacts,2025-12-04 20:03:06.834000+00:00,2025-12-04 20:06:18.749000+00:00,0.8,0.8607452676880433,0.770949720670391,0.7932960893854749,0.8438818565400844,0.8270571827057183,0.8298755186721992,31.0,0.443425327414748,0.7751937984496124,0.8037046908315565,0.8378591812755509,0.8928571428571429,0.5056388045988935,0.5238795809905622,0.8266257995735607,0.8928571428571429,,,,,,,,,,,,00f318e15de749d29607f66a07e914bd,LOCAL,/home/pborole/timeseries-classification/timeseries-classification/src/modeling/hpo.py,trial_18_fold_2,pborole,1da1e8bdaf2011059296e17a025e975cf8ec7719,51.0,
cb63bf5dccc54b53a4319282b2eca0df,259476623550462286,FINISHED,file:///home/pborole/timeseries-classification/timeseries-classification/mlruns/259476623550462286/cb63bf5dccc54b53a4319282b2eca0df/artifacts,2025-12-04 20:01:06.176000+00:00,2025-12-04 20:03:06.734000+00:00,0.7019867549668874,0.8538428852674652,0.7039106145251397,0.7150837988826816,0.8060836501901141,0.796373779637378,0.7836734693877551,10.0,0.5009256188590158,0.7218045112781954,0.7626599147121536,0.8352929957671698,0.9464285714285714,0.5526019537915065,0.5854595163680988,0.7755863539445629,0.8571428571428571,,,,,,,,,,,,00f318e15de749d29607f66a07e914bd,LOCAL,/home/pborole/timeseries-classification/timeseries-classification/src/modeling/hpo.py,trial_18_fold_1,pborole,1da1e8bdaf2011059296e17a025e975cf8ec7719,30.0,
79241dc631db440496f74461ca794846,259476623550462286,FINISHED,file:///home/pborole/timeseries-classification/timeseries-classification/mlruns/259476623550462286/79241dc631db440496f74461ca794846/artifacts,2025-12-04 19:56:24.149000+00:00,2025-12-04 20:01:06.099000+00:00,0.7659574468085106,0.852343506889981,0.7722222222222223,0.7944444444444444,0.8537549407114624,0.8603351955307262,0.8366533864541833,51.0,0.3519556081369935,0.7553956834532374,0.8270745798319328,0.8533889180451661,0.9642857142857144,0.5333802630503972,0.5225286483764648,0.8110556722689076,0.9375,,,,,,,,,,,,00f318e15de749d29607f66a07e914bd,LOCAL,/home/pborole/timeseries-classification/timeseries-classification/src/modeling/hpo.py,trial_18_fold_0,pborole,1da1e8bdaf2011059296e17a025e975cf8ec7719,71.0,
00f318e15de749d29607f66a07e914bd,259476623550462286,FINISHED,file:///home/pborole/timeseries-classification/timeseries-classification/mlruns/259476623550462286/00f318e15de749d29607f66a07e914bd/artifacts,2025-12-04 19:56:23.516000+00:00,2025-12-04 20:14:00.653000+00:00,,,,,,,,,,,,,,,,,,0.8440580804618977,,f1,0.0002790300333425,250.0,20.0,timesfm,0.3138214726279749,"[20, 10]",39.0,5.0,,LOCAL,/home/pborole/timeseries-classification/timeseries-classification/src/modeling/hpo.py,trial_18,pborole,1da1e8bdaf2011059296e17a025e975cf8ec7719,,38.0
72ce2e95fb7a4bb8ba57b4860f18659a,259476623550462286,FINISHED,file:///home/pborole/timeseries-classification/timeseries-classification/mlruns/259476623550462286/72ce2e95fb7a4bb8ba57b4860f18659a/artifacts,2025-12-04 19:52:44.892000+00:00,2025-12-04 19:56:23.166000+00:00,0.8660714285714286,0.8831712130156159,0.776536312849162,0.8324022346368715,0.8660714285714286,0.8521617852161785,0.8319327731092437,33.0,0.3758356155544478,0.7857142857142857,0.8628731343283582,0.895086061386305,0.8660714285714286,0.4763250087892543,0.4627552755052151,0.8511460554371002,0.8839285714285714,,,,,,,,,,,,7c50a80386dd4370bd5d90efc759578b,LOCAL,/home/pborole/timeseries-classification/timeseries-classification/src/modeling/hpo.py,trial_17_fold_4,pborole,1da1e8bdaf2011059296e17a025e975cf8ec7719,53.0,
5c4b6fbf97f6409bab7a1032b034c810,259476623550462286,FINISHED,file:///home/pborole/timeseries-classification/timeseries-classification/mlruns/259476623550462286/5c4b6fbf97f6409bab7a1032b034c810/artifacts,2025-12-04 19:50:24.174000+00:00,2025-12-04 19:52:44.839000+00:00,0.765625,0.863948938218803,0.7206703910614525,0.7541899441340782,0.8166666666666667,0.8368200836820083,0.7747747747747747,15.0,0.4195904629499842,0.7818181818181819,0.7834488272921108,0.8438318583591589,0.875,0.5114805302140433,0.5374095336684968,0.8128997867803839,0.7678571428571429,,,,,,,,,,,,7c50a80386dd4370bd5d90efc759578b,LOCAL,/home/pborole/timeseries-classification/timeseries-classification/src/modeling/hpo.py,trial_17_fold_3,pborole,1da1e8bdaf2011059296e17a025e975cf8ec7719,35.0,
5e7321fcfbe24a73a677d7301876b4ec,259476623550462286,FINISHED,file:///home/pborole/timeseries-classification/timeseries-classification/mlruns/259476623550462286/5e7321fcfbe24a73a677d7301876b4ec/artifacts,2025-12-04 19:46:13.045000+00:00,2025-12-04 19:50:24.096000+00:00,0.8434782608695652,0.8457247685731625,0.7597765363128491,0.8156424581005587,0.8546255506607929,0.8493723849372385,0.8054298642533937,41.0,0.3540162204490712,0.8165137614678899,0.8031716417910448,0.8427869402210595,0.8660714285714286,0.5425807119414793,0.5188645675528649,0.8041044776119403,0.7946428571428571,,,,,,,,,,,,7c50a80386dd4370bd5d90efc759578b,LOCAL,/home/pborole/timeseries-classification/timeseries-classification/src/modeling/hpo.py,trial_17_fold_2,pborole,1da1e8bdaf2011059296e17a025e975cf8ec7719,61.0,
ea1e81eb26294224b3ff1444f7706749,259476623550462286,FINISHED,file:///home/pborole/timeseries-classification/timeseries-classification/mlruns/259476623550462286/ea1e81eb26294224b3ff1444f7706749/artifacts,2025-12-04 19:42:37.453000+00:00,2025-12-04 19:46:13.007000+00:00,0.765625,0.8526515516650525,0.7541899441340782,0.7541899441340782,0.8166666666666667,0.8507670850767085,0.808695652173913,32.0,0.3554446905685103,0.788135593220339,0.8021055437100213,0.8511006603224547,0.875,0.5369339253982353,0.5257679480414151,0.8005063965884862,0.8303571428571429,,,,,,,,,,,,7c50a80386dd4370bd5d90efc759578b,LOCAL,/home/pborole/timeseries-classification/timeseries-classification/src/modeling/hpo.py,trial_17_fold_1,pborole,1da1e8bdaf2011059296e17a025e975cf8ec7719,52.0,
f7f87406c82a49b894d6eccfcd691216,259476623550462286,FINISHED,file:///home/pborole/timeseries-classification/timeseries-classification/mlruns/259476623550462286/f7f87406c82a49b894d6eccfcd691216/artifacts,2025-12-04 19:34:47.164000+00:00,2025-12-04 19:42:37.356000+00:00,0.7659574468085106,0.8670810788481004,0.7833333333333333,0.7944444444444444,0.8537549407114624,0.8701117318435754,0.8408163265306122,94.0,0.3203484813094805,0.7744360902255639,0.813813025210084,0.8452023673338815,0.9642857142857144,0.5085626893573337,0.5274191796779633,0.8226102941176471,0.9196428571428572,,,,,,,,,,,,7c50a80386dd4370bd5d90efc759578b,LOCAL,/home/pborole/timeseries-classification/timeseries-classification/src/modeling/hpo.py,trial_17_fold_0,pborole,1da1e8bdaf2011059296e17a025e975cf8ec7719,114.0,
7c50a80386dd4370bd5d90efc759578b,259476623550462286,FINISHED,file:///home/pborole/timeseries-classification/timeseries-classification/mlruns/259476623550462286/7c50a80386dd4370bd5d90efc759578b/artifacts,2025-12-04 19:34:46.571000+00:00,2025-12-04 19:56:23.262000+00:00,,,,,,,,,,,,,,,,,,0.8415570506554035,,f1,0.0001947507427401,250.0,20.0,timesfm,0.120403968750455,"[20, 10]",28.0,5.0,,LOCAL,/home/pborole/timeseries-classification/timeseries-classification/src/modeling/hpo.py,trial_17,pborole,1da1e8bdaf2011059296e17a025e975cf8ec7719,,41.0
0bb48d5b51dd4b4798beb13eb18547f1,259476623550462286,FINISHED,file:///home/pborole/timeseries-classification/timeseries-classification/mlruns/259476623550462286/0bb48d5b51dd4b4798beb13eb18547f1/artifacts,2025-12-04 19:32:25.492000+00:00,2025-12-04 19:34:46.114000+00:00,0.816,0.8750831692512293,0.7988826815642458,0.8156424581005587,0.8607594936708861,0.8354253835425384,0.8434782608695652,16.0,0.3723813642434661,0.8220338983050848,0.8396855010660981,0.8663267098897278,0.9107142857142856,0.4650572288635722,0.4676999484693538,0.8566098081023454,0.8660714285714286,,,,,,,,,,,,738cc172d5374da1a240116464f0bd18,LOCAL,/home/pborole/timeseries-classification/timeseries-classification/src/modeling/hpo.py,trial_16_fold_4,pborole,1da1e8bdaf2011059296e17a025e975cf8ec7719,36.0,
8da46d2c514542359d1964c2bbac3a77,259476623550462286,FINISHED,file:///home/pborole/timeseries-classification/timeseries-classification/mlruns/259476623550462286/8da46d2c514542359d1964c2bbac3a77/artifacts,2025-12-04 19:28:49.327000+00:00,2025-12-04 19:32:25.419000+00:00,0.7857142857142857,0.8413621498161651,0.7374301675977654,0.776536312849162,0.8319327731092437,0.8772663877266388,0.7982832618025751,36.0,0.283524644112986,0.768595041322314,0.8051705756929638,0.85411495362384,0.8839285714285714,0.7195235737209214,0.6240875967388047,0.7834488272921108,0.8303571428571429,,,,,,,,,,,,738cc172d5374da1a240116464f0bd18,LOCAL,/home/pborole/timeseries-classification/timeseries-classification/src/modeling/hpo.py,trial_16_fold_3,pborole,1da1e8bdaf2011059296e17a025e975cf8ec7719,56.0,
99a7e0c707d74d9ebb67e2bf090044e8,259476623550462286,FINISHED,file:///home/pborole/timeseries-classification/timeseries-classification/mlruns/259476623550462286/99a7e0c707d74d9ebb67e2bf090044e8/artifacts,2025-12-04 19:26:31.676000+00:00,2025-12-04 19:28:49.259000+00:00,0.8205128205128205,0.825391875783711,0.7262569832402235,0.7932960893854749,0.8384279475982532,0.8577405857740585,0.7802690582959642,15.0,0.3848357692755748,0.7837837837837838,0.7966417910447761,0.8331463324757375,0.8571428571428571,0.5897534596187443,0.5321697985659765,0.7676572494669509,0.7767857142857143,,,,,,,,,,,,738cc172d5374da1a240116464f0bd18,LOCAL,/home/pborole/timeseries-classification/timeseries-classification/src/modeling/hpo.py,trial_16_fold_2,pborole,1da1e8bdaf2011059296e17a025e975cf8ec7719,35.0,
9d9f0fc715314dc987f9f3e4ea137457,259476623550462286,FINISHED,file:///home/pborole/timeseries-classification/timeseries-classification/mlruns/259476623550462286/9d9f0fc715314dc987f9f3e4ea137457/artifacts,2025-12-04 19:21:08.386000+00:00,2025-12-04 19:26:31.616000+00:00,0.8110236220472441,0.8705866768109451,0.7653631284916201,0.8156424581005587,0.8619246861924686,0.898186889818689,0.8235294117647058,65.0,0.264416915602265,0.7777777777777778,0.8252931769722814,0.8694508862299795,0.9196428571428572,0.609412299687636,0.5448879559612807,0.8149653518123667,0.875,,,,,,,,,,,,738cc172d5374da1a240116464f0bd18,LOCAL,/home/pborole/timeseries-classification/timeseries-classification/src/modeling/hpo.py,trial_16_fold_1,pborole,1da1e8bdaf2011059296e17a025e975cf8ec7719,85.0,
fbcf9bffcec84c54a38c8672eb3272bd,259476623550462286,FINISHED,file:///home/pborole/timeseries-classification/timeseries-classification/mlruns/259476623550462286/fbcf9bffcec84c54a38c8672eb3272bd/artifacts,2025-12-04 19:18:10.029000+00:00,2025-12-04 19:21:08.307000+00:00,0.7714285714285715,0.8560210368068268,0.7722222222222223,0.8,0.8571428571428571,0.8840782122905028,0.8392156862745098,26.0,0.3080773925481562,0.7482517482517482,0.8471638655462185,0.8740166665796631,0.9642857142857144,0.6430987760424614,0.5317218720912933,0.8323266806722689,0.9553571428571428,,,,,,,,,,,,738cc172d5374da1a240116464f0bd18,LOCAL,/home/pborole/timeseries-classification/timeseries-classification/src/modeling/hpo.py,trial_16_fold_0,pborole,1da1e8bdaf2011059296e17a025e975cf8ec7719,46.0,
738cc172d5374da1a240116464f0bd18,259476623550462286,FINISHED,file:///home/pborole/timeseries-classification/timeseries-classification/mlruns/259476623550462286/738cc172d5374da1a240116464f0bd18/artifacts,2025-12-04 19:18:09.326000+00:00,2025-12-04 19:34:46.229000+00:00,,,,,,,,,,,,,,,,,,0.8500375515427419,,f1,0.0019452711326005,250.0,20.0,timesfm,0.1334955364726847,"[20, 10]",83.0,5.0,,LOCAL,/home/pborole/timeseries-classification/timeseries-classification/src/modeling/hpo.py,trial_16,pborole,1da1e8bdaf2011059296e17a025e975cf8ec7719,,61.0
ca556599f2604300b2108bebf2e33b2a,259476623550462286,FINISHED,file:///home/pborole/timeseries-classification/timeseries-classification/mlruns/259476623550462286/ca556599f2604300b2108bebf2e33b2a/artifacts,2025-12-04 19:15:06.459000+00:00,2025-12-04 19:18:08.846000+00:00,0.8235294117647058,0.8605414118784126,0.7932960893854749,0.8044692737430168,0.8484848484848485,0.8842398884239888,0.8412017167381974,24.0,0.3013542881819992,0.8099173553719008,0.8307569296375267,0.8467061164134637,0.875,0.4913715237345775,0.4908655111017174,0.8494136460554371,0.875,,,,,,,,,,,,711c92ff3dcc434dbe84c34185d0e9ca,LOCAL,/home/pborole/timeseries-classification/timeseries-classification/src/modeling/hpo.py,trial_15_fold_4,pborole,1da1e8bdaf2011059296e17a025e975cf8ec7719,44.0,
972bb79d00de4043baec44770fc20c03,259476623550462286,FINISHED,file:///home/pborole/timeseries-classification/timeseries-classification/mlruns/259476623550462286/972bb79d00de4043baec44770fc20c03/artifacts,2025-12-04 19:12:58.036000+00:00,2025-12-04 19:15:06.409000+00:00,0.7769230769230769,0.8633243835139927,0.7541899441340782,0.776536312849162,0.8347107438016529,0.8814504881450488,0.8070175438596491,11.0,0.3150933023900666,0.7931034482758621,0.7911780383795309,0.8482061136937166,0.9017857142857144,0.5344777278726993,0.5287160007647296,0.8113006396588487,0.8214285714285714,,,,,,,,,,,,711c92ff3dcc434dbe84c34185d0e9ca,LOCAL,/home/pborole/timeseries-classification/timeseries-classification/src/modeling/hpo.py,trial_15_fold_3,pborole,1da1e8bdaf2011059296e17a025e975cf8ec7719,31.0,
424664f30e0f4ff4a8830bb70a2b9541,259476623550462286,FINISHED,file:///home/pborole/timeseries-classification/timeseries-classification/mlruns/259476623550462286/424664f30e0f4ff4a8830bb70a2b9541/artifacts,2025-12-04 19:10:41.737000+00:00,2025-12-04 19:12:57.984000+00:00,0.8421052631578947,0.8465251721189211,0.7877094972067039,0.8100558659217877,0.8495575221238938,0.8577405857740585,0.831858407079646,14.0,0.3262080413651765,0.8245614035087719,0.7994402985074627,0.8255261874708899,0.8571428571428571,0.5525317473451519,0.5257222051394053,0.8119669509594882,0.8392857142857143,,,,,,,,,,,,711c92ff3dcc434dbe84c34185d0e9ca,LOCAL,/home/pborole/timeseries-classification/timeseries-classification/src/modeling/hpo.py,trial_15_fold_2,pborole,1da1e8bdaf2011059296e17a025e975cf8ec7719,34.0,
6b3cab48108e4aa18511bd508fa68551,259476623550462286,FINISHED,file:///home/pborole/timeseries-classification/timeseries-classification/mlruns/259476623550462286/6b3cab48108e4aa18511bd508fa68551/artifacts,2025-12-04 19:07:47.161000+00:00,2025-12-04 19:10:41.639000+00:00,0.7777777777777778,0.8701740129982047,0.7597765363128491,0.7653631284916201,0.8235294117647058,0.8940027894002789,0.8154506437768241,23.0,0.284713467170005,0.7851239669421488,0.8128997867803838,0.8646328250019808,0.875,0.5426572494666669,0.5421916469515369,0.8219616204690832,0.8482142857142857,,,,,,,,,,,,711c92ff3dcc434dbe84c34185d0e9ca,LOCAL,/home/pborole/timeseries-classification/timeseries-classification/src/modeling/hpo.py,trial_15_fold_1,pborole,1da1e8bdaf2011059296e17a025e975cf8ec7719,43.0,
b12910c17ea645458b77b0e5afdfb1f4,259476623550462286,FINISHED,file:///home/pborole/timeseries-classification/timeseries-classification/mlruns/259476623550462286/b12910c17ea645458b77b0e5afdfb1f4/artifacts,2025-12-04 19:03:39.305000+00:00,2025-12-04 19:07:47.124000+00:00,0.8110236220472441,0.8426110138271188,0.7833333333333333,0.8166666666666667,0.8619246861924686,0.9064245810055864,0.8408163265306122,45.0,0.2462450936852886,0.7744360902255639,0.8239233193277311,0.8496068803969355,0.9196428571428572,0.5893594339489937,0.5256129329403242,0.8176207983193278,0.9196428571428572,,,,,,,,,,,,711c92ff3dcc434dbe84c34185d0e9ca,LOCAL,/home/pborole/timeseries-classification/timeseries-classification/src/modeling/hpo.py,trial_15_fold_0,pborole,1da1e8bdaf2011059296e17a025e975cf8ec7719,65.0,
711c92ff3dcc434dbe84c34185d0e9ca,259476623550462286,FINISHED,file:///home/pborole/timeseries-classification/timeseries-classification/mlruns/259476623550462286/711c92ff3dcc434dbe84c34185d0e9ca/artifacts,2025-12-04 19:03:37.485000+00:00,2025-12-04 19:18:09.058000+00:00,,,,,,,,,,,,,,,,,,0.8436414424735139,,f1,0.0003490952561478,250.0,20.0,timesfm,0.0126653939503318,"[20, 10]",33.0,5.0,,LOCAL,/home/pborole/timeseries-classification/timeseries-classification/src/modeling/hpo.py,trial_15,pborole,1da1e8bdaf2011059296e17a025e975cf8ec7719,,69.0
0a42d2768ebe40e2802a25f4177d916f,259476623550462286,FINISHED,file:///home/pborole/timeseries-classification/timeseries-classification/mlruns/259476623550462286/0a42d2768ebe40e2802a25f4177d916f/artifacts,2025-12-04 18:58:26.714000+00:00,2025-12-04 19:03:36.111000+00:00,0.8695652173913043,0.9025932900821652,0.7932960893854749,0.8491620111731844,0.8810572687224669,0.8507670850767085,0.8340807174887892,57.0,0.3399293397759793,0.8378378378378378,0.877265458422175,0.90207884693962,0.8928571428571429,0.434308800284423,0.4294085247889577,0.8738006396588486,0.8303571428571429,,,,,,,,,,,,e64dfae518ec46f3bad82af488fd8e36,LOCAL,/home/pborole/timeseries-classification/timeseries-classification/src/modeling/hpo.py,trial_14_fold_4,pborole,1da1e8bdaf2011059296e17a025e975cf8ec7719,77.0,
b0a188c600dd4eee9514936f2604c345,259476623550462286,FINISHED,file:///home/pborole/timeseries-classification/timeseries-classification/mlruns/259476623550462286/b0a188c600dd4eee9514936f2604c345/artifacts,2025-12-04 18:56:06.502000+00:00,2025-12-04 18:58:26.614000+00:00,0.7761194029850746,0.8574860737036936,0.7541899441340782,0.7877094972067039,0.8455284552845529,0.8340306834030683,0.808695652173913,14.0,0.3883139144842262,0.788135593220339,0.8083688699360341,0.860349610815085,0.9285714285714286,0.5237503795983405,0.5152676904667689,0.8011727078891258,0.8303571428571429,,,,,,,,,,,,e64dfae518ec46f3bad82af488fd8e36,LOCAL,/home/pborole/timeseries-classification/timeseries-classification/src/modeling/hpo.py,trial_14_fold_3,pborole,1da1e8bdaf2011059296e17a025e975cf8ec7719,34.0,
50c15c8ed23f43b28f5047599f3349a9,259476623550462286,FINISHED,file:///home/pborole/timeseries-classification/timeseries-classification/mlruns/259476623550462286/50c15c8ed23f43b28f5047599f3349a9/artifacts,2025-12-04 18:53:08.522000+00:00,2025-12-04 18:56:06.459000+00:00,0.7803030303030303,0.8544466607773991,0.7821229050279329,0.7877094972067039,0.8442622950819673,0.8423988842398884,0.8281938325991189,24.0,0.3659453456455028,0.8173913043478261,0.814765458422175,0.855436025748618,0.9196428571428572,0.5047405149017632,0.4999254680545636,0.81636460554371,0.8392857142857143,,,,,,,,,,,,e64dfae518ec46f3bad82af488fd8e36,LOCAL,/home/pborole/timeseries-classification/timeseries-classification/src/modeling/hpo.py,trial_14_fold_2,pborole,1da1e8bdaf2011059296e17a025e975cf8ec7719,44.0,
1c65b804e2ff48fbb96299f36a0e4da5,259476623550462286,FINISHED,file:///home/pborole/timeseries-classification/timeseries-classification/mlruns/259476623550462286/1c65b804e2ff48fbb96299f36a0e4da5/artifacts,2025-12-04 18:49:53.119000+00:00,2025-12-04 18:53:08.375000+00:00,0.7557251908396947,0.8473035880148904,0.7486033519553073,0.7486033519553073,0.8148148148148148,0.8423988842398884,0.8148148148148148,29.0,0.3992348413088332,0.7557251908396947,0.7898454157782515,0.8541396501748788,0.8839285714285714,0.5476794196240728,0.5387845928442545,0.7914445628997868,0.8839285714285714,,,,,,,,,,,,e64dfae518ec46f3bad82af488fd8e36,LOCAL,/home/pborole/timeseries-classification/timeseries-classification/src/modeling/hpo.py,trial_14_fold_1,pborole,1da1e8bdaf2011059296e17a025e975cf8ec7719,49.0,
45c6e34fccd44b2090b2831061d3a8ee,259476623550462286,FINISHED,file:///home/pborole/timeseries-classification/timeseries-classification/mlruns/259476623550462286/45c6e34fccd44b2090b2831061d3a8ee/artifacts,2025-12-04 18:46:39.652000+00:00,2025-12-04 18:49:53.051000+00:00,0.7605633802816901,0.8499404084077992,0.7777777777777778,0.7888888888888889,0.8503937007874016,0.8310055865921788,0.8412698412698413,28.0,0.3992389040952288,0.7571428571428571,0.8198529411764706,0.8295214705224574,0.9642857142857144,0.5022717263963488,0.5111000796159109,0.8324579831932774,0.9464285714285714,,,,,,,,,,,,e64dfae518ec46f3bad82af488fd8e36,LOCAL,/home/pborole/timeseries-classification/timeseries-classification/src/modeling/hpo.py,trial_14_fold_0,pborole,1da1e8bdaf2011059296e17a025e975cf8ec7719,48.0,
e64dfae518ec46f3bad82af488fd8e36,259476623550462286,FINISHED,file:///home/pborole/timeseries-classification/timeseries-classification/mlruns/259476623550462286/e64dfae518ec46f3bad82af488fd8e36/artifacts,2025-12-04 18:46:39.048000+00:00,2025-12-04 19:03:36.339000+00:00,,,,,,,,,,,,,,,,,,0.8472113069382408,,f1,0.0002062040675001,250.0,20.0,timesfm,0.1261311676290708,"[20, 10]",32.0,5.0,,LOCAL,/home/pborole/timeseries-classification/timeseries-classification/src/modeling/hpo.py,trial_14,pborole,1da1e8bdaf2011059296e17a025e975cf8ec7719,,38.0
23e9865dcaae497a98c5b2a4d5542743,259476623550462286,FINISHED,file:///home/pborole/timeseries-classification/timeseries-classification/mlruns/259476623550462286/23e9865dcaae497a98c5b2a4d5542743/artifacts,2025-12-04 18:43:45.282000+00:00,2025-12-04 18:46:38.612000+00:00,0.847457627118644,0.887310801363475,0.7821229050279329,0.8324022346368715,0.8695652173913043,0.8423988842398884,0.8311688311688312,23.0,0.3572419242961969,0.8067226890756303,0.8724680170575693,0.8943131794377948,0.8928571428571429,0.4534929537906327,0.4364286486329979,0.8590085287846483,0.8571428571428571,,,,,,,,,,,,54494b82ca2d4dfeb9950f5ce664a680,LOCAL,/home/pborole/timeseries-classification/timeseries-classification/src/modeling/hpo.py,trial_13_fold_4,pborole,1da1e8bdaf2011059296e17a025e975cf8ec7719,43.0,
c897f961b0d145e791f15f5a49671740,259476623550462286,FINISHED,file:///home/pborole/timeseries-classification/timeseries-classification/mlruns/259476623550462286/c897f961b0d145e791f15f5a49671740/artifacts,2025-12-04 18:40:34.571000+00:00,2025-12-04 18:43:45.263000+00:00,0.7874015748031497,0.8310421229593958,0.7318435754189944,0.7821229050279329,0.8368200836820083,0.8465829846582985,0.7837837837837838,28.0,0.3603984143278422,0.7909090909090909,0.7906449893390193,0.8419321223310712,0.8928571428571429,0.5966092990763361,0.5394776916370712,0.7729211087420043,0.7767857142857143,,,,,,,,,,,,54494b82ca2d4dfeb9950f5ce664a680,LOCAL,/home/pborole/timeseries-classification/timeseries-classification/src/modeling/hpo.py,trial_13_fold_3,pborole,1da1e8bdaf2011059296e17a025e975cf8ec7719,48.0,
756acf314aa549928ccb1893e55e2384,259476623550462286,FINISHED,file:///home/pborole/timeseries-classification/timeseries-classification/mlruns/259476623550462286/756acf314aa549928ccb1893e55e2384/artifacts,2025-12-04 18:37:28.164000+00:00,2025-12-04 18:40:34.425000+00:00,0.8031496062992126,0.8742803924432496,0.7597765363128491,0.8044692737430168,0.8535564853556485,0.8605299860529986,0.823045267489712,26.0,0.329056097955717,0.7633587786259542,0.8294243070362473,0.8668360738034345,0.9107142857142856,0.5289022586199158,0.4867745761098808,0.826226012793177,0.8928571428571429,,,,,,,,,,,,54494b82ca2d4dfeb9950f5ce664a680,LOCAL,/home/pborole/timeseries-classification/timeseries-classification/src/modeling/hpo.py,trial_13_fold_2,pborole,1da1e8bdaf2011059296e17a025e975cf8ec7719,46.0,
87702bcea3144786897fe609e8487b40,259476623550462286,FINISHED,file:///home/pborole/timeseries-classification/timeseries-classification/mlruns/259476623550462286/87702bcea3144786897fe609e8487b40/artifacts,2025-12-04 18:33:06.845000+00:00,2025-12-04 18:37:28.087000+00:00,0.8189655172413793,0.876172825574786,0.7486033519553073,0.7877094972067039,0.8333333333333334,0.8577405857740585,0.8117154811715481,42.0,0.3405934039352661,0.7637795275590551,0.8156982942430704,0.8595865891907368,0.8482142857142857,0.5346545940004913,0.5130207655150131,0.8223614072494669,0.8660714285714286,,,,,,,,,,,,54494b82ca2d4dfeb9950f5ce664a680,LOCAL,/home/pborole/timeseries-classification/timeseries-classification/src/modeling/hpo.py,trial_13_fold_1,pborole,1da1e8bdaf2011059296e17a025e975cf8ec7719,62.0,
4e9e577210b5432893fdaf70a74692dd,259476623550462286,FINISHED,file:///home/pborole/timeseries-classification/timeseries-classification/mlruns/259476623550462286/4e9e577210b5432893fdaf70a74692dd/artifacts,2025-12-04 18:28:44.560000+00:00,2025-12-04 18:33:06.703000+00:00,0.8106060606060606,0.84998495425403,0.7833333333333333,0.8333333333333334,0.8770491803278688,0.8770949720670391,0.8446215139442231,41.0,0.2982754664880603,0.762589928057554,0.8482142857142858,0.8674157103820418,0.9553571428571428,0.5846740331914689,0.4875101354387071,0.826811974789916,0.9464285714285714,,,,,,,,,,,,54494b82ca2d4dfeb9950f5ce664a680,LOCAL,/home/pborole/timeseries-classification/timeseries-classification/src/modeling/hpo.py,trial_13_fold_0,pborole,1da1e8bdaf2011059296e17a025e975cf8ec7719,61.0,
54494b82ca2d4dfeb9950f5ce664a680,259476623550462286,FINISHED,file:///home/pborole/timeseries-classification/timeseries-classification/mlruns/259476623550462286/54494b82ca2d4dfeb9950f5ce664a680/artifacts,2025-12-04 18:28:42.377000+00:00,2025-12-04 18:46:38.718000+00:00,,,,,,,,,,,,,,,,,,0.8540648600180327,,f1,0.0003759074411675,250.0,20.0,timesfm,0.1157509360766765,"[20, 10]",32.0,5.0,,LOCAL,/home/pborole/timeseries-classification/timeseries-classification/src/modeling/hpo.py,trial_13,pborole,1da1e8bdaf2011059296e17a025e975cf8ec7719,,61.0
37650a2b436c4766bb63675d65683d48,259476623550462286,FINISHED,file:///home/pborole/timeseries-classification/timeseries-classification/mlruns/259476623550462286/37650a2b436c4766bb63675d65683d48/artifacts,2025-12-04 18:25:08.887000+00:00,2025-12-04 18:28:39.601000+00:00,0.8,0.8616594556858348,0.7932960893854749,0.8100558659217877,0.859504132231405,0.806136680613668,0.8412017167381974,25.0,0.424842683091822,0.8099173553719008,0.8456823027718551,0.8674526846278532,0.9285714285714286,0.4760519293599954,0.4774478781323193,0.8354211087420044,0.875,,,,,,,,,,,,57c48b7abb564d87b6ec0952d17423d6,LOCAL,/home/pborole/timeseries-classification/timeseries-classification/src/modeling/hpo.py,trial_12_fold_4,pborole,1da1e8bdaf2011059296e17a025e975cf8ec7719,45.0,
ba5d15f7b2b845ef95a76e574fc7b724,259476623550462286,FINISHED,file:///home/pborole/timeseries-classification/timeseries-classification/mlruns/259476623550462286/ba5d15f7b2b845ef95a76e574fc7b724/artifacts,2025-12-04 18:21:25.500000+00:00,2025-12-04 18:25:07.419000+00:00,0.7984496124031008,0.8434102742970533,0.7877094972067039,0.8044692737430168,0.8547717842323651,0.8423988842398884,0.8347826086956521,23.0,0.3504675298388865,0.8135593220338984,0.8077025586353944,0.8453493090841955,0.9196428571428572,0.5943966510409083,0.5329141408704513,0.8011727078891259,0.8571428571428571,,,,,,,,,,,,57c48b7abb564d87b6ec0952d17423d6,LOCAL,/home/pborole/timeseries-classification/timeseries-classification/src/modeling/hpo.py,trial_12_fold_3,pborole,1da1e8bdaf2011059296e17a025e975cf8ec7719,43.0,
1a6046afc07744fe8de21502bb920ae9,259476623550462286,FINISHED,file:///home/pborole/timeseries-classification/timeseries-classification/mlruns/259476623550462286/1a6046afc07744fe8de21502bb920ae9/artifacts,2025-12-04 18:18:55.060000+00:00,2025-12-04 18:21:25.416000+00:00,0.8407079646017699,0.8242340280356837,0.7653631284916201,0.8044692737430168,0.8444444444444444,0.8340306834030683,0.8090909090909091,17.0,0.408053973479251,0.8240740740740741,0.8101012793176973,0.8234031723069121,0.8482142857142857,0.5707412888217904,0.5044768625797507,0.789045842217484,0.7946428571428571,,,,,,,,,,,,57c48b7abb564d87b6ec0952d17423d6,LOCAL,/home/pborole/timeseries-classification/timeseries-classification/src/modeling/hpo.py,trial_12_fold_2,pborole,1da1e8bdaf2011059296e17a025e975cf8ec7719,37.0,
aa277d4e075741bd995fa446e8f72aac,259476623550462286,FINISHED,file:///home/pborole/timeseries-classification/timeseries-classification/mlruns/259476623550462286/aa277d4e075741bd995fa446e8f72aac/artifacts,2025-12-04 18:12:25.196000+00:00,2025-12-04 18:18:55.039000+00:00,0.8099173553719008,0.8546588866591444,0.7486033519553073,0.7932960893854749,0.8412017167381974,0.8884239888423989,0.8132780082987552,70.0,0.27094289826715,0.7596899224806202,0.8098347547974414,0.8590354618159278,0.875,0.6943128626980928,0.6410585993578314,0.8045042643923241,0.875,,,,,,,,,,,,57c48b7abb564d87b6ec0952d17423d6,LOCAL,/home/pborole/timeseries-classification/timeseries-classification/src/modeling/hpo.py,trial_12_fold_1,pborole,1da1e8bdaf2011059296e17a025e975cf8ec7719,90.0,
55b88a4456a2452bb1f257c3ea2f715a,259476623550462286,FINISHED,file:///home/pborole/timeseries-classification/timeseries-classification/mlruns/259476623550462286/55b88a4456a2452bb1f257c3ea2f715a/artifacts,2025-12-04 18:08:03.594000+00:00,2025-12-04 18:12:25.059000+00:00,0.7867647058823529,0.8642079454342564,0.7833333333333333,0.8111111111111111,0.8629032258064516,0.8519553072625698,0.8408163265306122,39.0,0.3456774905074242,0.7744360902255639,0.8503151260504201,0.8622044855494391,0.9553571428571428,0.4959649284680684,0.5001662373542786,0.8441439075630252,0.9196428571428572,,,,,,,,,,,,57c48b7abb564d87b6ec0952d17423d6,LOCAL,/home/pborole/timeseries-classification/timeseries-classification/src/modeling/hpo.py,trial_12_fold_0,pborole,1da1e8bdaf2011059296e17a025e975cf8ec7719,59.0,
57c48b7abb564d87b6ec0952d17423d6,259476623550462286,FINISHED,file:///home/pborole/timeseries-classification/timeseries-classification/mlruns/259476623550462286/57c48b7abb564d87b6ec0952d17423d6/artifacts,2025-12-04 18:08:02.977000+00:00,2025-12-04 18:28:39.802000+00:00,,,,,,,,,,,,,,,,,,0.8525650606905728,,f1,0.0004488948679101,250.0,20.0,timesfm,0.1442127167674813,"[20, 10]",16.0,5.0,,LOCAL,/home/pborole/timeseries-classification/timeseries-classification/src/modeling/hpo.py,trial_12,pborole,1da1e8bdaf2011059296e17a025e975cf8ec7719,,67.0
f80e8a7699f6449cbdead6f9e7b9d7da,259476623550462286,FINISHED,file:///home/pborole/timeseries-classification/timeseries-classification/mlruns/259476623550462286/f80e8a7699f6449cbdead6f9e7b9d7da/artifacts,2025-12-04 18:03:12.311000+00:00,2025-12-04 18:08:02.630000+00:00,0.8225806451612904,0.8692110112713097,0.7877094972067039,0.8212290502793296,0.864406779661017,0.8410041841004184,0.8347826086956521,47.0,0.3373760124837338,0.8135593220338984,0.8582089552238806,0.8757864900831334,0.9107142857142856,0.5416053076529636,0.4710366714267091,0.8480810234541577,0.8571428571428571,,,,,,,,,,,,7d052e5e8aa746078604a18eea4daaaa,LOCAL,/home/pborole/timeseries-classification/timeseries-classification/src/modeling/hpo.py,trial_11_fold_4,pborole,1da1e8bdaf2011059296e17a025e975cf8ec7719,67.0,
a9fa789c1f114d7fb6f100e45e275262,259476623550462286,FINISHED,file:///home/pborole/timeseries-classification/timeseries-classification/mlruns/259476623550462286/a9fa789c1f114d7fb6f100e45e275262/artifacts,2025-12-04 17:59:46.166000+00:00,2025-12-04 18:03:12.257000+00:00,0.7857142857142857,0.8354679963146804,0.7486033519553073,0.776536312849162,0.8319327731092437,0.8340306834030683,0.8051948051948052,28.0,0.3614053152075538,0.7815126050420168,0.7621268656716418,0.815299403881527,0.8839285714285714,0.6663486654532023,0.6312979339054843,0.7761860341151386,0.8303571428571429,,,,,,,,,,,,7d052e5e8aa746078604a18eea4daaaa,LOCAL,/home/pborole/timeseries-classification/timeseries-classification/src/modeling/hpo.py,trial_11_fold_3,pborole,1da1e8bdaf2011059296e17a025e975cf8ec7719,48.0,
844beeceee754edea051980f98a3f8f2,259476623550462286,FINISHED,file:///home/pborole/timeseries-classification/timeseries-classification/mlruns/259476623550462286/844beeceee754edea051980f98a3f8f2/artifacts,2025-12-04 17:57:45.881000+00:00,2025-12-04 17:59:46.075000+00:00,0.792,0.8282116471529934,0.7486033519553073,0.7821229050279329,0.8354430379746836,0.8089260808926081,0.8051948051948052,7.0,0.3940766821595914,0.7815126050420168,0.7821162046908317,0.8320205412752913,0.8839285714285714,0.5776438907871033,0.5351627890291161,0.7885127931769723,0.8303571428571429,,,,,,,,,,,,7d052e5e8aa746078604a18eea4daaaa,LOCAL,/home/pborole/timeseries-classification/timeseries-classification/src/modeling/hpo.py,trial_11_fold_2,pborole,1da1e8bdaf2011059296e17a025e975cf8ec7719,27.0,
95ebc56977b0450eb67d435e332b5d64,259476623550462286,FINISHED,file:///home/pborole/timeseries-classification/timeseries-classification/mlruns/259476623550462286/95ebc56977b0450eb67d435e332b5d64/artifacts,2025-12-04 17:52:23.346000+00:00,2025-12-04 17:57:45.827000+00:00,0.8290598290598291,0.8603643620069563,0.7877094972067039,0.8044692737430168,0.8471615720524017,0.8633193863319386,0.8389830508474576,54.0,0.3045770099991867,0.7983870967741935,0.8152985074626866,0.863095876817165,0.8660714285714286,0.6254128156510811,0.5635892707209348,0.8067697228144989,0.8839285714285714,,,,,,,,,,,,7d052e5e8aa746078604a18eea4daaaa,LOCAL,/home/pborole/timeseries-classification/timeseries-classification/src/modeling/hpo.py,trial_11_fold_1,pborole,1da1e8bdaf2011059296e17a025e975cf8ec7719,74.0,
908fde4374f648acad5d55ff9c31eab8,259476623550462286,FINISHED,file:///home/pborole/timeseries-classification/timeseries-classification/mlruns/259476623550462286/908fde4374f648acad5d55ff9c31eab8/artifacts,2025-12-04 17:48:03.306000+00:00,2025-12-04 17:52:22.953000+00:00,0.782608695652174,0.8695651525335063,0.7833333333333333,0.8111111111111111,0.864,0.8715083798882681,0.8458498023715415,40.0,0.3286495012694231,0.7588652482269503,0.8433560924369747,0.8692107620383664,0.9642857142857144,0.5037278441919221,0.4988826021552086,0.8400078781512605,0.9553571428571428,,,,,,,,,,,,7d052e5e8aa746078604a18eea4daaaa,LOCAL,/home/pborole/timeseries-classification/timeseries-classification/src/modeling/hpo.py,trial_11_fold_0,pborole,1da1e8bdaf2011059296e17a025e975cf8ec7719,60.0,
7d052e5e8aa746078604a18eea4daaaa,259476623550462286,FINISHED,file:///home/pborole/timeseries-classification/timeseries-classification/mlruns/259476623550462286/7d052e5e8aa746078604a18eea4daaaa/artifacts,2025-12-04 17:48:02.873000+00:00,2025-12-04 18:08:02.711000+00:00,,,,,,,,,,,,,,,,,,0.8485888325594692,,f1,0.0008322724281704,250.0,20.0,timesfm,0.1734254457033109,"[20, 10]",17.0,5.0,,LOCAL,/home/pborole/timeseries-classification/timeseries-classification/src/modeling/hpo.py,trial_11,pborole,1da1e8bdaf2011059296e17a025e975cf8ec7719,,63.0
8f55025f3e934b1a8d36154a47110738,259476623550462286,FINISHED,file:///home/pborole/timeseries-classification/timeseries-classification/mlruns/259476623550462286/8f55025f3e934b1a8d36154a47110738/artifacts,2025-12-04 17:45:07.425000+00:00,2025-12-04 17:48:02.524000+00:00,0.7846153846153846,0.8563497337431198,0.776536312849162,0.7877094972067039,0.8429752066115702,0.7377963737796374,0.8260869565217391,20.0,0.5003293031096625,0.8050847457627118,0.8014392324093816,0.8441011055012543,0.9107142857142856,0.5149354433547185,0.5491514126015775,0.8123001066098081,0.8482142857142857,,,,,,,,,,,,fa6f2c5e5d4b4c6eb42631f5f0e07f34,LOCAL,/home/pborole/timeseries-classification/timeseries-classification/src/modeling/hpo.py,trial_10_fold_2,pborole,1da1e8bdaf2011059296e17a025e975cf8ec7719,40.0,
aa715031a0034b34ade967965b50e3ab,259476623550462286,FINISHED,file:///home/pborole/timeseries-classification/timeseries-classification/mlruns/259476623550462286/aa715031a0034b34ade967965b50e3ab/artifacts,2025-12-04 17:40:00.906000+00:00,2025-12-04 17:45:07.313000+00:00,0.762962962962963,0.8251035756917555,0.7150837988826816,0.770949720670391,0.8340080971659919,0.7405857740585774,0.8,51.0,0.4816745333425503,0.7132867132867133,0.8098347547974413,0.8514563422862875,0.9196428571428572,0.5597831308009238,0.5291900136117829,0.7799840085287847,0.9107142857142856,,,,,,,,,,,,fa6f2c5e5d4b4c6eb42631f5f0e07f34,LOCAL,/home/pborole/timeseries-classification/timeseries-classification/src/modeling/hpo.py,trial_10_fold_1,pborole,1da1e8bdaf2011059296e17a025e975cf8ec7719,71.0,
190df1545150483f9aa93284fc977687,259476623550462286,FINISHED,file:///home/pborole/timeseries-classification/timeseries-classification/mlruns/259476623550462286/190df1545150483f9aa93284fc977687/artifacts,2025-12-04 17:35:05.586000+00:00,2025-12-04 17:40:00.857000+00:00,0.7077922077922078,0.8347228846401991,0.7166666666666667,0.7333333333333333,0.8195488721804511,0.7220670391061452,0.8089887640449438,50.0,0.4839964515670051,0.6967741935483871,0.7784926470588234,0.8183435612982118,0.9732142857142856,0.5955868588553535,0.5958433402909173,0.7879464285714286,0.9642857142857144,,,,,,,,,,,,fa6f2c5e5d4b4c6eb42631f5f0e07f34,LOCAL,/home/pborole/timeseries-classification/timeseries-classification/src/modeling/hpo.py,trial_10_fold_0,pborole,1da1e8bdaf2011059296e17a025e975cf8ec7719,70.0,
fa6f2c5e5d4b4c6eb42631f5f0e07f34,259476623550462286,FAILED,file:///home/pborole/timeseries-classification/timeseries-classification/mlruns/259476623550462286/fa6f2c5e5d4b4c6eb42631f5f0e07f34/artifacts,2025-12-04 17:35:05.279000+00:00,2025-12-04 17:48:02.625000+00:00,,,,,,,,,,,,,,,,,,,1.0,f1,0.0008909353022689,250.0,20.0,timesfm,0.4725682721151933,"[20, 10]",16.0,5.0,,LOCAL,/home/pborole/timeseries-classification/timeseries-classification/src/modeling/hpo.py,trial_10,pborole,1da1e8bdaf2011059296e17a025e975cf8ec7719,,52.0
10dbaf9ca91b4294b7796f8248d38696,259476623550462286,FINISHED,file:///home/pborole/timeseries-classification/timeseries-classification/mlruns/259476623550462286/10dbaf9ca91b4294b7796f8248d38696/artifacts,2025-12-04 17:29:39.099000+00:00,2025-12-04 17:35:05.053000+00:00,0.8448275862068966,0.8549515409320722,0.7877094972067039,0.8212290502793296,0.8596491228070176,0.8172942817294282,0.831858407079646,56.0,0.4252652073463469,0.8245614035087719,0.8323560767590619,0.852812400693148,0.875,0.4926215525113004,0.4900976534329313,0.8387526652452025,0.8392857142857143,,,,,,,,,,,,06dee175074a4e8e8039613301c66178,LOCAL,/home/pborole/timeseries-classification/timeseries-classification/src/modeling/hpo.py,trial_9_fold_4,pborole,1da1e8bdaf2011059296e17a025e975cf8ec7719,76.0,
5dfa6af5d4e74d08966ae65872059f1f,259476623550462286,FINISHED,file:///home/pborole/timeseries-classification/timeseries-classification/mlruns/259476623550462286/5dfa6af5d4e74d08966ae65872059f1f/artifacts,2025-12-04 17:26:14.687000+00:00,2025-12-04 17:29:39.054000+00:00,0.7906976744186046,0.8419858238862372,0.770949720670391,0.7932960893854749,0.8464730290456431,0.8131101813110181,0.8177777777777778,28.0,0.3990700671987054,0.8141592920353983,0.7986407249466951,0.8435754303510195,0.9107142857142856,0.5600454166281823,0.5143545601288033,0.7957755863539446,0.8214285714285714,,,,,,,,,,,,06dee175074a4e8e8039613301c66178,LOCAL,/home/pborole/timeseries-classification/timeseries-classification/src/modeling/hpo.py,trial_9_fold_3,pborole,1da1e8bdaf2011059296e17a025e975cf8ec7719,48.0,
e1bf30e25e654bd987e16e2d18eaa88f,259476623550462286,FINISHED,file:///home/pborole/timeseries-classification/timeseries-classification/mlruns/259476623550462286/e1bf30e25e654bd987e16e2d18eaa88f/artifacts,2025-12-04 17:23:48.812000+00:00,2025-12-04 17:26:14.661000+00:00,0.792,0.8026065056694837,0.7262569832402235,0.7821229050279329,0.8354430379746836,0.8312412831241283,0.7983539094650206,15.0,0.3995009929856163,0.7404580152671756,0.7482675906183369,0.7894460494265547,0.8839285714285714,0.6352423707533149,0.5994972286943617,0.7524653518123667,0.8660714285714286,,,,,,,,,,,,06dee175074a4e8e8039613301c66178,LOCAL,/home/pborole/timeseries-classification/timeseries-classification/src/modeling/hpo.py,trial_9_fold_2,pborole,1da1e8bdaf2011059296e17a025e975cf8ec7719,35.0,
a468a8c8ecee4db6802ea22fdd14943d,259476623550462286,FINISHED,file:///home/pborole/timeseries-classification/timeseries-classification/mlruns/259476623550462286/a468a8c8ecee4db6802ea22fdd14943d/artifacts,2025-12-04 17:19:13.105000+00:00,2025-12-04 17:23:48.767000+00:00,0.8,0.8492149062765053,0.7374301675977654,0.776536312849162,0.8275862068965517,0.8605299860529986,0.7982832618025751,46.0,0.3460489417760109,0.768595041322314,0.816231343283582,0.862883906868665,0.8571428571428571,0.6758463694896112,0.5498813290003292,0.7941098081023454,0.8303571428571429,,,,,,,,,,,,06dee175074a4e8e8039613301c66178,LOCAL,/home/pborole/timeseries-classification/timeseries-classification/src/modeling/hpo.py,trial_9_fold_1,pborole,1da1e8bdaf2011059296e17a025e975cf8ec7719,66.0,
5edecfbc239a4325bdc4b34b555bc300,259476623550462286,FINISHED,file:///home/pborole/timeseries-classification/timeseries-classification/mlruns/259476623550462286/5edecfbc239a4325bdc4b34b555bc300/artifacts,2025-12-04 17:15:14.638000+00:00,2025-12-04 17:19:13.025000+00:00,0.8,0.86318828750782,0.7555555555555555,0.8111111111111111,0.859504132231405,0.8142458100558659,0.819672131147541,36.0,0.4539264982264468,0.7575757575757576,0.8048844537815125,0.8434017349086634,0.9285714285714286,0.5303399393955867,0.5227782779269748,0.8198529411764705,0.8928571428571429,,,,,,,,,,,,06dee175074a4e8e8039613301c66178,LOCAL,/home/pborole/timeseries-classification/timeseries-classification/src/modeling/hpo.py,trial_9_fold_0,pborole,1da1e8bdaf2011059296e17a025e975cf8ec7719,56.0,
06dee175074a4e8e8039613301c66178,259476623550462286,FINISHED,file:///home/pborole/timeseries-classification/timeseries-classification/mlruns/259476623550462286/06dee175074a4e8e8039613301c66178/artifacts,2025-12-04 17:15:14.286000+00:00,2025-12-04 17:35:05.115000+00:00,,,,,,,,,,,,,,,,,,0.8457311057910601,,f1,0.0005987474910461,250.0,20.0,timesfm,0.2571172192068058,"[20, 10]",17.0,5.0,,LOCAL,/home/pborole/timeseries-classification/timeseries-classification/src/modeling/hpo.py,trial_9,pborole,1da1e8bdaf2011059296e17a025e975cf8ec7719,,65.0
8d98e59cd0b04c779b3b4902f3378977,259476623550462286,FINISHED,file:///home/pborole/timeseries-classification/timeseries-classification/mlruns/259476623550462286/8d98e59cd0b04c779b3b4902f3378977/artifacts,2025-12-04 17:11:03.996000+00:00,2025-12-04 17:15:14.148000+00:00,0.8521739130434782,0.8559010214629085,0.7597765363128491,0.8268156424581006,0.8634361233480177,0.8186889818688982,0.8088888888888889,43.0,0.4060419703128448,0.8053097345132744,0.8447494669509595,0.8584646349169126,0.875,0.5382690502944605,0.4991074039616398,0.8332889125799573,0.8125,,,,,,,,,,,,07f57d6058674ebbac0ae27a6fa3ef93,LOCAL,/home/pborole/timeseries-classification/timeseries-classification/src/modeling/hpo.py,trial_8_fold_4,pborole,1da1e8bdaf2011059296e17a025e975cf8ec7719,63.0,
bd508af758e14974ba3c993df019af05,259476623550462286,FINISHED,file:///home/pborole/timeseries-classification/timeseries-classification/mlruns/259476623550462286/bd508af758e14974ba3c993df019af05/artifacts,2025-12-04 17:06:28.547000+00:00,2025-12-04 17:11:03.951000+00:00,0.7786259541984732,0.8195449916609134,0.7374301675977654,0.7821229050279329,0.8395061728395061,0.8507670850767085,0.7947598253275109,48.0,0.3322811314999808,0.7777777777777778,0.7979744136460554,0.8528702925206351,0.9107142857142856,0.8211719117351084,0.626221832949356,0.7699227078891258,0.8125,,,,,,,,,,,,07f57d6058674ebbac0ae27a6fa3ef93,LOCAL,/home/pborole/timeseries-classification/timeseries-classification/src/modeling/hpo.py,trial_8_fold_3,pborole,1da1e8bdaf2011059296e17a025e975cf8ec7719,68.0,
00feb5dcee6d4681a10bcfe89eafcad1,259476623550462286,FINISHED,file:///home/pborole/timeseries-classification/timeseries-classification/mlruns/259476623550462286/00feb5dcee6d4681a10bcfe89eafcad1/artifacts,2025-12-04 17:02:57.424000+00:00,2025-12-04 17:06:28.453000+00:00,0.762962962962963,0.746931062545338,0.7318435754189944,0.770949720670391,0.8340080971659919,0.7461645746164575,0.8110236220472441,32.0,0.432603029775819,0.7253521126760564,0.74227078891258,0.7470682400762569,0.9196428571428572,0.6814597783474948,0.684854127508302,0.7292110874200427,0.9196428571428572,,,,,,,,,,,,07f57d6058674ebbac0ae27a6fa3ef93,LOCAL,/home/pborole/timeseries-classification/timeseries-classification/src/modeling/hpo.py,trial_8_fold_2,pborole,1da1e8bdaf2011059296e17a025e975cf8ec7719,52.0,
b931a38ddf214f37be7f485c27926246,259476623550462286,FINISHED,file:///home/pborole/timeseries-classification/timeseries-classification/mlruns/259476623550462286/b931a38ddf214f37be7f485c27926246/artifacts,2025-12-04 16:59:47.101000+00:00,2025-12-04 17:02:57.377000+00:00,0.75,0.8261584996361775,0.7653631284916201,0.7541899441340782,0.8225806451612904,0.8451882845188284,0.8220338983050848,27.0,0.3960393271935036,0.782258064516129,0.7871135394456291,0.8415242564151404,0.9107142857142856,0.6375146564824621,0.5737600712802823,0.7743869936034116,0.8660714285714286,,,,,,,,,,,,07f57d6058674ebbac0ae27a6fa3ef93,LOCAL,/home/pborole/timeseries-classification/timeseries-classification/src/modeling/hpo.py,trial_8_fold_1,pborole,1da1e8bdaf2011059296e17a025e975cf8ec7719,47.0,
cb831ba105224fcc8fded08c053418b9,259476623550462286,FINISHED,file:///home/pborole/timeseries-classification/timeseries-classification/mlruns/259476623550462286/cb831ba105224fcc8fded08c053418b9/artifacts,2025-12-04 16:53:52.717000+00:00,2025-12-04 16:59:47.067000+00:00,0.7681159420289855,0.8247968923244431,0.7555555555555555,0.7888888888888889,0.848,0.8002793296089385,0.8267716535433071,68.0,0.3807134027254648,0.7394366197183099,0.8138786764705882,0.8415290818317989,0.9464285714285714,0.6237344106038412,0.5394122997919718,0.7931985294117646,0.9375,,,,,,,,,,,,07f57d6058674ebbac0ae27a6fa3ef93,LOCAL,/home/pborole/timeseries-classification/timeseries-classification/src/modeling/hpo.py,trial_8_fold_0,pborole,1da1e8bdaf2011059296e17a025e975cf8ec7719,88.0,
07f57d6058674ebbac0ae27a6fa3ef93,259476623550462286,FINISHED,file:///home/pborole/timeseries-classification/timeseries-classification/mlruns/259476623550462286/07f57d6058674ebbac0ae27a6fa3ef93/artifacts,2025-12-04 16:53:52.357000+00:00,2025-12-04 17:15:14.200000+00:00,,,,,,,,,,,,,,,,,,0.8415062077029614,,f1,0.002267398652378,250.0,20.0,timesfm,0.2280349921085179,"[20, 10]",24.0,5.0,,LOCAL,/home/pborole/timeseries-classification/timeseries-classification/src/modeling/hpo.py,trial_8,pborole,1da1e8bdaf2011059296e17a025e975cf8ec7719,,55.0
a6881d9c4f254ddcb27a0108db193fdb,259476623550462286,FINISHED,file:///home/pborole/timeseries-classification/timeseries-classification/mlruns/259476623550462286/a6881d9c4f254ddcb27a0108db193fdb/artifacts,2025-12-04 16:49:05.640000+00:00,2025-12-04 16:53:52.174000+00:00,0.8319327731092437,0.8865998574792108,0.7821229050279329,0.8156424581005587,0.8571428571428571,0.8298465829846583,0.8326180257510729,54.0,0.4020950413897446,0.8016528925619835,0.8586087420042645,0.886489253341223,0.8839285714285714,0.4501963930423033,0.4625745352420061,0.8636727078891258,0.8660714285714286,,,,,,,,,,,,83d6f92bcd554d248451c4fcb8f1ff07,LOCAL,/home/pborole/timeseries-classification/timeseries-classification/src/modeling/hpo.py,trial_7_fold_4,pborole,1da1e8bdaf2011059296e17a025e975cf8ec7719,74.0,
ecfc1245f432496fa04dc37028dae9e0,259476623550462286,FINISHED,file:///home/pborole/timeseries-classification/timeseries-classification/mlruns/259476623550462286/ecfc1245f432496fa04dc37028dae9e0/artifacts,2025-12-04 16:44:33.264000+00:00,2025-12-04 16:49:05.614000+00:00,0.7983870967741935,0.8566140636954676,0.7653631284916201,0.7877094972067039,0.8389830508474576,0.8256624825662483,0.8141592920353983,51.0,0.4152670507650495,0.8070175438596491,0.7923773987206824,0.8461527889020026,0.8839285714285714,0.5180429726339585,0.5253803094006118,0.8031716417910447,0.8214285714285714,,,,,,,,,,,,83d6f92bcd554d248451c4fcb8f1ff07,LOCAL,/home/pborole/timeseries-classification/timeseries-classification/src/modeling/hpo.py,trial_7_fold_3,pborole,1da1e8bdaf2011059296e17a025e975cf8ec7719,71.0,
f474f8a651bc41e0a6ff3766c9a1a510,259476623550462286,FINISHED,file:///home/pborole/timeseries-classification/timeseries-classification/mlruns/259476623550462286/f474f8a651bc41e0a6ff3766c9a1a510/artifacts,2025-12-04 16:40:16.266000+00:00,2025-12-04 16:44:33.211000+00:00,0.8362068965517241,0.8290154898767326,0.7541899441340782,0.8100558659217877,0.8508771929824561,0.8298465829846583,0.811965811965812,47.0,0.4007749803769538,0.7786885245901639,0.8005063965884862,0.8321700725595758,0.8660714285714286,0.531222542237969,0.5152125198747859,0.792910447761194,0.8482142857142857,,,,,,,,,,,,83d6f92bcd554d248451c4fcb8f1ff07,LOCAL,/home/pborole/timeseries-classification/timeseries-classification/src/modeling/hpo.py,trial_7_fold_2,pborole,1da1e8bdaf2011059296e17a025e975cf8ec7719,67.0,
f2d586f862734873a4c8c4043f55e49d,259476623550462286,FINISHED,file:///home/pborole/timeseries-classification/timeseries-classification/mlruns/259476623550462286/f2d586f862734873a4c8c4043f55e49d/artifacts,2025-12-04 16:35:25.321000+00:00,2025-12-04 16:40:16.233000+00:00,0.7751937984496124,0.8825870837272596,0.770949720670391,0.770949720670391,0.8298755186721992,0.8479776847977685,0.8270042194092827,56.0,0.3871156794838659,0.784,0.8178304904051173,0.8900847224060244,0.8928571428571429,0.5168056288245004,0.5127159923148554,0.8140991471215351,0.875,,,,,,,,,,,,83d6f92bcd554d248451c4fcb8f1ff07,LOCAL,/home/pborole/timeseries-classification/timeseries-classification/src/modeling/hpo.py,trial_7_fold_1,pborole,1da1e8bdaf2011059296e17a025e975cf8ec7719,76.0,
7959e26ab4d9439ea1cace6d0f77be50,259476623550462286,FINISHED,file:///home/pborole/timeseries-classification/timeseries-classification/mlruns/259476623550462286/7959e26ab4d9439ea1cace6d0f77be50/artifacts,2025-12-04 16:29:42.567000+00:00,2025-12-04 16:35:25.244000+00:00,0.7394366197183099,0.8483248052384729,0.7611111111111111,0.7555555555555555,0.8267716535433071,0.8421787709497207,0.8259109311740891,70.0,0.3848473065891745,0.7555555555555555,0.8027836134453782,0.8450171072646058,0.9375,0.5095466703176499,0.5208413468466865,0.8077731092436975,0.9107142857142856,,,,,,,,,,,,83d6f92bcd554d248451c4fcb8f1ff07,LOCAL,/home/pborole/timeseries-classification/timeseries-classification/src/modeling/hpo.py,trial_7_fold_0,pborole,1da1e8bdaf2011059296e17a025e975cf8ec7719,90.0,
83d6f92bcd554d248451c4fcb8f1ff07,259476623550462286,FINISHED,file:///home/pborole/timeseries-classification/timeseries-classification/mlruns/259476623550462286/83d6f92bcd554d248451c4fcb8f1ff07/artifacts,2025-12-04 16:29:42.229000+00:00,2025-12-04 16:53:52.260000+00:00,,,,,,,,,,,,,,,,,,0.8407300546376554,,f1,7.52374288453485e-05,250.0,20.0,timesfm,0.0697469303260209,"[20, 10]",34.0,5.0,,LOCAL,/home/pborole/timeseries-classification/timeseries-classification/src/modeling/hpo.py,trial_7,pborole,1da1e8bdaf2011059296e17a025e975cf8ec7719,,55.0
8952e6da3089408b847d807097f08465,259476623550462286,FINISHED,file:///home/pborole/timeseries-classification/timeseries-classification/mlruns/259476623550462286/8952e6da3089408b847d807097f08465/artifacts,2025-12-04 16:22:36.598000+00:00,2025-12-04 16:29:42.088000+00:00,0.792,0.8378514774712891,0.7597765363128491,0.7821229050279329,0.8354430379746836,0.8186889818688982,0.8170212765957446,94.0,0.4342450450903202,0.7804878048780488,0.798640724946695,0.8408653740992152,0.8839285714285714,0.518414026032613,0.5186312784695758,0.798907249466951,0.8571428571428571,,,,,,,,,,,,d8af5c10063e4c4fa380ed96fda43051,LOCAL,/home/pborole/timeseries-classification/timeseries-classification/src/modeling/hpo.py,trial_6_fold_2,pborole,1da1e8bdaf2011059296e17a025e975cf8ec7719,114.0,
421bbd6f963347b5bf852a273d8bff9b,259476623550462286,FINISHED,file:///home/pborole/timeseries-classification/timeseries-classification/mlruns/259476623550462286/421bbd6f963347b5bf852a273d8bff9b/artifacts,2025-12-04 16:18:02.349000+00:00,2025-12-04 16:22:36.560000+00:00,0.7333333333333333,0.8652127090710698,0.7262569832402235,0.7262569832402235,0.8016194331983806,0.7949790794979079,0.7966804979253111,54.0,0.480273781336501,0.7441860465116279,0.7814498933901919,0.8608107686241993,0.8839285714285714,0.5454668086334313,0.5572335883225809,0.7902452025586354,0.8571428571428571,,,,,,,,,,,,d8af5c10063e4c4fa380ed96fda43051,LOCAL,/home/pborole/timeseries-classification/timeseries-classification/src/modeling/hpo.py,trial_6_fold_1,pborole,1da1e8bdaf2011059296e17a025e975cf8ec7719,74.0,
6224b5b9c71c4c6fb4734d8990935b7d,259476623550462286,FINISHED,file:///home/pborole/timeseries-classification/timeseries-classification/mlruns/259476623550462286/6224b5b9c71c4c6fb4734d8990935b7d/artifacts,2025-12-04 16:14:00.030000+00:00,2025-12-04 16:18:02.303000+00:00,0.7299270072992701,0.8373331545666549,0.7111111111111111,0.7277777777777777,0.8032128514056225,0.7946927374301676,0.7936507936507936,45.0,0.480440958585153,0.7142857142857143,0.7494747899159664,0.8141956649379529,0.8928571428571429,0.5533298214276632,0.5735023468732834,0.7790178571428571,0.8928571428571429,,,,,,,,,,,,d8af5c10063e4c4fa380ed96fda43051,LOCAL,/home/pborole/timeseries-classification/timeseries-classification/src/modeling/hpo.py,trial_6_fold_0,pborole,1da1e8bdaf2011059296e17a025e975cf8ec7719,65.0,
d8af5c10063e4c4fa380ed96fda43051,259476623550462286,FAILED,file:///home/pborole/timeseries-classification/timeseries-classification/mlruns/259476623550462286/d8af5c10063e4c4fa380ed96fda43051/artifacts,2025-12-04 16:13:59.689000+00:00,2025-12-04 16:29:42.165000+00:00,,,,,,,,,,,,,,,,,,,1.0,f1,7.476312062252303e-05,250.0,20.0,timesfm,0.2159725093210578,"[20, 10]",57.0,5.0,,LOCAL,/home/pborole/timeseries-classification/timeseries-classification/src/modeling/hpo.py,trial_6,pborole,1da1e8bdaf2011059296e17a025e975cf8ec7719,,45.0
6ccdd7133541494b834f826a81162e67,259476623550462286,FINISHED,file:///home/pborole/timeseries-classification/timeseries-classification/mlruns/259476623550462286/6ccdd7133541494b834f826a81162e67/artifacts,2025-12-04 16:11:50.715000+00:00,2025-12-04 16:13:59.581000+00:00,0.7555555555555555,0.858434532172206,0.7486033519553073,0.7597765363128491,0.8259109311740891,0.7698744769874477,0.8068669527896996,14.0,0.4808989765338153,0.7768595041322314,0.7953091684434969,0.8366278745540623,0.9107142857142856,0.5095935721970137,0.559899436028976,0.8271588486140726,0.8392857142857143,,,,,,,,,,,,efe2ee49cb784156a00ebd32703f9387,LOCAL,/home/pborole/timeseries-classification/timeseries-classification/src/modeling/hpo.py,trial_5_fold_4,pborole,1da1e8bdaf2011059296e17a025e975cf8ec7719,34.0,
4103c93172034eff87f9cc281721a108,259476623550462286,FINISHED,file:///home/pborole/timeseries-classification/timeseries-classification/mlruns/259476623550462286/4103c93172034eff87f9cc281721a108/artifacts,2025-12-04 16:07:21.999000+00:00,2025-12-04 16:11:50.656000+00:00,0.7950819672131147,0.8633866505506663,0.770949720670391,0.776536312849162,0.8290598290598291,0.8200836820083682,0.8225108225108225,51.0,0.4276958235138131,0.7983193277310925,0.8115671641791045,0.8672259578644431,0.8660714285714286,0.5116664479231702,0.5115313075441222,0.810367803837953,0.8482142857142857,,,,,,,,,,,,efe2ee49cb784156a00ebd32703f9387,LOCAL,/home/pborole/timeseries-classification/timeseries-classification/src/modeling/hpo.py,trial_5_fold_3,pborole,1da1e8bdaf2011059296e17a025e975cf8ec7719,71.0,
2180f674c0ba4c59b796990134c18761,259476623550462286,FINISHED,file:///home/pborole/timeseries-classification/timeseries-classification/mlruns/259476623550462286/2180f674c0ba4c59b796990134c18761/artifacts,2025-12-04 16:01:58.516000+00:00,2025-12-04 16:07:21.926000+00:00,0.8235294117647058,0.8305568385536042,0.7932960893854749,0.8044692737430168,0.8484848484848485,0.8340306834030683,0.8384279475982532,65.0,0.4026323516997333,0.8205128205128205,0.7953091684434968,0.8221069850335951,0.875,0.5289493629386305,0.529064348123593,0.7981076759061834,0.8571428571428571,,,,,,,,,,,,efe2ee49cb784156a00ebd32703f9387,LOCAL,/home/pborole/timeseries-classification/timeseries-classification/src/modeling/hpo.py,trial_5_fold_2,pborole,1da1e8bdaf2011059296e17a025e975cf8ec7719,85.0,
0f8e3846752f48f1aacf3801ebf4ab3b,259476623550462286,FINISHED,file:///home/pborole/timeseries-classification/timeseries-classification/mlruns/259476623550462286/0f8e3846752f48f1aacf3801ebf4ab3b/artifacts,2025-12-04 16:00:08.680000+00:00,2025-12-04 16:01:58.481000+00:00,0.6770186335403726,0.8689075444174343,0.7039106145251397,0.6927374301675978,0.7985347985347986,0.8117154811715481,0.7888446215139442,9.0,0.4786686398909847,0.7122302158273381,0.7646588486140726,0.8418216547396657,0.9732142857142856,0.5432828012125452,0.5962420149222433,0.8002398720682302,0.8839285714285714,,,,,,,,,,,,efe2ee49cb784156a00ebd32703f9387,LOCAL,/home/pborole/timeseries-classification/timeseries-classification/src/modeling/hpo.py,trial_5_fold_1,pborole,1da1e8bdaf2011059296e17a025e975cf8ec7719,29.0,
1e37c85848c64acebf125e34a570ed93,259476623550462286,FINISHED,file:///home/pborole/timeseries-classification/timeseries-classification/mlruns/259476623550462286/1e37c85848c64acebf125e34a570ed93/artifacts,2025-12-04 15:52:46.279000+00:00,2025-12-04 16:00:08.628000+00:00,0.7835820895522388,0.8579452818366838,0.7888888888888889,0.8,0.8536585365853658,0.8519553072625698,0.8442622950819673,97.0,0.3727392622545444,0.7803030303030303,0.8241859243697479,0.8613236317130143,0.9375,0.4899245243933465,0.4904655463165707,0.8251050420168068,0.9196428571428572,,,,,,,,,,,,efe2ee49cb784156a00ebd32703f9387,LOCAL,/home/pborole/timeseries-classification/timeseries-classification/src/modeling/hpo.py,trial_5_fold_0,pborole,1da1e8bdaf2011059296e17a025e975cf8ec7719,117.0,
efe2ee49cb784156a00ebd32703f9387,259476623550462286,FINISHED,file:///home/pborole/timeseries-classification/timeseries-classification/mlruns/259476623550462286/efe2ee49cb784156a00ebd32703f9387/artifacts,2025-12-04 15:52:45.903000+00:00,2025-12-04 16:13:59.625000+00:00,,,,,,,,,,,,,,,,,,0.8311297887677863,,f1,8.17949947521167e-05,250.0,20.0,timesfm,0.0917022549267169,"[20, 10]",47.0,5.0,,LOCAL,/home/pborole/timeseries-classification/timeseries-classification/src/modeling/hpo.py,trial_5,pborole,1da1e8bdaf2011059296e17a025e975cf8ec7719,,47.0
19acaa9316704129a4d60bda888f5caa,259476623550462286,FINISHED,file:///home/pborole/timeseries-classification/timeseries-classification/mlruns/259476623550462286/19acaa9316704129a4d60bda888f5caa/artifacts,2025-12-04 15:51:20.064000+00:00,2025-12-04 15:52:45.730000+00:00,0.6256983240223464,0.8328472713215647,0.6256983240223464,0.6256983240223464,0.7697594501718213,0.6234309623430963,0.7697594501718213,1.0,0.6309863619890839,0.6256983240223464,0.4252398720682303,0.6190933374403795,1.0,0.6325807145187975,0.6672282285530474,0.7503997867803839,1.0,,,,,,,,,,,,ac7d893939d3462ab83b70b2235506a7,LOCAL,/home/pborole/timeseries-classification/timeseries-classification/src/modeling/hpo.py,trial_4_fold_4,pborole,1da1e8bdaf2011059296e17a025e975cf8ec7719,21.0,
5998710ac4e64543a755b50e429182d7,259476623550462286,FINISHED,file:///home/pborole/timeseries-classification/timeseries-classification/mlruns/259476623550462286/5998710ac4e64543a755b50e429182d7/artifacts,2025-12-04 15:49:55.079000+00:00,2025-12-04 15:51:20.012000+00:00,0.6256983240223464,0.8355005168527494,0.6256983240223464,0.6256983240223464,0.7697594501718213,0.6248256624825662,0.7697594501718213,1.0,0.6342247813067177,0.6256983240223464,0.5345149253731343,0.6620855049090022,1.0,0.6249301876435732,0.659808517501341,0.7914445628997868,1.0,,,,,,,,,,,,ac7d893939d3462ab83b70b2235506a7,LOCAL,/home/pborole/timeseries-classification/timeseries-classification/src/modeling/hpo.py,trial_4_fold_3,pborole,1da1e8bdaf2011059296e17a025e975cf8ec7719,21.0,
a19091b770424f79a1e07971f106a2eb,259476623550462286,FINISHED,file:///home/pborole/timeseries-classification/timeseries-classification/mlruns/259476623550462286/a19091b770424f79a1e07971f106a2eb/artifacts,2025-12-04 15:43:32.671000+00:00,2025-12-04 15:49:55.063000+00:00,0.7253521126760564,0.8375250743176238,0.7206703910614525,0.7318435754189944,0.8110236220472441,0.7377963737796374,0.8015873015873016,77.0,0.5411852266083536,0.7214285714285714,0.7787846481876333,0.8319835309418468,0.9196428571428572,0.5566630058781394,0.5758672679602767,0.7865138592750532,0.9017857142857144,,,,,,,,,,,,ac7d893939d3462ab83b70b2235506a7,LOCAL,/home/pborole/timeseries-classification/timeseries-classification/src/modeling/hpo.py,trial_4_fold_2,pborole,1da1e8bdaf2011059296e17a025e975cf8ec7719,97.0,
08426ff1fce54d658f8c62e3d47a98f4,259476623550462286,FINISHED,file:///home/pborole/timeseries-classification/timeseries-classification/mlruns/259476623550462286/08426ff1fce54d658f8c62e3d47a98f4/artifacts,2025-12-04 15:31:24.196000+00:00,2025-12-04 15:43:32.588000+00:00,0.7829457364341085,0.8871340747095071,0.770949720670391,0.7821229050279329,0.8381742738589212,0.7838214783821479,0.831275720164609,162.0,0.4558522043700331,0.7709923664122137,0.8214285714285714,0.8829281860612956,0.9017857142857144,0.5004258706915978,0.5047814892656977,0.8292910447761195,0.9017857142857144,,,,,,,,,,,,ac7d893939d3462ab83b70b2235506a7,LOCAL,/home/pborole/timeseries-classification/timeseries-classification/src/modeling/hpo.py,trial_4_fold_1,pborole,1da1e8bdaf2011059296e17a025e975cf8ec7719,182.0,
4396b4140a9047c699dc8dbd936eb627,259476623550462286,FINISHED,file:///home/pborole/timeseries-classification/timeseries-classification/mlruns/259476623550462286/4396b4140a9047c699dc8dbd936eb627/artifacts,2025-12-04 15:29:33.332000+00:00,2025-12-04 15:31:24.127000+00:00,0.6470588235294118,0.7893950487843664,0.65,0.6555555555555556,0.7801418439716312,0.6522346368715084,0.7692307692307693,7.0,0.6115363938265672,0.6521739130434783,0.617515756302521,0.7084270821662886,0.9821428571428572,0.6204315046469371,0.6515107750892639,0.7049632352941176,0.9375,,,,,,,,,,,,ac7d893939d3462ab83b70b2235506a7,LOCAL,/home/pborole/timeseries-classification/timeseries-classification/src/modeling/hpo.py,trial_4_fold_0,pborole,1da1e8bdaf2011059296e17a025e975cf8ec7719,27.0,
ac7d893939d3462ab83b70b2235506a7,259476623550462286,FINISHED,file:///home/pborole/timeseries-classification/timeseries-classification/mlruns/259476623550462286/ac7d893939d3462ab83b70b2235506a7/artifacts,2025-12-04 15:29:33.021000+00:00,2025-12-04 15:52:45.779000+00:00,,,,,,,,,,,,,,,,,,0.7937717280442877,,f1,4.335281794951564e-05,250.0,20.0,timesfm,0.4162213204002108,"[20, 10]",23.0,5.0,,LOCAL,/home/pborole/timeseries-classification/timeseries-classification/src/modeling/hpo.py,trial_4,pborole,1da1e8bdaf2011059296e17a025e975cf8ec7719,,67.0
e5da0d3394bb4401bb8da5ce76e372ea,259476623550462286,FINISHED,file:///home/pborole/timeseries-classification/timeseries-classification/mlruns/259476623550462286/e5da0d3394bb4401bb8da5ce76e372ea/artifacts,2025-12-04 15:25:28.066000+00:00,2025-12-04 15:29:32.907000+00:00,0.632183908045977,0.7613639056813823,0.6256983240223464,0.6312849162011173,0.7692307692307693,0.5648535564853556,0.7632508833922261,45.0,0.684575940857705,0.631578947368421,0.6103411513859275,0.7333999631135188,0.9821428571428572,0.6525941680929515,0.6579630598009631,0.6372601279317697,0.9642857142857144,,,,,,,,,,,,b7444bc36067472980fc42bc7ac46a2c,LOCAL,/home/pborole/timeseries-classification/timeseries-classification/src/modeling/hpo.py,trial_3_fold_4,pborole,1da1e8bdaf2011059296e17a025e975cf8ec7719,65.0,
7c6e36c102014087984f1cbc31c416a8,259476623550462286,FINISHED,file:///home/pborole/timeseries-classification/timeseries-classification/mlruns/259476623550462286/7c6e36c102014087984f1cbc31c416a8/artifacts,2025-12-04 15:23:29.764000+00:00,2025-12-04 15:25:28.042000+00:00,0.6511627906976745,0.7381306352764181,0.6256983240223464,0.664804469273743,0.7887323943661971,0.6094839609483961,0.7615658362989324,12.0,0.6570405748099961,0.6331360946745562,0.5530383795309168,0.6654841665517823,1.0,0.6498796856603143,0.6675601198686568,0.6792377398720683,0.9553571428571428,,,,,,,,,,,,b7444bc36067472980fc42bc7ac46a2c,LOCAL,/home/pborole/timeseries-classification/timeseries-classification/src/modeling/hpo.py,trial_3_fold_3,pborole,1da1e8bdaf2011059296e17a025e975cf8ec7719,32.0,
07eef0290b0c4da484e47b17e4e3fab6,259476623550462286,FINISHED,file:///home/pborole/timeseries-classification/timeseries-classification/mlruns/259476623550462286/07eef0290b0c4da484e47b17e4e3fab6/artifacts,2025-12-04 15:20:00.203000+00:00,2025-12-04 15:23:29.684000+00:00,0.6411764705882353,0.7311764447301918,0.6256983240223464,0.6424581005586593,0.7730496453900709,0.5704323570432357,0.7615658362989324,34.0,0.6773506940824383,0.6331360946745562,0.6046108742004264,0.7049224215116843,0.9732142857142856,0.6567355560856825,0.6657787917712548,0.6312633262260128,0.9553571428571428,,,,,,,,,,,,b7444bc36067472980fc42bc7ac46a2c,LOCAL,/home/pborole/timeseries-classification/timeseries-classification/src/modeling/hpo.py,trial_3_fold_2,pborole,1da1e8bdaf2011059296e17a025e975cf8ec7719,54.0,
1ca9c99babdb450fb7d8f41f3b2f6e6a,259476623550462286,FINISHED,file:///home/pborole/timeseries-classification/timeseries-classification/mlruns/259476623550462286/1ca9c99babdb450fb7d8f41f3b2f6e6a/artifacts,2025-12-04 15:17:11.395000+00:00,2025-12-04 15:20:00.187000+00:00,0.6582278481012658,0.7545808636319545,0.6424581005586593,0.6536312849162011,0.7703703703703704,0.6471408647140865,0.7647058823529411,25.0,0.6786055047808,0.65,0.6585820895522388,0.7322320585817141,0.9285714285714286,0.6772355627081248,0.6813291304604301,0.6803038379530917,0.9285714285714286,,,,,,,,,,,,b7444bc36067472980fc42bc7ac46a2c,LOCAL,/home/pborole/timeseries-classification/timeseries-classification/src/modeling/hpo.py,trial_3_fold_1,pborole,1da1e8bdaf2011059296e17a025e975cf8ec7719,45.0,
c6149bd0fb874058a781584ec5ea3588,259476623550462286,FINISHED,file:///home/pborole/timeseries-classification/timeseries-classification/mlruns/259476623550462286/c6149bd0fb874058a781584ec5ea3588/artifacts,2025-12-04 15:15:52.117000+00:00,2025-12-04 15:17:11.383000+00:00,0.6222222222222222,0.634101507137272,0.6222222222222222,0.6222222222222222,0.7671232876712328,0.6256983240223464,0.7671232876712328,1.0,0.6589186242339331,0.6222222222222222,0.4166228991596639,0.5761191644967445,1.0,0.6652028504345152,0.6739726493755976,0.5413602941176472,1.0,,,,,,,,,,,,b7444bc36067472980fc42bc7ac46a2c,LOCAL,/home/pborole/timeseries-classification/timeseries-classification/src/modeling/hpo.py,trial_3_fold_0,pborole,1da1e8bdaf2011059296e17a025e975cf8ec7719,21.0,
b7444bc36067472980fc42bc7ac46a2c,259476623550462286,FINISHED,file:///home/pborole/timeseries-classification/timeseries-classification/mlruns/259476623550462286/b7444bc36067472980fc42bc7ac46a2c/artifacts,2025-12-04 15:15:51.807000+00:00,2025-12-04 15:29:32.951000+00:00,,,,,,,,,,,,,,,,,,0.773701293405728,,f1,1.1527987128232396e-05,250.0,20.0,timesfm,0.3540362888980227,"[20, 10]",121.0,5.0,,LOCAL,/home/pborole/timeseries-classification/timeseries-classification/src/modeling/hpo.py,trial_3,pborole,1da1e8bdaf2011059296e17a025e975cf8ec7719,,84.0
15f95f5782bf40a5a0cda9c5fb5b6748,259476623550462286,FINISHED,file:///home/pborole/timeseries-classification/timeseries-classification/mlruns/259476623550462286/15f95f5782bf40a5a0cda9c5fb5b6748/artifacts,2025-12-04 15:13:13.999000+00:00,2025-12-04 15:15:51.663000+00:00,0.7950819672131147,0.8384907154539396,0.7206703910614525,0.776536312849162,0.8290598290598291,0.8326359832635983,0.7844827586206896,21.0,0.4140032720200021,0.7583333333333333,0.8175639658848615,0.866316049064558,0.8660714285714286,0.614056879248699,0.5447120290228774,0.7707889125799574,0.8125,,,,,,,,,,,,a4ed9b282092466e8aeaa880106eca64,LOCAL,/home/pborole/timeseries-classification/timeseries-classification/src/modeling/hpo.py,trial_2_fold_4,pborole,1da1e8bdaf2011059296e17a025e975cf8ec7719,41.0,
c9523ec0e980442bb212c0e97ecb934e,259476623550462286,FINISHED,file:///home/pborole/timeseries-classification/timeseries-classification/mlruns/259476623550462286/c9523ec0e980442bb212c0e97ecb934e/artifacts,2025-12-04 15:11:25.206000+00:00,2025-12-04 15:13:13.981000+00:00,0.7786885245901639,0.8303619831942195,0.7541899441340782,0.7541899441340782,0.811965811965812,0.7712691771269177,0.7981651376146789,8.0,0.4606231636831451,0.8207547169811321,0.7862473347547976,0.8680153193672198,0.8482142857142857,0.5861091936766768,0.5594040719823464,0.7746535181236673,0.7767857142857143,,,,,,,,,,,,a4ed9b282092466e8aeaa880106eca64,LOCAL,/home/pborole/timeseries-classification/timeseries-classification/src/modeling/hpo.py,trial_2_fold_3,pborole,1da1e8bdaf2011059296e17a025e975cf8ec7719,28.0,
e08ea76b99804f87a189f67905897f5c,259476623550462286,FINISHED,file:///home/pborole/timeseries-classification/timeseries-classification/mlruns/259476623550462286/e08ea76b99804f87a189f67905897f5c/artifacts,2025-12-04 15:08:51.795000+00:00,2025-12-04 15:11:25.139000+00:00,0.792,0.7957168000741023,0.7374301675977654,0.7821229050279329,0.8354430379746836,0.8354253835425384,0.7911111111111111,19.0,0.3511976293772667,0.7876106194690266,0.7981076759061834,0.828237464465025,0.8839285714285714,0.7211699435830782,0.5762224876680854,0.7707889125799573,0.7946428571428571,,,,,,,,,,,,a4ed9b282092466e8aeaa880106eca64,LOCAL,/home/pborole/timeseries-classification/timeseries-classification/src/modeling/hpo.py,trial_2_fold_2,pborole,1da1e8bdaf2011059296e17a025e975cf8ec7719,39.0,
2815005bfbbd49669ec61ad0025376f4,259476623550462286,FINISHED,file:///home/pborole/timeseries-classification/timeseries-classification/mlruns/259476623550462286/2815005bfbbd49669ec61ad0025376f4/artifacts,2025-12-04 15:04:13.235000+00:00,2025-12-04 15:08:51.761000+00:00,0.8,0.7751738604504759,0.7486033519553073,0.7932960893854749,0.8438818565400844,0.891213389121339,0.810126582278481,52.0,0.2556497933475542,0.768,0.7740538379530917,0.797387671088867,0.8928571428571429,1.1094651448660056,0.7123069626658989,0.7255463752665245,0.8571428571428571,,,,,,,,,,,,a4ed9b282092466e8aeaa880106eca64,LOCAL,/home/pborole/timeseries-classification/timeseries-classification/src/modeling/hpo.py,trial_2_fold_1,pborole,1da1e8bdaf2011059296e17a025e975cf8ec7719,72.0,
a7ebcd7c807648899cc712b42e49295d,259476623550462286,FINISHED,file:///home/pborole/timeseries-classification/timeseries-classification/mlruns/259476623550462286/a7ebcd7c807648899cc712b42e49295d/artifacts,2025-12-04 15:01:15.378000+00:00,2025-12-04 15:04:13.221000+00:00,0.7608695652173914,0.7148453740080658,0.6888888888888889,0.7777777777777778,0.84,0.7667597765363129,0.7894736842105263,26.0,0.5304150185544517,0.6818181818181818,0.7829569327731093,0.8302833888124816,0.9375,0.7713969118065305,0.5633479903141657,0.6574973739495799,0.9375,,,,,,,,,,,,a4ed9b282092466e8aeaa880106eca64,LOCAL,/home/pborole/timeseries-classification/timeseries-classification/src/modeling/hpo.py,trial_2_fold_0,pborole,1da1e8bdaf2011059296e17a025e975cf8ec7719,46.0,
a4ed9b282092466e8aeaa880106eca64,259476623550462286,FINISHED,file:///home/pborole/timeseries-classification/timeseries-classification/mlruns/259476623550462286/a4ed9b282092466e8aeaa880106eca64/artifacts,2025-12-04 15:01:14.919000+00:00,2025-12-04 15:15:51.697000+00:00,,,,,,,,,,,,,,,,,,0.8320701071080817,,f1,0.0039676050770529,250.0,20.0,timesfm,0.0290418060840997,"[20, 10]",55.0,5.0,,LOCAL,/home/pborole/timeseries-classification/timeseries-classification/src/modeling/hpo.py,trial_2,pborole,1da1e8bdaf2011059296e17a025e975cf8ec7719,,75.0
0c11b1f9fb4d44e8b2dff3d262586dda,259476623550462286,FINISHED,file:///home/pborole/timeseries-classification/timeseries-classification/mlruns/259476623550462286/0c11b1f9fb4d44e8b2dff3d262586dda/artifacts,2025-12-04 14:55:02.328000+00:00,2025-12-04 15:01:14.765000+00:00,0.7318840579710145,0.8550383107166815,0.7318435754189944,0.7318435754189944,0.808,0.7419804741980475,0.8016528925619835,71.0,0.5570977890508112,0.7461538461538462,0.8075692963752666,0.8539415221536234,0.9017857142857144,0.5490115612911779,0.5638872308438051,0.8131663113006397,0.8660714285714286,,,,,,,,,,,,1984106aed5f4ee3a89178121bfddbb9,LOCAL,/home/pborole/timeseries-classification/timeseries-classification/src/modeling/hpo.py,trial_1_fold_4,pborole,1da1e8bdaf2011059296e17a025e975cf8ec7719,91.0,
4c4a70892dab4d839120f0f00dcac85a,259476623550462286,FINISHED,file:///home/pborole/timeseries-classification/timeseries-classification/mlruns/259476623550462286/4c4a70892dab4d839120f0f00dcac85a/artifacts,2025-12-04 14:50:11.220000+00:00,2025-12-04 14:55:02.268000+00:00,0.7384615384615385,0.818610816814388,0.7318435754189944,0.7206703910614525,0.7933884297520661,0.7601115760111576,0.7931034482758621,51.0,0.5321001629117809,0.7666666666666667,0.7586620469083155,0.8184180094415692,0.8571428571428571,0.5667904560459393,0.5771816605962189,0.7625266524520256,0.8214285714285714,,,,,,,,,,,,1984106aed5f4ee3a89178121bfddbb9,LOCAL,/home/pborole/timeseries-classification/timeseries-classification/src/modeling/hpo.py,trial_1_fold_3,pborole,1da1e8bdaf2011059296e17a025e975cf8ec7719,71.0,
494bfd6ccd4a464b8f2bb28c23b47dd4,259476623550462286,FINISHED,file:///home/pborole/timeseries-classification/timeseries-classification/mlruns/259476623550462286/494bfd6ccd4a464b8f2bb28c23b47dd4/artifacts,2025-12-04 14:48:45.086000+00:00,2025-12-04 14:50:11.206000+00:00,0.0,0.6181894061961302,0.3743016759776536,0.3743016759776536,0.0,0.4504881450488145,0.0,1.0,0.6991341845593526,0.0,0.5194562899786781,0.6051660571537316,0.0,0.7025340003008284,0.7439386172001589,0.5090618336886993,0.0,,,,,,,,,,,,1984106aed5f4ee3a89178121bfddbb9,LOCAL,/home/pborole/timeseries-classification/timeseries-classification/src/modeling/hpo.py,trial_1_fold_2,pborole,1da1e8bdaf2011059296e17a025e975cf8ec7719,21.0,
26def0a09bc84255913ec13defec6690,259476623550462286,FINISHED,file:///home/pborole/timeseries-classification/timeseries-classification/mlruns/259476623550462286/26def0a09bc84255913ec13defec6690/artifacts,2025-12-04 14:46:17.739000+00:00,2025-12-04 14:48:45.062000+00:00,0.6708860759493671,0.7923166466113932,0.6759776536312849,0.6759776536312849,0.7851851851851852,0.702928870292887,0.7751937984496124,16.0,0.6170880378040808,0.684931506849315,0.6548507462686567,0.7308608192348685,0.9464285714285714,0.6260735612341811,0.6502691404113556,0.7221481876332623,0.8928571428571429,,,,,,,,,,,,1984106aed5f4ee3a89178121bfddbb9,LOCAL,/home/pborole/timeseries-classification/timeseries-classification/src/modeling/hpo.py,trial_1_fold_1,pborole,1da1e8bdaf2011059296e17a025e975cf8ec7719,36.0,
f47cc00d755b4fe8bab6413ed8e7e4b4,259476623550462286,FINISHED,file:///home/pborole/timeseries-classification/timeseries-classification/mlruns/259476623550462286/f47cc00d755b4fe8bab6413ed8e7e4b4/artifacts,2025-12-04 14:41:34.045000+00:00,2025-12-04 14:46:17.657000+00:00,0.7222222222222222,0.8362609419679746,0.7166666666666667,0.7333333333333333,0.8125,0.7388268156424581,0.8015564202334631,49.0,0.5404510934259639,0.7103448275862069,0.7698266806722689,0.82251614045256,0.9285714285714286,0.5536910706096225,0.5675800800323486,0.7888655462184875,0.9196428571428572,,,,,,,,,,,,1984106aed5f4ee3a89178121bfddbb9,LOCAL,/home/pborole/timeseries-classification/timeseries-classification/src/modeling/hpo.py,trial_1_fold_0,pborole,1da1e8bdaf2011059296e17a025e975cf8ec7719,69.0,
1984106aed5f4ee3a89178121bfddbb9,259476623550462286,FINISHED,file:///home/pborole/timeseries-classification/timeseries-classification/mlruns/259476623550462286/1984106aed5f4ee3a89178121bfddbb9/artifacts,2025-12-04 14:41:33.635000+00:00,2025-12-04 15:01:14.826000+00:00,,,,,,,,,,,,,,,,,,0.6398147229874503,,f1,2.9380279387035334e-05,250.0,20.0,timesfm,0.2993292420985183,"[20, 10]",22.0,5.0,,LOCAL,/home/pborole/timeseries-classification/timeseries-classification/src/modeling/hpo.py,trial_1,pborole,1da1e8bdaf2011059296e17a025e975cf8ec7719,,63.0
06b22b70faed4f60b7cfd8c3d1c4ce39,259476623550462286,FINISHED,file:///home/pborole/timeseries-classification/timeseries-classification/mlruns/259476623550462286/06b22b70faed4f60b7cfd8c3d1c4ce39/artifacts,2025-12-04 14:38:59.333000+00:00,2025-12-04 14:41:33.498000+00:00,0.7936507936507936,0.8134109368995512,0.7486033519553073,0.7877094972067039,0.8403361344537815,0.810320781032078,0.8117154811715481,21.0,0.4283924525086683,0.7637795275590551,0.8226279317697228,0.8467148432356939,0.8928571428571429,0.6279397843270328,0.5506540884851744,0.7811833688699361,0.8660714285714286,,,,,,,,,,,,bd01bf047c9b4c5caa4be25fe333e9f0,LOCAL,/home/pborole/timeseries-classification/timeseries-classification/src/modeling/hpo.py,trial_0_fold_4,pborole,1da1e8bdaf2011059296e17a025e975cf8ec7719,41.0,
2614d1b9e3444cef9f82a10bf4a84229,259476623550462286,FINISHED,file:///home/pborole/timeseries-classification/timeseries-classification/mlruns/259476623550462286/2614d1b9e3444cef9f82a10bf4a84229/artifacts,2025-12-04 14:35:47.023000+00:00,2025-12-04 14:38:59.319000+00:00,0.8103448275862069,0.8397756110065269,0.7374301675977654,0.776536312849162,0.8245614035087719,0.8661087866108786,0.7892376681614349,31.0,0.3267851882566135,0.7927927927927928,0.8103678038379531,0.8502280943806104,0.8392857142857143,0.732278557796052,0.6727485272138478,0.7927771855010661,0.7857142857142857,,,,,,,,,,,,bd01bf047c9b4c5caa4be25fe333e9f0,LOCAL,/home/pborole/timeseries-classification/timeseries-classification/src/modeling/hpo.py,trial_0_fold_3,pborole,1da1e8bdaf2011059296e17a025e975cf8ec7719,51.0,
afee5d62130640f3ba40cfcfba13c1bd,259476623550462286,FINISHED,file:///home/pborole/timeseries-classification/timeseries-classification/mlruns/259476623550462286/afee5d62130640f3ba40cfcfba13c1bd/artifacts,2025-12-04 14:32:50.578000+00:00,2025-12-04 14:35:46.958000+00:00,0.7967479674796748,0.8431240878062352,0.7374301675977654,0.7821229050279329,0.8340425531914893,0.7447698744769874,0.7853881278538812,26.0,0.5090380048319552,0.8037383177570093,0.8101012793176973,0.8473698851676089,0.875,0.5177231046407582,0.5163876842187104,0.7940431769722816,0.7678571428571429,,,,,,,,,,,,bd01bf047c9b4c5caa4be25fe333e9f0,LOCAL,/home/pborole/timeseries-classification/timeseries-classification/src/modeling/hpo.py,trial_0_fold_2,pborole,1da1e8bdaf2011059296e17a025e975cf8ec7719,46.0,
f384fcbb68394b28829a4392b71b9fb3,259476623550462286,FINISHED,file:///home/pborole/timeseries-classification/timeseries-classification/mlruns/259476623550462286/f384fcbb68394b28829a4392b71b9fb3/artifacts,2025-12-04 14:29:10.743000+00:00,2025-12-04 14:32:50.540000+00:00,0.7923076923076923,0.8628835081159286,0.770949720670391,0.7988826815642458,0.8512396694214877,0.7894002789400278,0.8225108225108225,39.0,0.4309147425110203,0.7983193277310925,0.7964418976545843,0.8167871046204562,0.9196428571428572,0.5317697508375072,0.5970408313767204,0.826292643923241,0.8482142857142857,,,,,,,,,,,,bd01bf047c9b4c5caa4be25fe333e9f0,LOCAL,/home/pborole/timeseries-classification/timeseries-classification/src/modeling/hpo.py,trial_0_fold_1,pborole,1da1e8bdaf2011059296e17a025e975cf8ec7719,59.0,
cd7a04db3cc64366a5b3ede3ea2402ab,259476623550462286,FINISHED,file:///home/pborole/timeseries-classification/timeseries-classification/mlruns/259476623550462286/cd7a04db3cc64366a5b3ede3ea2402ab/artifacts,2025-12-04 14:25:43.410000+00:00,2025-12-04 14:29:10.728000+00:00,0.7642857142857142,0.8299101052761574,0.7611111111111111,0.7888888888888889,0.8492063492063492,0.835195530726257,0.8273092369477911,34.0,0.3673385658910155,0.7518248175182481,0.8365283613445378,0.859799821341314,0.9553571428571428,0.681483574046029,0.5292806408471531,0.7993697478991597,0.9196428571428572,,,,,,,,,,,,bd01bf047c9b4c5caa4be25fe333e9f0,LOCAL,/home/pborole/timeseries-classification/timeseries-classification/src/modeling/hpo.py,trial_0_fold_0,pborole,1da1e8bdaf2011059296e17a025e975cf8ec7719,54.0,
bd01bf047c9b4c5caa4be25fe333e9f0,259476623550462286,FINISHED,file:///home/pborole/timeseries-classification/timeseries-classification/mlruns/259476623550462286/bd01bf047c9b4c5caa4be25fe333e9f0/artifacts,2025-12-04 14:25:42.999000+00:00,2025-12-04 14:41:33.549000+00:00,,,,,,,,,,,,,,,,,,0.8398772219563758,,f1,0.0071144760093434,250.0,20.0,timesfm,0.1872700594236812,"[20, 10]",73.0,5.0,,LOCAL,/home/pborole/timeseries-classification/timeseries-classification/src/modeling/hpo.py,trial_0,pborole,1da1e8bdaf2011059296e17a025e975cf8ec7719,,56.0
